2019-12-27,1.0,1.0,1455565.0
2019-12-30,1.010566762728146,1.010566762728146,361518.0
2019-12-31,1.0182516810758886,1.0182516810758886,235884.0
2020-01-02,1.0317002881844382,1.0317002881844382,244471.0
2020-01-03,1.0307396733909702,1.0307396733909702,269820.0
2020-01-06,1.0278578290105669,1.0278578290105669,217894.0
2020-01-07,1.0345821325648414,1.0345821325648414,97988.0
2020-01-08,1.0240153698366956,1.0240153698366956,175326.0
2020-01-09,1.0365033621517772,1.0365033621517772,129193.0
2020-01-10,1.032660902977906,1.032660902977906,85726.0
2020-01-13,1.0403458213256485,1.0403458213256485,117478.0
2020-01-14,1.0403458213256485,1.0403458213256485,86456.0
2020-01-15,1.0365033621517772,1.0365033621517772,80534.0
2020-01-16,1.0317002881844382,1.0317002881844382,116013.0
2020-01-17,1.032660902977906,1.032660902977906,64535.0
2020-01-20,1.033621517771374,1.033621517771374,70999.0
2020-01-21,1.016330451488953,1.016330451488953,136658.0
2020-01-22,1.0182516810758888,1.0182516810758888,94506.0
2020-01-23,0.9990393852065325,0.9990393852065325,224061.0
2020-02-03,0.9029779058597504,0.9029779058597504,238207.0
2020-02-04,0.9289145052833816,0.9289145052833816,115936.0
2020-02-05,0.9365994236311241,0.9365994236311241,111437.0
2020-02-06,0.9490874159462058,0.9490874159462058,102238.0
2020-02-07,0.9490874159462058,0.9490874159462058,95642.0
2020-02-10,0.9634966378482231,0.9634966378482231,54305.0
2020-02-11,0.96926032660903,0.96926032660903,204797.0
2020-02-12,0.9731027857829014,0.9731027857829014,130623.0
2020-02-13,0.9682997118155625,0.9682997118155625,151507.0
2020-02-14,0.9731027857829015,0.9731027857829015,131365.0
2020-02-17,0.9951969260326615,0.9951969260326615,104905.0
2020-02-18,0.9961575408261293,0.9961575408261293,89493.0
2020-02-19,0.9903938520653224,0.9903938520653224,92992.0
2020-02-20,1.0048030739673397,1.0048030739673397,76674.0
2020-02-21,1.008645533141211,1.008645533141211,83482.0
2020-02-24,1.0009606147934684,1.0009606147934684,115223.0
2020-02-25,0.9903938520653224,0.9903938520653224,115418.0
2020-02-26,0.9923150816522581,0.9923150816522581,179817.0
2020-02-27,0.9942363112391939,0.9942363112391939,91906.0
2020-02-28,0.9682997118155627,0.9682997118155627,140702.0
2020-03-02,1.0028818443804044,1.0028818443804044,183756.0
2020-03-03,1.0028818443804044,1.0028818443804044,195453.0
2020-03-04,1.015369836695486,1.015369836695486,168558.0
2020-03-05,1.0288184438040355,1.0288184438040355,161038.0
2020-03-06,1.0172910662824217,1.0172910662824217,74411.0
2020-03-09,0.9875120076849193,0.9875120076849193,136810.0
2020-03-10,1.0067243035542757,1.0067243035542757,167050.0
2020-03-11,0.9951969260326619,0.9951969260326619,57801.0
2020-03-12,0.9807877041306444,0.9807877041306444,174477.0
2020-03-13,0.9634966378482237,0.9634966378482237,127681.0
2020-03-16,0.9346781940441892,0.9346781940441892,75008.0
2020-03-17,0.9308357348703179,0.9308357348703179,62655.0
2020-03-18,0.9202689721421718,0.9202689721421718,104919.0
2020-03-19,0.9116234390009614,0.9116234390009614,85216.0
2020-03-20,0.9241114313160431,0.9241114313160431,70246.0
2020-03-23,0.8962536023054765,0.8962536023054765,111802.0
2020-03-24,0.9183477425552362,0.9183477425552362,86706.0
2020-03-25,0.9365994236311248,0.9365994236311248,86423.0
2020-03-26,0.9279538904899144,0.9279538904899144,58227.0
2020-03-27,0.9337175792507212,0.9337175792507212,97717.0
2020-03-30,0.9221902017291073,0.9221902017291073,62879.0
2020-03-31,0.9221902017291073,0.9221902017291073,59951.0
2020-04-01,0.9154658981748325,0.9154658981748325,56259.0
2020-04-02,0.9279538904899142,0.9279538904899142,61184.0
2020-04-03,0.9212295869356394,0.9212295869356394,34596.0
2020-04-07,0.9394812680115281,0.9394812680115281,107231.0
2020-04-08,0.9404418828049959,0.9404418828049959,70300.0
2020-04-09,0.9433237271853993,0.9433237271853993,48957.0
2020-04-10,0.9346781940441888,0.9346781940441888,64086.0
2020-04-13,0.9317963496637854,0.9317963496637854,24911.0
2020-04-14,0.9433237271853993,0.9433237271853993,55682.0
2020-04-15,0.9385206532180601,0.9385206532180601,33322.0
2020-04-16,0.9346781940441888,0.9346781940441888,21713.0
2020-04-17,0.939481268011528,0.939481268011528,82078.0
2020-04-20,0.9433237271853991,0.9433237271853991,47604.0
2020-04-21,0.93852065321806,0.93852065321806,79352.0
2020-04-22,0.9414024975984634,0.9414024975984634,17824.0
2020-04-23,0.9394812680115278,0.9394812680115278,70715.0
2020-04-24,0.9337175792507209,0.9337175792507209,73840.0
2020-04-27,0.9404418828049957,0.9404418828049957,81256.0
2020-04-28,0.9356388088376566,0.9356388088376566,58149.0
2020-04-29,0.943323727185399,0.943323727185399,84856.0
2020-04-30,0.9548511047070128,0.9548511047070128,110222.0
2020-05-06,0.9548511047070128,0.9548511047070128,117913.0
2020-05-07,0.9558117195004807,0.9558117195004807,71798.0
2020-05-08,0.9625360230547554,0.9625360230547554,73103.0
2020-05-11,0.9663784822286268,0.9663784822286268,125452.0
2020-05-12,0.9654178674351589,0.9654178674351589,108088.0
2020-05-13,0.9663784822286269,0.9663784822286269,22905.0
2020-05-14,0.9577329490874165,0.9577329490874165,63782.0
2020-05-15,0.9529298751200774,0.9529298751200774,78338.0
2020-05-18,0.9548511047070131,0.9548511047070131,126260.0
2020-05-19,0.9615754082612878,0.9615754082612878,101680.0
2020-05-20,0.9548511047070132,0.9548511047070132,110324.0
2020-05-21,0.9500480307396741,0.9500480307396741,75575.0
2020-05-22,0.9365994236311246,0.9365994236311246,103417.0
2020-05-25,0.939481268011528,0.939481268011528,14707.0
2020-05-26,0.9481268011527383,0.9481268011527383,70306.0
2020-05-27,0.9500480307396738,0.9500480307396738,101543.0
2020-05-28,0.949087415946206,0.949087415946206,105797.0
2020-05-29,0.9471661863592704,0.9471661863592704,68211.0
2020-06-01,0.965417867435159,0.965417867435159,159962.0
2020-06-02,0.9692603266090302,0.9692603266090302,102280.0
2020-06-03,0.9702209414024981,0.9702209414024981,60470.0
2020-06-04,0.9721421709894338,0.9721421709894338,79820.0
2020-06-05,0.9702209414024981,0.9702209414024981,141859.0
2020-06-08,0.971181556195966,0.971181556195966,101100.0
2020-06-09,0.9759846301633053,0.9759846301633053,101898.0
2020-06-10,0.9731027857829018,0.9731027857829018,126649.0
2020-06-11,0.9654178674351592,0.9654178674351592,83212.0
2020-06-12,0.9654178674351592,0.9654178674351592,83082.0
2020-06-15,0.9586935638808846,0.9586935638808846,109278.0
2020-06-16,0.9759846301633053,0.9759846301633053,106648.0
2020-06-17,0.9769452449567732,0.9769452449567732,88277.0
2020-06-18,0.9875120076849193,0.9875120076849193,115941.0
2020-06-19,0.989433237271855,0.989433237271855,37603.0
2020-06-22,0.9855907780979837,0.9855907780979837,80437.0
2020-06-23,0.9875120076849194,0.9875120076849194,77003.0
2020-06-24,0.9903938520653228,0.9903938520653228,63560.0
2020-06-29,0.9846301633045158,0.9846301633045158,96588.0
2020-06-30,0.994236311239194,0.994236311239194,73765.0
2020-07-01,1.011527377521615,1.011527377521615,194745.0
2020-07-02,1.0336215177713748,1.0336215177713748,137587.0
2020-07-03,1.0461095100864564,1.0461095100864564,167005.0
2020-07-06,1.1085494716618647,1.1085494716618647,175308.0
2020-07-07,1.096061479346783,1.096061479346783,169878.0
2020-07-08,1.113352545629204,1.113352545629204,84189.0
2020-07-09,1.1268011527377535,1.1268011527377535,111079.0
2020-07-10,1.1066282420749292,1.1066282420749292,104173.0
2020-07-13,1.1412103746397706,1.1412103746397706,69000.0
2020-07-14,1.1373679154658993,1.1373679154658993,58227.0
2020-07-15,1.1239193083573498,1.1239193083573498,72051.0
2020-07-16,1.0970220941402509,1.0970220941402509,94384.0
2020-07-17,1.1114313160422682,1.1114313160422682,47336.0
2020-07-20,1.1623439000960627,1.1623439000960627,185598.0
2020-07-21,1.1652257444764664,1.1652257444764664,122098.0
2020-07-22,1.1633045148895307,1.1633045148895307,95909.0
2020-07-23,1.1527377521613844,1.1527377521613844,137892.0
2020-07-24,1.1114313160422682,1.1114313160422682,147885.0
2020-07-27,1.1095100864553324,1.1095100864553324,42517.0
2020-07-28,1.117195004803075,1.117195004803075,62356.0
2020-07-29,1.1364073006724316,1.1364073006724316,83618.0
2020-07-30,1.134486071085496,1.134486071085496,112785.0
2020-07-31,1.1469740634005776,1.1469740634005776,64239.0
2020-08-03,1.1681075888568697,1.1681075888568697,40553.0
2020-08-04,1.172910662824209,1.172910662824209,62025.0
2020-08-05,1.171950048030741,1.171950048030741,23862.0
2020-08-06,1.1738712776176765,1.1738712776176765,48483.0
2020-08-07,1.1690682036503375,1.1690682036503375,88744.0
2020-08-10,1.1853986551392903,1.1853986551392903,83964.0
2020-08-11,1.1748318924111445,1.1748318924111445,56025.0
2020-08-12,1.1719500480307408,1.1719500480307408,210680.0
2020-08-13,1.1738712776176763,1.1738712776176763,43517.0
2020-08-14,1.1834774255523544,1.1834774255523544,91517.0
2020-08-17,1.2074927953890497,1.2074927953890497,97996.0
2020-08-18,1.2103746397694535,1.2103746397694535,141152.0
2020-08-19,1.2094140249759855,1.2094140249759855,138226.0
2020-08-20,1.1902017291066294,1.1902017291066294,94202.0
2020-08-21,1.1902017291066294,1.1902017291066294,85554.0
2020-08-24,1.1998078770413076,1.1998078770413076,101888.0
2020-08-25,1.1969260326609041,1.1969260326609041,60815.0
2020-08-26,1.181556195965419,1.181556195965419,57061.0
2020-08-27,1.1853986551392903,1.1853986551392903,50937.0
2020-08-28,1.208453410182518,1.208453410182518,110389.0
2020-08-31,1.2036503362151787,1.2036503362151787,72224.0
2020-09-01,1.2055715658021144,1.2055715658021144,79467.0
2020-09-02,1.2084534101825182,1.2084534101825182,60510.0
2020-09-03,1.2065321805955824,1.2065321805955824,63728.0
2020-09-04,1.203650336215179,1.203650336215179,62803.0
2020-09-07,1.1902017291066296,1.1902017291066296,62178.0
2020-09-08,1.1978866474543721,1.1978866474543721,38483.0
2020-09-09,1.1796349663784835,1.1796349663784835,57350.0
2020-09-10,1.1681075888568697,1.1681075888568697,74005.0
2020-09-11,1.1738712776176765,1.1738712776176765,90949.0
2020-09-14,1.1796349663784835,1.1796349663784835,83045.0
2020-09-15,1.1844380403458228,1.1844380403458228,98380.0
2020-09-16,1.1853986551392903,1.1853986551392903,163399.0
2020-09-17,1.1921229586935653,1.1921229586935653,265662.0
2020-09-18,1.2122958693563894,1.2122958693563894,75906.0
2020-09-21,1.204610951008647,1.204610951008647,69440.0
2020-09-22,1.1892411143131618,1.1892411143131618,25211.0
2020-09-23,1.1902017291066296,1.1902017291066296,28779.0
2020-09-24,1.170989433237273,1.170989433237273,273843.0
2020-09-25,1.1642651296829982,1.1642651296829982,25063.0
2020-09-28,1.1633045148895305,1.1633045148895305,102851.0
2020-09-29,1.167146974063402,1.167146974063402,119730.0
2020-09-30,1.161383285302595,1.161383285302595,84061.0
2020-10-09,1.1882804995196938,1.1882804995196938,27287.0
2020-10-12,1.2170989433237283,1.2170989433237283,105192.0
2020-10-13,1.219980787704132,1.219980787704132,110840.0
2020-10-14,1.219980787704132,1.219980787704132,111153.0
2020-10-15,1.2170989433237285,1.2170989433237285,81344.0
2020-10-16,1.2209414024975995,1.2209414024975995,106090.0
2020-10-19,1.214217098943325,1.214217098943325,163353.0
2020-10-20,1.214217098943325,1.214217098943325,62446.0
2020-10-21,1.2113352545629215,1.2113352545629215,70175.0
2020-10-22,1.2017291066282434,1.2017291066282434,52442.0
2020-10-23,1.1950048030739688,1.1950048030739688,67192.0
2020-10-26,1.1950048030739688,1.1950048030739688,34425.0
2020-10-27,1.1921229586935655,1.1921229586935655,33797.0
2020-10-28,1.1930835734870333,1.1930835734870333,181637.0
2020-10-29,1.2017291066282434,1.2017291066282434,44989.0
2020-10-30,1.187319884726226,1.187319884726226,95146.0
2020-11-02,1.1959654178674366,1.1959654178674366,91448.0
2020-11-03,1.2113352545629215,1.2113352545629215,25011.0
2020-11-04,1.2180595581171965,1.2180595581171965,130581.0
2020-11-05,1.237271853986553,1.237271853986553,44277.0
2020-11-06,1.2411143131604243,1.2411143131604243,28823.0
2020-11-09,1.2632084534101842,1.2632084534101842,31964.0
2020-11-10,1.2574447646493774,1.2574447646493774,47132.0
2020-11-11,1.26512968299712,1.26512968299712,55639.0
2020-11-12,1.2718539865513947,1.2718539865513947,21557.0
2020-11-13,1.26512968299712,1.26512968299712,69769.0
2020-11-16,1.2910662824207513,1.2910662824207513,82162.0
2020-11-17,1.301633045148897,1.301633045148897,38906.0
2020-11-18,1.3054755043227684,1.3054755043227684,100231.0
2020-11-19,1.301633045148897,1.301633045148897,200837.0
2020-11-20,1.308357348703172,1.308357348703172,157884.0
2020-11-23,1.3285302593659964,1.3285302593659964,246177.0
2020-11-24,1.3227665706051894,1.3227665706051894,125061.0
2020-11-25,1.308357348703172,1.308357348703172,128707.0
2020-11-26,1.3006724303554296,1.3006724303554296,75438.0
2020-11-27,1.308357348703172,1.308357348703172,61584.0
2020-11-30,1.2958693563880905,1.2958693563880905,258948.0
2020-12-01,1.3089386361654725,1.3089386361654725,36620.0
2020-12-02,1.3149706114473412,1.3149706114473412,112731.0
2020-12-03,1.306927977738183,1.306927977738183,67353.0
2020-12-04,1.302906660883604,1.302906660883604,62794.0
2020-12-07,1.2908427103198667,1.2908427103198667,70624.0
2020-12-08,1.2878267226789324,1.2878267226789324,41720.0
2020-12-09,1.2717414552606163,1.2717414552606163,46753.0
2020-12-10,1.2737521136879058,1.2737521136879058,26389.0
2020-12-11,1.2586721754832346,1.2586721754832346,48319.0
2020-12-14,1.260682833910524,1.260682833910524,34534.0
2020-12-15,1.2536455294150108,1.2536455294150108,42711.0
2020-12-16,1.248618883346787,1.248618883346787,29532.0
2020-12-17,1.2647041507651031,1.2647041507651031,80233.0
2020-12-18,1.2687254676196822,1.2687254676196822,31698.0
2020-12-21,1.2717414552606163,1.2717414552606163,58553.0
2020-12-22,1.245602895705853,1.245602895705853,89979.0
2020-12-23,1.245602895705853,1.245602895705853,130159.0
2020-12-24,1.2345442743557604,1.2345442743557604,64922.0
2020-12-25,1.244597566492208,1.244597566492208,45125.0
2020-12-28,1.2355496035694051,1.2355496035694051,128327.0
2020-12-29,1.2244909822193126,1.2244909822193126,48812.0
2020-12-30,1.2285122990738917,1.2285122990738917,191517.0
2020-12-31,1.2385655912103393,1.2385655912103393,93555.0
2021-01-04,1.2466082249194974,1.2466082249194974,66375.0
2021-01-05,1.248618883346787,1.248618883346787,60820.0
2021-01-06,1.2536455294150108,1.2536455294150108,74376.0
2021-01-07,1.2435922372785633,1.2435922372785633,123195.0
2021-01-08,1.2496242125604318,1.2496242125604318,99322.0
2021-01-11,1.2375602619966948,1.2375602619966948,86012.0
2021-01-12,1.2435922372785633,1.2435922372785633,102955.0
2021-01-13,1.2435922372785633,1.2435922372785633,64984.0
2021-01-14,1.2395709204239842,1.2395709204239842,110685.0
2021-01-15,1.2466082249194972,1.2466082249194972,107111.0
2021-01-18,1.2556561878423,1.2556561878423,102120.0
2021-01-19,1.266714809192392,1.266714809192392,132565.0
2021-01-20,1.262693492337813,1.262693492337813,122166.0
2021-01-21,1.266714809192392,1.266714809192392,108037.0
2021-01-22,1.2536455294150104,1.2536455294150104,66395.0
2021-01-25,1.235549603569405,1.235549603569405,183960.0
2021-01-26,1.2295176282875364,1.2295176282875364,113229.0
2021-01-27,1.2335389451421153,1.2335389451421153,41818.0
2021-01-28,1.2134323608692201,1.2134323608692201,77234.0
2021-01-29,1.2084057148009963,1.2084057148009963,103941.0
2021-02-01,1.2174536777237992,1.2174536777237992,108662.0
2021-02-02,1.2254963114329571,1.2254963114329571,72259.0
2021-02-03,1.217453677723799,1.217453677723799,76576.0
2021-02-04,1.209411044014641,1.209411044014641,130455.0
2021-02-05,1.2114217024419307,1.2114217024419307,80658.0
2021-02-08,1.2214749945783783,1.2214749945783783,86619.0
2021-02-09,1.2365549327830494,1.2365549327830494,79702.0
2021-02-10,1.246608224919497,1.246608224919497,114691.0
2021-02-18,1.2787787597561293,1.2787787597561293,130243.0
2021-02-19,1.3029066608836035,1.3029066608836035,105572.0
2021-02-22,1.31698126987463,1.31698126987463,135109.0
2021-02-23,1.304917319310893,1.304917319310893,98036.0
2021-02-24,1.2868213934652875,1.2868213934652875,156382.0
2021-02-25,1.3079333069518273,1.3079333069518273,89571.0
2021-02-26,1.2828000766107086,1.2828000766107086,149309.0
2021-03-01,1.3109492945927619,1.3109492945927619,92591.0
2021-03-02,1.2958693563880903,1.2958693563880903,73266.0
2021-03-03,1.327034562011078,1.327034562011078,113707.0
2021-03-04,1.3189919283019198,1.3189919283019198,104646.0
2021-03-05,1.3119546238064064,1.3119546238064064,123869.0
2021-03-08,1.2998906732426692,1.2998906732426692,113360.0
2021-03-09,1.2908427103198665,1.2908427103198665,161128.0
2021-03-10,1.280789418183419,1.280789418183419,100648.0
2021-03-11,1.3119546238064062,1.3119546238064062,88897.0
2021-03-12,1.3220079159428537,1.3220079159428537,119132.0
2021-03-15,1.3280398912247224,1.3280398912247224,137221.0
2021-03-16,1.3350771957202359,1.3350771957202359,81493.0
2021-03-17,1.3290452204383671,1.3290452204383671,98385.0
2021-03-18,1.3320612080793015,1.3320612080793015,116146.0
2021-03-19,1.3210025867292092,1.3210025867292092,61333.0
2021-03-22,1.3360825249338806,1.3360825249338806,99301.0
2021-03-23,1.3199972575155645,1.3199972575155645,160508.0
2021-03-24,1.3019013316699588,1.3019013316699588,169893.0
2021-03-25,1.2978800148153797,1.2978800148153797,42209.0
2021-03-26,1.312959953020051,1.312959953020051,33781.0
2021-03-29,1.326029232797433,1.326029232797433,109504.0
2021-03-30,1.3230132451564989,1.3230132451564989,106582.0
2021-03-31,1.3210025867292092,1.3210025867292092,122156.0
2021-04-01,1.3320612080793013,1.3320612080793013,133254.0
2021-04-02,1.321002586729209,1.321002586729209,98187.0
2021-04-06,1.332061208079301,1.332061208079301,127114.0
2021-04-07,1.3390985125748145,1.3390985125748145,104600.0
2021-04-08,1.3380931833611696,1.3380931833611696,103939.0
2021-04-09,1.341109171002104,1.341109171002104,108211.0
2021-04-12,1.344125158643038,1.344125158643038,105503.0
2021-04-13,1.3250239035837879,1.3250239035837879,92929.0
2021-04-14,1.3350771957202354,1.3350771957202354,62880.0
2021-04-15,1.3350771957202354,1.3350771957202354,86039.0
2021-04-16,1.353173121565841,1.353173121565841,120600.0
2021-04-19,1.3622210844886438,1.3622210844886438,174633.0
2021-04-20,1.3622210844886438,1.3622210844886438,125378.0
2021-04-21,1.3592050968477096,1.3592050968477096,115536.0
2021-04-22,1.3662424013432228,1.3662424013432228,102650.0
2021-04-23,1.3612157552749993,1.3612157552749993,117582.0
2021-04-26,1.3531731215658414,1.3531731215658414,148439.0
2021-04-27,1.3531731215658414,1.3531731215658414,123427.0
2021-04-28,1.3592050968477098,1.3592050968477098,332713.0
2021-04-29,1.3712690474114468,1.3712690474114468,158641.0
2021-04-30,1.3662424013432228,1.3662424013432228,139886.0
2021-05-06,1.3843383271888285,1.3843383271888285,101964.0
2021-05-07,1.3893649732570523,1.3893649732570523,114092.0
2021-05-10,1.3994182653935,1.3994182653935,114058.0
2021-05-11,1.387354314829763,1.387354314829763,156930.0
2021-05-12,1.3994182653935,1.3994182653935,86197.0
2021-05-13,1.3863489856161182,1.3863489856161182,106262.0
2021-05-14,1.3923809608979867,1.3923809608979867,103147.0
2021-05-17,1.390370302470697,1.390370302470697,140724.0
2021-05-18,1.39740760696621,1.39740760696621,101521.0
2021-05-19,1.398412936179855,1.398412936179855,100747.0
2021-05-20,1.382327668761539,1.382327668761539,174561.0
2021-05-21,1.3883596440434074,1.3883596440434074,81357.0
2021-05-24,1.3953969485389206,1.3953969485389206,99719.0
2021-05-25,1.4155035328118157,1.4155035328118157,105478.0
2021-05-26,1.4235461665209737,1.4235461665209737,138665.0
2021-05-27,1.4356101170847106,1.4356101170847106,121412.0
2021-05-28,1.4396314339392897,1.4396314339392897,131178.0
2021-05-31,1.4496847260757373,1.4496847260757373,111196.0
2021-06-01,1.4607433474258296,1.4607433474258296,106896.0
2021-06-02,1.4516953845030267,1.4516953845030267,137501.0
2021-06-03,1.454711372143961,1.454711372143961,135862.0
2021-06-04,1.4516953845030267,1.4516953845030267,169648.0
2021-06-07,1.4476740676484476,1.4476740676484476,225165.0
2021-06-08,1.4386261047256448,1.4386261047256448,149101.0
2021-06-09,1.445663409221158,1.445663409221158,126637.0
2021-06-10,1.4486793968620924,1.4486793968620924,159986.0
2021-06-11,1.4436527507938686,1.4436527507938686,195184.0
2021-06-15,1.4356101170847104,1.4356101170847104,156081.0
2021-06-16,1.4114822159572362,1.4114822159572362,200205.0
2021-06-17,1.4134928743845256,1.4134928743845256,154268.0
2021-06-18,1.4144982035981706,1.4144982035981706,141378.0
2021-06-21,1.4175798990308461,1.4175798990308461,133390.0
2021-06-22,1.4391517670595764,1.4391517670595764,208604.0
2021-06-23,1.456614707844739,1.456614707844739,206588.0
2021-06-24,1.4555874760338472,1.4555874760338472,214492.0
2021-06-25,1.4607236350883066,1.4607236350883066,178694.0
2021-06-28,1.4504513169793876,1.4504513169793876,152091.0
2021-06-29,1.4514785487902795,1.4514785487902795,164986.0
2021-06-30,1.456614707844739,1.456614707844739,140157.0
2021-07-01,1.4504513169793873,1.4504513169793873,148668.0
2021-07-02,1.4401789988704683,1.4401789988704683,189121.0
2021-07-05,1.4401789988704683,1.4401789988704683,145325.0
2021-07-06,1.442233462492252,1.442233462492252,113576.0
2021-07-07,1.4432606943031439,1.4432606943031439,113123.0
2021-07-08,1.425797753517981,1.425797753517981,129059.0
2021-07-09,1.4350428398160084,1.4350428398160084,85295.0
2021-07-12,1.4473696215467113,1.4473696215467113,138718.0
2021-07-13,1.4566147078447385,1.4566147078447385,108676.0
2021-07-14,1.4545602442229546,1.4545602442229546,123702.0
2021-07-15,1.4596964032774145,1.4596964032774145,205405.0
2021-07-16,1.4679142577645496,1.4679142577645496,179839.0
2021-07-19,1.4627780987100898,1.4627780987100898,155227.0
2021-07-20,1.4566147078447382,1.4566147078447382,178329.0
2021-07-21,1.4576419396556304,1.4576419396556304,157413.0
2021-07-22,1.4720231850081174,1.4720231850081174,150593.0
2021-07-23,1.4596964032774145,1.4596964032774145,215441.0
2021-07-26,1.4432606943031439,1.4432606943031439,249230.0
2021-07-27,1.391899103758548,1.391899103758548,259776.0
2021-07-28,1.3713544675407097,1.3713544675407097,184695.0
2021-07-29,1.3908718719476563,1.3908718719476563,156105.0
2021-07-30,1.4052531173001432,1.4052531173001432,151025.0
2021-08-02,1.409362044543711,1.409362044543711,140304.0
2021-08-03,1.393953567380332,1.393953567380332,231730.0
2021-08-04,1.4124437399763867,1.4124437399763867,156558.0
2021-08-05,1.4093620445437112,1.4093620445437112,199275.0
2021-08-06,1.4134709717872787,1.4134709717872787,164660.0
2021-08-09,1.4309339125724414,1.4309339125724414,153342.0
2021-08-10,1.4340156080051172,1.4340156080051172,153963.0
2021-08-11,1.4566147078447396,1.4566147078447396,189889.0
2021-08-12,1.4740776486299023,1.4740776486299023,235168.0
2021-08-13,1.479213807684362,1.479213807684362,222038.0
2021-08-16,1.4812682713061458,1.4812682713061458,226259.0
2021-08-17,1.452505780601172,1.452505780601172,269598.0
2021-08-18,1.4638053305209833,1.4638053305209833,242942.0
2021-08-19,1.4576419396556317,1.4576419396556317,283590.0
2021-08-20,1.4586691714665234,1.4586691714665234,313728.0
2021-08-23,1.4709959531972263,1.4709959531972263,301320.0
2021-08-24,1.4874316621714971,1.4874316621714971,287702.0
2021-08-25,1.5069490665784435,1.5069490665784435,364276.0
2021-08-26,1.512085225632903,1.512085225632903,351472.0
2021-08-27,1.5203030801200381,1.5203030801200381,275017.0
2021-08-30,1.5305753982289574,1.5305753982289574,200625.0
2021-08-31,1.5624195843666067,1.5624195843666067,177841.0
2021-09-01,1.558310657123039,1.558310657123039,313268.0
2021-09-02,1.5850186842062288,1.5850186842062288,300757.0
2021-09-03,1.5809097569626611,1.5809097569626611,283280.0
2021-09-06,1.5942637705042564,1.5942637705042564,182512.0
2021-09-07,1.6281624202636895,1.6281624202636895,301371.0
2021-09-08,1.6435708974270686,1.6435708974270686,353434.0
2021-09-09,1.675415083564718,1.675415083564718,348357.0
2021-09-10,1.648707056481528,1.648707056481528,359648.0
2021-09-13,1.6784967789973935,1.6784967789973935,301196.0
2021-09-14,1.64973428829242,1.64973428829242,343315.0
2021-09-15,1.6538432155359877,1.6538432155359877,307393.0
2021-09-16,1.6332985793181494,1.6332985793181494,341298.0
2021-09-17,1.599399929558716,1.599399929558716,354777.0
2021-09-22,1.6230262612092303,1.6230262612092303,369652.0
2021-09-23,1.626107956641906,1.626107956641906,236798.0
2021-09-24,1.576800829719094,1.576800829719094,342656.0
2021-09-27,1.53160263003985,1.53160263003985,356007.0
2021-09-28,1.5511200344467964,1.5511200344467964,239520.0
2021-09-29,1.5100307620111195,1.5100307620111195,276618.0
2021-09-30,1.528520934607174,1.528520934607174,223619.0
2021-10-08,1.528520934607174,1.528520934607174,235545.0
2021-10-11,1.5408477163378769,1.5408477163378769,207978.0
2021-10-12,1.5161941528764709,1.5161941528764709,215607.0
2021-10-13,1.502840139334876,1.502840139334876,148435.0
2021-10-14,1.5007856757130922,1.5007856757130922,131730.0
2021-10-15,1.501812907523984,1.501812907523984,133687.0
2021-10-18,1.5254392391744984,1.5254392391744984,161927.0
2021-10-19,1.5367387890943094,1.5367387890943094,163914.0
2021-10-20,1.5192758483091469,1.5192758483091469,157369.0
2021-10-21,1.5305753982289578,1.5305753982289578,191765.0
2021-10-22,1.50489460295666,1.50489460295666,185902.0
2021-10-25,1.5007856757130924,1.5007856757130924,158875.0
2021-10-26,1.4997584439022003,1.4997584439022003,171287.0
2021-10-27,1.4761321122516864,1.4761321122516864,171759.0
2021-10-28,1.4442879261140367,1.4442879261140367,215064.0
2021-10-29,1.4473696215467124,1.4473696215467124,148046.0
2021-11-01,1.4576419396556317,1.4576419396556317,149923.0
2021-11-02,1.4309339125724418,1.4309339125724418,225830.0
2021-11-03,1.4463423897358205,1.4463423897358205,190011.0
2021-11-04,1.4514785487902802,1.4514785487902802,279519.0
2021-11-05,1.425797753517982,1.425797753517982,347035.0
2021-11-08,1.4360700716269013,1.4360700716269013,184375.0
2021-11-09,1.4422334624922528,1.4422334624922528,167824.0
2021-11-10,1.4391517670595773,1.4391517670595773,199436.0
2021-11-11,1.463805330520983,1.463805330520983,227393.0
2021-11-12,1.4596964032774153,1.4596964032774153,250629.0
2021-11-15,1.4555874760338476,1.4555874760338476,178408.0
2021-11-16,1.45147854879028,1.45147854879028,202734.0
2021-11-17,1.4566147078447393,1.4566147078447393,177227.0
2021-11-18,1.4576419396556315,1.4576419396556315,201158.0
2021-11-19,1.474077648629902,1.474077648629902,222590.0
2021-11-22,1.4812682713061456,1.4812682713061456,197274.0
2021-11-23,1.4915405894150648,1.4915405894150648,236391.0
2021-11-24,1.4956495166586323,1.4956495166586323,273507.0
2021-11-25,1.4925678212259568,1.4925678212259568,210927.0
2021-11-26,1.4802410394952537,1.4802410394952537,214132.0
2021-11-29,1.4709959531972263,1.4709959531972263,220912.0
2021-11-30,1.4730504168190102,1.4730504168190102,226801.0
2021-12-01,1.4915405894150648,1.4915405894150648,238049.0
2021-12-02,1.4966767484695247,1.4966767484695247,236810.0
2021-12-03,1.5059218347675518,1.5059218347675518,263519.0
2021-12-06,1.4977039802804164,1.4977039802804164,242201.0
2021-12-07,1.5018129075239839,1.5018129075239839,265145.0
2021-12-08,1.5007856757130922,1.5007856757130922,220491.0
2021-12-09,1.5069490665784435,1.5069490665784435,230077.0
2021-12-10,1.5017056808213853,1.5017056808213853,240364.0
2021-12-13,1.500657003669974,1.500657003669974,245088.0
2021-12-14,1.482829492095977,1.482829492095977,253892.0
2021-12-15,1.4870242007016234,1.4870242007016234,237037.0
2021-12-16,1.505900389427032,1.505900389427032,263393.0
2021-12-17,1.5006570036699742,1.5006570036699742,231016.0
2021-12-20,1.4880728778530352,1.4880728778530352,191935.0
2021-12-21,1.5142898066383246,1.5142898066383246,264308.0
2021-12-22,1.5100950980326784,1.5100950980326784,193889.0
2021-12-23,1.5121924523355015,1.5121924523355015,221881.0
2021-12-24,1.5069490665784437,1.5069490665784437,210382.0
2021-12-27,1.5142898066383248,1.5142898066383248,222340.0
2021-12-28,1.509046420881267,1.509046420881267,232905.0
2021-12-29,1.5079977437298555,1.5079977437298555,251420.0
2021-12-30,1.5090464208812673,1.5090464208812673,130371.0
2021-12-31,1.5226792238496178,1.5226792238496178,236003.0
2022-01-04,1.53736070396938,1.53736070396938,264432.0
2022-01-05,1.5363120268179684,1.5363120268179684,200599.0
2022-01-06,1.5415554125750262,1.5415554125750262,277409.0
2022-01-07,1.5436527668778495,1.5436527668778495,413710.0
2022-01-10,1.5593829241490234,1.5593829241490234,844062.0
2022-01-11,1.5719670499659624,1.5719670499659624,509556.0
2022-01-12,1.562528955603258,1.562528955603258,435199.0
2022-01-13,1.5572855698462003,1.5572855698462003,403665.0
2022-01-14,1.5310686410609107,1.5310686410609107,365897.0
2022-01-17,1.5363120268179689,1.5363120268179689,268241.0
2022-01-18,1.5499448297863194,1.5499448297863194,342891.0
2022-01-19,1.561480278451847,1.561480278451847,270470.0
2022-01-20,1.5551882155433774,1.5551882155433774,246344.0
2022-01-21,1.5436527668778497,1.5436527668778497,341553.0
2022-01-24,1.538409381120792,1.538409381120792,339441.0
2022-01-25,1.4859755235502128,1.4859755235502128,495561.0
2022-01-26,1.4922675864586825,1.4922675864586825,430792.0
2022-01-27,1.4775861063389204,1.4775861063389204,322143.0
2022-01-28,1.478634783490332,1.478634783490332,365863.0
2022-02-07,1.5027543579727984,1.5027543579727984,332160.0
2022-02-08,1.5363120268179693,1.5363120268179693,414473.0
2022-02-09,1.5426040897264388,1.5426040897264388,434442.0
2022-02-10,1.559382924149024,1.559382924149024,350871.0
2022-02-11,1.5572855698462007,1.5572855698462007,300055.0
2022-02-14,1.5331659953637342,1.5331659953637342,425622.0
2022-02-15,1.5258252553038532,1.5258252553038532,359003.0
2022-02-16,1.5415554125750268,1.5415554125750268,294230.0
2022-02-17,1.536312026817969,1.536312026817969,265294.0
2022-02-18,1.5614802784518471,1.5614802784518471,387346.0
2022-02-21,1.5730157271173744,1.5730157271173744,226847.0
2022-02-22,1.5593829241490238,1.5593829241490238,266753.0
2022-02-23,1.5572855698462005,1.5572855698462005,216782.0
2022-02-24,1.527922609606676,1.527922609606676,270122.0
2022-02-25,1.5237279010010298,1.5237279010010298,293210.0
2022-02-28,1.5247765781524412,1.5247765781524412,259769.0
2022-03-01,1.540506735423615,1.540506735423615,302155.0
2022-03-02,1.549944829786319,1.549944829786319,247781.0
2022-03-03,1.564626309906081,1.564626309906081,256911.0
2022-03-04,1.5562368926947885,1.5562368926947885,256719.0
2022-03-07,1.5394580582722033,1.5394580582722033,287606.0
2022-03-08,1.4943649407615054,1.4943649407615054,360028.0
2022-03-09,1.4712940434304507,1.4712940434304507,488450.0
2022-03-10,1.4891215550044474,1.4891215550044474,274920.0
2022-03-11,1.49751097221574,1.49751097221574,315895.0
2022-03-14,1.4733913977332738,1.4733913977332738,282331.0
2022-03-15,1.3706210368949385,1.3706210368949385,453356.0
2022-03-16,1.4104707686485787,1.4104707686485787,337738.0
2022-03-17,1.4356390202824565,1.4356390202824565,281545.0
2022-03-18,1.4691966891276271,1.4691966891276271,216302.0
2022-03-21,1.4744400748846849,1.4744400748846849,229479.0
2022-03-22,1.5006570036699747,1.5006570036699747,302130.0
2022-03-23,1.5059003894270326,1.5059003894270326,237942.0
2022-03-24,1.500657003669975,1.500657003669975,211072.0
2022-03-25,1.500657003669975,1.500657003669975,248358.0
2022-03-28,1.51743583809256,1.51743583809256,281559.0
2022-03-29,1.5132411294869137,1.5132411294869137,253304.0
2022-03-30,1.5300199639094991,1.5300199639094991,289991.0
2022-03-31,1.5509935069377307,1.5509935069377307,316853.0
2022-04-01,1.5656749870574929,1.5656749870574929,322063.0
2022-04-06,1.5908432386913707,1.5908432386913707,292123.0
2022-04-07,1.560431601300435,1.560431601300435,354091.0
2022-04-08,1.5782591128744319,1.5782591128744319,315294.0
2022-04-11,1.5467987983320846,1.5467987983320846,325314.0
2022-04-12,1.5363120268179686,1.5363120268179686,308123.0
2022-04-13,1.5363120268179686,1.5363120268179686,292906.0
2022-04-14,1.5698696956631393,1.5698696956631393,284590.0
2022-04-15,1.5646263099060813,1.5646263099060813,340811.0
2022-04-18,1.540506735423615,1.540506735423615,348963.0
2022-04-19,1.5614802784518467,1.5614802784518467,310849.0
2022-04-20,1.515338483789737,1.515338483789737,382509.0
2022-04-21,1.487024200701624,1.487024200701624,324818.0
2022-04-22,1.4996083265185631,1.4996083265185631,325998.0
2022-04-25,1.4387850517366914,1.4387850517366914,480871.0
2022-04-26,1.3957892885288163,1.3957892885288163,527383.0
2022-04-27,1.4157141544056366,1.4157141544056366,478620.0
2022-04-28,1.4272496030711639,1.4272496030711639,371745.0
2022-04-29,1.4681480119762156,1.4681480119762156,441531.0
2022-05-05,1.4786347834903313,1.4786347834903313,295886.0
2022-05-06,1.444028437493749,1.444028437493749,355309.0
2022-05-09,1.4429797603423373,1.4429797603423373,311059.0
2022-05-10,1.4450771146451604,1.4450771146451604,369245.0
2022-05-11,1.4429797603423373,1.4429797603423373,361712.0
2022-05-12,1.4408824060395142,1.4408824060395142,397586.0
2022-05-13,1.4754887520360962,1.4754887520360962,295210.0
2022-05-16,1.495413617912916,1.495413617912916,459623.0
2022-05-17,1.4849268463988001,1.4849268463988001,359036.0
2022-05-18,1.4765374291875073,1.4765374291875073,352055.0
2022-05-19,1.4796834606417422,1.4796834606417422,360792.0
2022-05-20,1.4943649407615043,1.4943649407615043,380946.0
2022-05-23,1.497510972215739,1.497510972215739,369236.0
2022-05-24,1.4639533033705683,1.4639533033705683,394919.0
2022-05-25,1.4849268463988,1.4849268463988,367297.0
2022-05-26,1.5006570036699738,1.5006570036699738,411490.0
2022-05-27,1.5006570036699738,1.5006570036699738,370141.0
2022-05-30,1.5006570036699738,1.5006570036699738,488598.0
2022-05-31,1.502754357972797,1.502754357972797,372374.0
2022-06-01,1.5090464208812666,1.5090464208812666,342743.0
2022-06-02,1.4996083265185622,1.4996083265185622,352138.0
2022-06-06,1.5038030351242084,1.5038030351242084,304355.0
2022-06-07,1.510095098032678,1.510095098032678,269267.0
2022-06-08,1.522679223849617,1.522679223849617,340105.0
2022-06-09,1.5174358380925592,1.5174358380925592,306049.0
2022-06-10,1.5310686410609096,1.5310686410609096,315701.0
2022-06-13,1.5132411294869128,1.5132411294869128,258308.0
2022-06-14,1.5331659953637329,1.5331659953637329,320402.0
2022-06-15,1.5321173182123213,1.5321173182123213,413168.0
2022-06-16,1.513241129486913,1.513241129486913,330641.0
2022-06-17,1.5142898066383246,1.5142898066383246,289557.0
2022-06-20,1.5069490665784437,1.5069490665784437,322770.0
2022-06-21,1.5111437751840902,1.5111437751840902,292202.0
2022-06-22,1.494364940761505,1.494364940761505,271852.0
2022-06-23,1.5111437751840902,1.5111437751840902,272444.0
2022-06-24,1.5121924523355017,1.5121924523355017,401222.0
2022-06-27,1.5268739324552638,1.5268739324552638,335498.0
2022-06-28,1.5375813232859457,1.5375813232859457,305268.0
2022-06-29,1.534369106036741,1.534369106036741,304635.0
2022-06-30,1.539722801452082,1.539722801452082,422733.0
2022-07-01,1.5418642796182185,1.5418642796182185,250941.0
2022-07-04,1.5461472359504913,1.5461472359504913,375818.0
2022-07-05,1.5504301922827641,1.5504301922827641,296912.0
2022-07-06,1.5225909761229908,1.5225909761229908,376817.0
2022-07-07,1.5332983669536728,1.5332983669536728,318292.0
2022-07-08,1.5365105842028774,1.5365105842028774,262107.0
2022-07-11,1.518308019790718,1.518308019790718,312601.0
2022-07-12,1.5193787588737864,1.5193787588737864,343389.0
2022-07-13,1.5236617152060594,1.5236617152060594,276081.0
2022-07-14,1.5097421071261727,1.5097421071261727,312460.0
2022-07-15,1.4840443691325358,1.4840443691325358,314455.0
2022-07-18,1.5129543243753776,1.5129543243753776,270367.0
2022-07-19,1.5183080197907186,1.5183080197907186,238671.0
2022-07-20,1.5225909761229914,1.5225909761229914,189684.0
2022-07-21,1.5076006289600365,1.5076006289600365,265341.0
2022-07-22,1.499034716295491,1.499034716295491,313278.0
2022-07-25,1.4979639772124227,1.4979639772124227,282332.0
2022-07-26,1.5172372807076506,1.5172372807076506,339458.0
2022-07-27,1.5183080197907188,1.5183080197907188,236941.0
2022-07-28,1.5258031933721965,1.5258031933721965,356454.0
2022-07-29,1.5150958025415144,1.5150958025415144,324775.0
2022-08-01,1.5193787588737873,1.5193787588737873,316621.0
2022-08-02,1.4797614128002634,1.4797614128002634,465379.0
2022-08-03,1.4626295874711723,1.4626295874711723,348962.0
2022-08-04,1.4669125438034452,1.4669125438034452,347456.0
2022-08-05,1.477619934634127,1.477619934634127,335065.0
2022-08-08,1.4990347162954913,1.4990347162954913,350812.0
2022-08-09,1.5043884117108324,1.5043884117108324,326689.0
2022-08-10,1.4990347162954911,1.4990347162954911,320115.0
2022-08-11,1.5161665416245824,1.5161665416245824,342062.0
2022-08-12,1.527944671538333,1.527944671538333,346873.0
2022-08-15,1.5322276278706057,1.5322276278706057,358287.0
2022-08-16,1.5375813232859468,1.5375813232859468,310179.0
2022-08-17,1.5450764968674244,1.5450764968674244,280907.0
2022-08-18,1.532227627870606,1.532227627870606,319439.0
2022-08-19,1.542935018701288,1.542935018701288,336338.0
2022-08-22,1.554713148615038,1.554713148615038,319353.0
2022-08-23,1.5632790612795837,1.5632790612795837,395017.0
2022-08-24,1.5365105842028786,1.5365105842028786,310337.0
2022-08-25,1.564349800362652,1.564349800362652,402633.0
2022-08-26,1.5568546267811745,1.5568546267811745,250967.0
2022-08-29,1.569703495777993,1.569703495777993,352246.0
2022-08-30,1.560066844030379,1.560066844030379,270021.0
2022-08-31,1.5450764968674242,1.5450764968674242,345224.0
2022-09-01,1.5547131486150378,1.5547131486150378,338291.0
2022-09-02,1.555783887698106,1.555783887698106,329434.0
2022-09-05,1.5750571911933338,1.5750571911933338,343950.0
2022-09-06,1.6007549291869707,1.6007549291869707,348690.0
2022-09-07,1.5986134510208343,1.5986134510208343,300487.0
2022-09-08,1.593259755605493,1.593259755605493,280533.0
2022-09-09,1.6103915809345843,1.6103915809345843,329807.0
2022-09-13,1.6007549291869707,1.6007549291869707,354223.0
2022-09-14,1.5857645820240158,1.5857645820240158,339474.0
2022-09-15,1.586835321107084,1.586835321107084,364057.0
2022-09-16,1.5365105842028783,1.5365105842028783,451091.0
2022-09-19,1.5365105842028783,1.5365105842028783,366059.0
2022-09-20,1.539722801452083,1.539722801452083,308678.0
2022-09-21,1.5536424095319696,1.5536424095319696,293375.0
2022-09-22,1.5493594531996968,1.5493594531996968,233490.0
2022-09-23,1.5332983669536737,1.5332983669536737,307125.0
2022-09-26,1.5097421071261732,1.5097421071261732,307006.0
2022-09-27,1.5247324542891278,1.5247324542891278,308560.0
2022-09-28,1.5065298898769683,1.5065298898769683,321949.0
2022-09-29,1.500105455378559,1.500105455378559,234350.0
2022-09-30,1.5086713680431045,1.5086713680431045,319010.0
2022-10-10,1.5043884117108317,1.5043884117108317,370669.0
2022-10-11,1.5011761944616269,1.5011761944616269,502344.0
2022-10-12,1.5193787588737866,1.5193787588737866,390171.0
2022-10-13,1.5097421071261725,1.5097421071261725,390165.0
2022-10-14,1.5268739324552638,1.5268739324552638,349643.0
2022-10-17,1.5258031933721958,1.5258031933721958,250812.0
2022-10-18,1.526873932455264,1.526873932455264,267679.0
2022-10-19,1.516166541624582,1.516166541624582,235212.0
2022-10-20,1.501176194461627,1.501176194461627,358097.0
2022-10-21,1.5076006289600363,1.5076006289600363,327893.0
2022-10-24,1.4819028909663994,1.4819028909663994,415666.0
2022-10-25,1.4701247610526493,1.4701247610526493,387044.0
2022-10-26,1.4701247610526493,1.4701247610526493,424571.0
2022-10-27,1.4722662392187857,1.4722662392187857,311947.0
2022-10-28,1.4347903713113985,1.4347903713113985,423492.0
2022-10-31,1.411234111483898,1.411234111483898,415151.0
2022-11-01,1.4326488931452621,1.4326488931452621,394940.0
2022-11-02,1.4508514575574216,1.4508514575574216,504443.0
2022-11-03,1.4444270230590124,1.4444270230590124,514267.0
2022-11-04,1.4701247610526493,1.4701247610526493,514327.0
2022-11-07,1.4829736300494678,1.4829736300494678,501607.0
2022-11-08,1.4808321518833314,1.4808321518833314,548484.0
2022-11-09,1.4851151082156044,1.4851151082156044,461704.0
2022-11-10,1.4840443691325362,1.4840443691325362,491298.0
2022-11-11,1.5172372807076506,1.5172372807076506,610578.0
2022-11-14,1.5193787588737873,1.5193787588737873,538062.0
2022-11-15,1.5343691060367421,1.5343691060367421,552051.0
2022-11-16,1.5322276278706057,1.5322276278706057,486439.0
2022-11-17,1.5225909761229917,1.5225909761229917,692276.0
2022-11-18,1.519378758873787,1.519378758873787,629950.0
2022-11-21,1.5140250634584458,1.5140250634584458,585573.0
2022-11-22,1.5172372807076506,1.5172372807076506,551885.0
2022-11-23,1.5225909761229917,1.5225909761229917,661340.0
2022-11-24,1.533298366953674,1.533298366953674,523208.0
2022-11-25,1.5504301922827655,1.5504301922827655,607698.0
2022-11-28,1.5450764968674244,1.5450764968674244,591481.0
2022-11-29,1.5911182774393575,1.5911182774393575,639625.0
2022-11-30,1.5823758693215588,1.5823758693215588,573790.0
2022-12-01,1.5769118642479347,1.5769118642479347,567698.0
2022-12-02,1.5703550581595858,1.5703550581595858,552942.0
2022-12-05,1.5922110784540824,1.5922110784540824,615826.0
2022-12-06,1.5856542723657334,1.5856542723657334,544404.0
2022-12-07,1.580190267292109,1.580190267292109,532141.0
2022-12-08,1.5834686703362837,1.5834686703362837,535964.0
2022-12-09,1.5954894814982568,1.5954894814982568,646861.0
2022-12-12,1.57363346120376,1.57363346120376,703200.0
2022-12-13,1.5692622571448607,1.5692622571448607,569678.0
2022-12-14,1.560519849027062,1.560519849027062,531342.0
2022-12-15,1.548499037865089,1.548499037865089,519172.0
2022-12-16,1.5627054510565117,1.5627054510565117,486007.0
2022-12-19,1.5342926246736661,1.5342926246736661,569253.0
2022-12-20,1.5168078084380687,1.5168078084380687,559988.0
2022-12-21,1.5179006094527938,1.5179006094527938,517885.0
2022-12-22,1.5102510023497198,1.5102510023497198,550713.0
2022-12-23,1.5047869972760957,1.5047869972760957,434509.0
2022-12-26,1.5036941962613706,1.5036941962613706,521435.0
2022-12-27,1.518993410467518,1.518993410467518,467125.0
2022-12-28,1.5179006094527931,1.5179006094527931,1222843.0
2022-12-29,1.5080654003202696,1.5080654003202696,555266.0
2022-12-30,1.5157150074233436,1.5157150074233436,528932.0
2023-01-03,1.5244574155411423,1.5244574155411423,533363.0
2023-01-04,1.538663828732565,1.538663828732565,522853.0
2023-01-05,1.5419422317767395,1.5419422317767395,479530.0
2023-01-06,1.53975662974729,1.53975662974729,464408.0
2023-01-09,1.5375710277178405,1.5375710277178405,503135.0
2023-01-10,1.5288286196000418,1.5288286196000418,563827.0
2023-01-11,1.5364782267031154,1.5364782267031154,591661.0
2023-01-12,1.5310142216294915,1.5310142216294915,462051.0
2023-01-13,1.5419422317767397,1.5419422317767397,447731.0
2023-01-16,1.5506846398945384,1.5506846398945384,515548.0
2023-01-17,1.5484990378650887,1.5484990378650887,490085.0
2023-01-18,1.5506846398945384,1.5506846398945384,467062.0
2023-01-19,1.5561486449681625,1.5561486449681625,610486.0
2023-01-20,1.5714478591743104,1.5714478591743104,557737.0
2023-01-30,1.5670766551154112,1.5670766551154112,625993.0
2023-01-31,1.569262257144861,1.569262257144861,502649.0
2023-02-01,1.5747262622184852,1.5747262622184852,518968.0
2023-02-02,1.5780046652626598,1.5780046652626598,581640.0
2023-02-03,1.5627054510565122,1.5627054510565122,592655.0
2023-02-06,1.5517774409092637,1.5517774409092637,566432.0
2023-02-07,1.5616126500417873,1.5616126500417873,567396.0
2023-02-08,1.5539630429387132,1.5539630429387132,549112.0
2023-02-09,1.5659838541006865,1.5659838541006865,524104.0
2023-02-10,1.5670766551154114,1.5670766551154114,550010.0
2023-02-13,1.5725406601890357,1.5725406601890357,545999.0
2023-02-14,1.5790974662773847,1.5790974662773847,505055.0
2023-02-15,1.5692622571448611,1.5692622571448611,500303.0
2023-02-16,1.5583342469976127,1.5583342469976127,573375.0
2023-02-17,1.557241445982888,1.557241445982888,489835.0
2023-02-20,1.590025476424633,1.590025476424633,580023.0
2023-02-21,1.60969589468968,1.60969589468968,670907.0
2023-02-22,1.6129742977338544,1.6129742977338544,586152.0
2023-02-23,1.6140670987485792,1.6140670987485792,683402.0
2023-02-24,1.6075102926602303,1.6075102926602303,521305.0
2023-02-27,1.6075102926602303,1.6075102926602303,631011.0
2023-02-28,1.616252700778029,1.616252700778029,481120.0
2023-03-01,1.6239023078811028,1.6239023078811028,546911.0
2023-03-02,1.6326447159989017,1.6326447159989017,647276.0
2023-03-03,1.639201522087251,1.639201522087251,726837.0
2023-03-06,1.631551914984177,1.631551914984177,606802.0
2023-03-07,1.6206239048369286,1.6206239048369286,693872.0
2023-03-08,1.617345501792754,1.617345501792754,466453.0
2023-03-09,1.6140670987485797,1.6140670987485797,495499.0
2023-03-10,1.5878398743951836,1.5878398743951836,740298.0
2023-03-13,1.6075102926602305,1.6075102926602305,668855.0
2023-03-14,1.5943966804835326,1.5943966804835326,536760.0
2023-03-15,1.6140670987485795,1.6140670987485795,512067.0
2023-03-16,1.5976750835277067,1.5976750835277067,597244.0
2023-03-17,1.6107886957044049,1.6107886957044049,564971.0
2023-03-20,1.6020462875866062,1.6020462875866062,451037.0
2023-03-21,1.5998606855571564,1.5998606855571564,506101.0
2023-03-22,1.6075102926602305,1.6075102926602305,860993.0
2023-03-23,1.6086030936749551,1.6086030936749551,510390.0
2023-03-24,1.5976750835277067,1.5976750835277067,642348.0
2023-03-27,1.582375869321559,1.582375869321559,581581.0
2023-03-28,1.582375869321559,1.582375869321559,678564.0
2023-03-29,1.5801902672921095,1.5801902672921095,460764.0
2023-03-30,1.5878398743951834,1.5878398743951834,542736.0
2023-03-31,1.5954894814982572,1.5954894814982572,953118.0
2023-04-03,1.6053246906307808,1.6053246906307808,617169.0
2023-04-04,1.603139088601331,1.603139088601331,648728.0
2023-04-06,1.6020462875866062,1.6020462875866062,759716.0
2023-04-07,1.6031390886013313,1.6031390886013313,557531.0
2023-04-10,1.6064174916455054,1.6064174916455054,569622.0
2023-04-11,1.6140670987485792,1.6140670987485792,518929.0
2023-04-12,1.6337375170136261,1.6337375170136261,496535.0
2023-04-13,1.6326447159989013,1.6326447159989013,565960.0
2023-04-14,1.626087909910552,1.626087909910552,1185173.0
2023-04-17,1.6523151342639482,1.6523151342639482,867816.0
2023-04-18,1.6555935373081228,1.6555935373081228,582871.0
2023-04-19,1.653407935278673,1.653407935278673,562609.0
2023-04-20,1.6588719403522976,1.6588719403522976,1056025.0
2023-04-21,1.6413871241167002,1.6413871241167002,719755.0
2023-04-24,1.6381087210725258,1.6381087210725258,755733.0
2023-04-25,1.64357272614615,1.64357272614615,734752.0
2023-04-26,1.6468511291903243,1.6468511291903243,703372.0
2023-04-27,1.650129532234499,1.650129532234499,679555.0
2023-04-28,1.6774495576026198,1.6774495576026198,1326684.0
2023-05-04,1.7036767819560157,1.7036767819560157,834817.0
2023-05-05,1.7091407870296398,1.7091407870296398,1162854.0
2023-05-08,1.7452032205155592,1.7452032205155592,1317479.0
2023-05-09,1.7299040063094115,1.7299040063094115,2328369.0
2023-05-10,1.6949343738382168,1.6949343738382168,2175244.0
2023-05-11,1.699305577897116,1.699305577897116,733261.0
2023-05-12,1.6840063636909683,1.6840063636909683,559855.0
2023-05-15,1.6840063636909683,1.6840063636909683,966351.0
2023-05-16,1.674171154558445,1.674171154558445,678327.0
2023-05-17,1.6687071494848207,1.6687071494848207,637446.0
2023-05-18,1.6796351596320689,1.6796351596320689,584228.0
2023-05-19,1.6599647413670218,1.6599647413670218,743451.0
2023-05-22,1.6599647413670218,1.6599647413670218,635786.0
2023-05-23,1.63920152208725,1.63920152208725,607314.0
2023-05-24,1.6162527007780287,1.6162527007780287,833325.0
2023-05-25,1.6086030936749547,1.6086030936749547,642471.0
2023-05-26,1.6217167058516526,1.6217167058516526,633722.0
2023-05-29,1.6348303180283508,1.6348303180283508,742935.0
2023-05-30,1.6315519149841764,1.6315519149841764,716730.0
2023-05-31,1.619531103822203,1.619531103822203,730881.0
2023-06-01,1.6151598997633037,1.6151598997633037,806902.0
2023-06-02,1.6249951088958274,1.6249951088958274,870244.0
2023-06-05,1.632644715998901,1.632644715998901,736623.0
2023-06-06,1.6217167058516528,1.6217167058516528,1111958.0
2023-06-07,1.632644715998901,1.632644715998901,768290.0
2023-06-08,1.652315134263948,1.652315134263948,1014174.0
2023-06-09,1.6479439302050485,1.6479439302050485,753076.0
2023-06-12,1.6392015220872498,1.6392015220872498,683914.0
2023-06-13,1.6348303180283503,1.6348303180283503,605189.0
2023-06-14,1.6282735119400014,1.6282735119400014,720544.0
2023-06-15,1.631551914984176,1.631551914984176,701581.0
2023-06-16,1.6293663129547262,1.6293663129547262,919521.0
2023-06-19,1.6092230480967695,1.6092230480967695,1050716.0
2023-06-20,1.5969132751280182,1.5969132751280182,682811.0
2023-06-21,1.5857225724291533,1.5857225724291533,704006.0
2023-06-26,1.5666983778410828,1.5666983778410828,775809.0
2023-06-27,1.5924369940484722,1.5924369940484722,777918.0
2023-06-28,1.6025086264774504,1.6025086264774504,920346.0
2023-06-29,1.6013895562075642,1.6013895562075642,723792.0
2023-06-30,1.6047467670172235,1.6047467670172235,694667.0
2023-07-03,1.6204137507956342,1.6204137507956342,656200.0
2023-07-04,1.6148183994462018,1.6148183994462018,803521.0
2023-07-05,1.6114611886365422,1.6114611886365422,615821.0
2023-07-06,1.6047467670172233,1.6047467670172233,626911.0
2023-07-07,1.614818399446202,1.614818399446202,992301.0
2023-07-10,1.6181756102558613,1.6181756102558613,657049.0
2023-07-11,1.6204137507956342,1.6204137507956342,605749.0
2023-07-12,1.6136993291763153,1.6136993291763153,724704.0
2023-07-13,1.6293663129547262,1.6293663129547262,817413.0
2023-07-14,1.6327235237643858,1.6327235237643858,583454.0
2023-07-17,1.6237709616052938,1.6237709616052938,757310.0
2023-07-18,1.6237709616052938,1.6237709616052938,863203.0
2023-07-19,1.6327235237643858,1.6327235237643858,715378.0
2023-07-20,1.630485383224613,1.630485383224613,1172857.0
2023-07-21,1.6293663129547262,1.6293663129547262,739181.0
2023-07-24,1.62824724268484,1.62824724268484,1100331.0
2023-07-25,1.6595812102416616,1.6595812102416616,1135324.0
2023-07-26,1.658462139971775,1.658462139971775,1683390.0
2023-07-27,1.662938421051321,1.662938421051321,1156521.0
2023-07-28,1.6897961075285968,1.6897961075285968,1068499.0
2023-07-31,1.704344021037121,1.704344021037121,1118773.0
2023-08-01,1.704344021037121,1.704344021037121,698770.0
2023-08-02,1.6886770372587103,1.6886770372587103,774450.0
2023-08-03,1.7054630913070077,1.7054630913070077,842202.0
2023-08-04,1.6976295994178021,1.6976295994178021,799859.0
2023-08-07,1.6819626156393914,1.6819626156393914,834090.0
2023-08-08,1.678605404829732,1.678605404829732,710859.0
2023-08-09,1.6718909832104132,1.6718909832104132,785692.0
2023-08-10,1.6786054048297323,1.6786054048297323,623752.0
2023-08-11,1.6551049291621163,1.6551049291621163,846283.0
2023-08-14,1.6539858588922296,1.6539858588922296,834986.0
2023-08-15,1.6618193507814352,1.6618193507814352,1016221.0
2023-08-16,1.6640574913212083,1.6640574913212083,976748.0
2023-08-17,1.6629384210513218,1.6629384210513218,1298046.0
2023-08-18,1.6551049291621165,1.6551049291621165,784673.0
2023-08-21,1.640557015653592,1.640557015653592,808604.0
2023-08-22,1.6528667886223436,1.6528667886223436,914646.0
2023-08-23,1.647271437272911,1.647271437272911,1145158.0
2023-08-24,1.640557015653592,1.640557015653592,980790.0
2023-08-25,1.6427951561933651,1.6427951561933651,1125655.0
2023-08-28,1.6674147021308678,1.6674147021308678,1781651.0
2023-08-29,1.6707719129405274,1.6707719129405274,1537929.0
2023-08-30,1.658462139971776,1.658462139971776,1248478.0
2023-08-31,1.641676085923479,1.641676085923479,1376759.0
2023-09-01,1.658462139971776,1.658462139971776,1034264.0
2023-09-04,1.6830816859092788,1.6830816859092788,1712680.0
2023-09-05,1.6707719129405276,1.6707719129405276,1869210.0
2023-09-06,1.6707719129405276,1.6707719129405276,1077534.0
2023-09-07,1.6607002805115492,1.6607002805115492,1417251.0
2023-09-08,1.6517477183524574,1.6517477183524574,1339806.0
2023-09-11,1.6651765615910952,1.6651765615910952,1199099.0
2023-09-12,1.6607002805115492,1.6607002805115492,584837.0
2023-09-13,1.6640574913212087,1.6640574913212087,1505884.0
2023-09-14,1.680843545369506,1.680843545369506,1192304.0
2023-09-15,1.6819626156393923,1.6819626156393923,1519015.0
2023-09-18,1.678605404829733,1.678605404829733,1184923.0
2023-09-19,1.6897961075285977,1.6897961075285977,2226907.0
2023-09-20,1.6965105291479166,1.6965105291479166,1616844.0
2023-09-21,1.681962615639392,1.681962615639392,1724765.0
2023-09-22,1.6897961075285977,1.6897961075285977,1518058.0
2023-09-25,1.6886770372587112,1.6886770372587112,1216837.0
2023-09-26,1.6853198264490519,1.6853198264490519,1055484.0
2023-09-27,1.67636726428996,1.67636726428996,1587156.0
2023-09-28,1.67636726428996,1.67636726428996,1451166.0
2023-10-09,1.6685337724007547,1.6685337724007547,1831737.0
2023-10-10,1.6517477183524574,1.6517477183524574,1374038.0
2023-10-11,1.6450332967331385,1.6450332967331385,1554445.0
2023-10-12,1.6640574913212087,1.6640574913212087,1705837.0
2023-10-13,1.6607002805115492,1.6607002805115492,1001193.0
2023-10-16,1.665176561591095,1.665176561591095,1951174.0
2023-10-17,1.669652842670641,1.669652842670641,1456824.0
2023-10-18,1.65398585889223,1.65398585889223,1678662.0
2023-10-19,1.6248900318751813,1.6248900318751813,1811274.0
2023-10-20,1.6159374697160893,1.6159374697160893,1617966.0
2023-10-23,1.601389556207565,1.601389556207565,2154863.0
2023-10-24,1.6103421183666569,1.6103421183666569,2124913.0
2023-10-25,1.624890031875181,1.624890031875181,1433809.0
2023-10-26,1.6316044534945002,1.6316044534945002,1463731.0
2023-10-27,1.6383188751138194,1.6383188751138194,1794775.0
2023-10-30,1.6204137507956355,1.6204137507956355,2119522.0
2023-10-31,1.6215328210655222,1.6215328210655222,1484068.0
2023-11-01,1.6192946805257493,1.6192946805257493,1717282.0
2023-11-02,1.6215328210655222,1.6215328210655222,1422675.0
2023-11-03,1.6148183994462033,1.6148183994462033,2166213.0
2023-11-06,1.6092230480967706,1.6092230480967706,2671977.0
2023-11-07,1.6114611886365435,1.6114611886365435,1580548.0
2023-11-08,1.6081039778268842,1.6081039778268842,1606795.0
2023-11-09,1.619294680525749,1.619294680525749,2359960.0
2023-11-10,1.614818399446203,1.614818399446203,1851398.0
2023-11-13,1.6159374697160895,1.6159374697160895,1269873.0
2023-11-14,1.6159374697160895,1.6159374697160895,1276761.0
2023-11-15,1.6215328210655222,1.6215328210655222,1521003.0
2023-11-16,1.6204137507956355,1.6204137507956355,1899192.0
2023-11-17,1.614818399446203,1.614818399446203,1617168.0
2023-11-20,1.619294680525749,1.619294680525749,1250599.0
2023-11-21,1.6271281724149544,1.6271281724149544,2395779.0
2023-11-22,1.6226518913354084,1.6226518913354084,1883069.0
2023-11-23,1.6316044534945002,1.6316044534945002,2257892.0
2023-11-24,1.63496166430416,1.63496166430416,1217369.0
2023-11-27,1.6293663129547276,1.6293663129547276,2004306.0
2023-11-28,1.6293663129547276,1.6293663129547276,1436938.0
2023-11-29,1.619294680525749,1.619294680525749,1298593.0
2023-11-30,1.623770961605295,1.623770961605295,1366150.0
2023-12-01,1.6316044534945002,1.6316044534945002,1643919.0
2023-12-04,1.6304578586571885,1.6304578586571885,1253586.0
2023-12-05,1.608672556748267,1.608672556748267,1477981.0
2023-12-06,1.6063793670736435,1.6063793670736435,1747832.0
2023-12-07,1.608672556748267,1.608672556748267,1676636.0
2023-12-08,1.607525961910955,1.607525961910955,1594024.0
2023-12-11,1.6316044534945,1.6316044534945,1852578.0
2023-12-12,1.6293112638198768,1.6293112638198768,1439554.0
2023-12-13,1.61784531544676,1.61784531544676,1366553.0
2023-12-14,1.6132589360975134,1.6132589360975134,1092161.0
2023-12-15,1.6063793670736435,1.6063793670736435,1524472.0
2023-12-18,1.6017929877243968,1.6017929877243968,1439197.0
2023-12-19,1.5983532032124617,1.5983532032124617,1595138.0
2023-12-20,1.5926202290259035,1.5926202290259035,1260956.0
2023-12-21,1.5891804445139683,1.5891804445139683,1733410.0
2023-12-22,1.5891804445139683,1.5891804445139683,1629385.0
2023-12-25,1.586887254839345,1.586887254839345,1597196.0
2023-12-26,1.5811542806527867,1.5811542806527867,1661628.0
2023-12-27,1.5891804445139683,1.5891804445139683,1482628.0
2023-12-28,1.5891804445139683,1.5891804445139683,2283265.0
2023-12-29,1.5960600135378382,1.5960600135378382,2288588.0
2024-01-02,1.6121123412602014,1.6121123412602014,2347331.0
2024-01-03,1.6270180741452531,1.6270180741452531,1940889.0
2024-01-04,1.6350442380064347,1.6350442380064347,2413623.0
2024-01-05,1.6373374276810582,1.6373374276810582,4005620.0
2024-01-08,1.6155521257721366,1.6155521257721366,1948999.0
2024-01-09,1.6281646689825648,1.6281646689825648,1451180.0
2024-01-10,1.6201385051213835,1.6201385051213835,1299739.0
2024-01-11,1.6132589360975134,1.6132589360975134,1914283.0
2024-01-12,1.614405530934825,1.614405530934825,1487008.0
2024-01-15,1.6235782896333184,1.6235782896333184,1346155.0
2024-01-16,1.6270180741452536,1.6270180741452536,1911480.0
2024-01-17,1.6063793670736435,1.6063793670736435,1892371.0
2024-01-18,1.5926202290259035,1.5926202290259035,3680869.0
2024-01-19,1.5857406600020334,1.5857406600020334,2572108.0
2024-01-22,1.5307041078110735,1.5307041078110735,3353883.0
2024-01-23,1.5513428148826836,1.5513428148826836,2305753.0
2024-01-24,1.5834474703274102,1.5834474703274102,2259486.0
2024-01-25,1.6293112638198768,1.6293112638198768,2988082.0
2024-01-26,1.65224316056611,1.65224316056611,2211807.0
2024-01-29,1.6545363502407335,1.6545363502407335,2508134.0
2024-01-30,1.6373374276810584,1.6373374276810584,2095878.0
2024-01-31,1.6327510483318117,1.6327510483318117,2003810.0
2024-02-01,1.6132589360975134,1.6132589360975134,2156722.0
2024-02-02,1.614405530934825,1.614405530934825,5360373.0
2024-02-05,1.6166987206094485,1.6166987206094485,2361840.0
2024-02-06,1.6488033760541752,1.6488033760541752,2074959.0
2024-02-07,1.6786148418242786,1.6786148418242786,2266480.0
2024-02-08,1.6820546263362135,1.6820546263362135,2343918.0
2024-02-19,1.7164524714555633,1.7164524714555633,5056215.0
2024-02-20,1.73479798885255,1.73479798885255,2224308.0
2024-02-21,1.7359445836898617,1.7359445836898617,3093755.0
2024-02-22,1.758876480436095,1.758876480436095,1555242.0
2024-02-23,1.7508503165749132,1.7508503165749132,1778331.0
2024-02-26,1.7210388508048098,1.7210388508048098,2159805.0
2024-02-27,1.731358204340615,1.731358204340615,1727204.0
2024-02-28,1.7210388508048098,1.7210388508048098,1878982.0
2024-02-29,1.7325047991779263,1.7325047991779263,1426333.0
2024-03-01,1.7347979888525495,1.7347979888525495,1456602.0
2024-03-04,1.7416775578764196,1.7416775578764196,999143.0
2024-03-05,1.7554366959241596,1.7554366959241596,1302586.0
2024-03-06,1.7542901010868481,1.7542901010868481,1155389.0
2024-03-07,1.761169670110718,1.761169670110718,1537472.0
2024-03-08,1.7680492391345881,1.7680492391345881,1621266.0
2024-03-11,1.7554366959241596,1.7554366959241596,3690555.0
2024-03-12,1.7244786353167447,1.7244786353167447,2114260.0
2024-03-13,1.7175990662928746,1.7175990662928746,2109423.0
2024-03-14,1.7233320404794326,1.7233320404794326,1412301.0
2024-03-15,1.7198922559674976,1.7198922559674976,1514085.0
2024-03-18,1.715305876618251,1.715305876618251,1338633.0
2024-03-19,1.7130126869436275,1.7130126869436275,1354572.0
2024-03-20,1.7164524714555625,1.7164524714555625,1074015.0
2024-03-21,1.7221854456421206,1.7221854456421206,1131736.0
2024-03-22,1.7130126869436273,1.7130126869436273,1418361.0
2024-03-25,1.7187456611301857,1.7187456611301857,1791223.0
2024-03-26,1.7153058766182507,1.7153058766182507,1308786.0
2024-03-27,1.7095729024316926,1.7095729024316926,1629964.0
2024-03-28,1.7095729024316926,1.7095729024316926,1199026.0
2024-03-29,1.7269466107897384,1.7269466107897384,865424.0
2024-04-01,1.7315795996852172,1.7315795996852172,1530798.0
2024-04-02,1.7385290830284355,1.7385290830284355,1204865.0
2024-04-03,1.7547445441626115,1.7547445441626115,1067895.0
2024-04-08,1.7512698024910025,1.7512698024910025,1314295.0
2024-04-09,1.7420038247000447,1.7420038247000447,1335708.0
2024-04-10,1.747795060819393,1.747795060819393,1152996.0
2024-04-11,1.7651687691774387,1.7651687691774387,1258083.0
2024-04-12,1.75937753305809,1.75937753305809,1033127.0
2024-04-15,1.7906502081025724,1.7906502081025724,1546722.0
2024-04-16,1.7894919608787023,1.7894919608787023,1858386.0
2024-04-17,1.8184481414754454,1.8184481414754454,1358263.0
2024-04-18,1.8230811303709242,1.8230811303709242,1137936.0
2024-04-19,1.8288723664902728,1.8288723664902728,1111523.0
2024-04-22,1.791808455326442,1.791808455326442,1535401.0
2024-04-23,1.76053578028196,1.76053578028196,1451617.0
2024-04-24,1.76053578028196,1.76053578028196,1425085.0
2024-04-25,1.7709600052967873,1.7709600052967873,1053629.0
2024-04-26,1.76053578028196,1.76053578028196,2023627.0
2024-04-29,1.75937753305809,1.75937753305809,1307527.0
2024-04-30,1.7616940275058295,1.7616940275058295,802901.0
2024-05-06,1.7813842303116147,1.7813842303116147,1577776.0
2024-05-07,1.780225983087745,1.780225983087745,727360.0
2024-05-08,1.7825424775354843,1.7825424775354843,879654.0
2024-05-09,1.7941249497741816,1.7941249497741816,1239005.0
2024-05-10,1.8033909275651394,1.8033909275651394,1142140.0
2024-05-13,1.8068656692367486,1.8068656692367486,1058065.0
2024-05-14,1.8033909275651394,1.8033909275651394,854498.0
2024-05-15,1.8033909275651394,1.8033909275651394,901803.0
2024-05-16,1.8080239164606184,1.8080239164606184,1109133.0
2024-05-17,1.8230811303709247,1.8230811303709247,902450.0
2024-05-20,1.8427713331767097,1.8427713331767097,1073561.0
2024-05-21,1.8485625692960586,1.8485625692960586,1563249.0
2024-05-22,1.8485625692960586,1.8485625692960586,932220.0
2024-05-23,1.823081130370925,1.823081130370925,945224.0
2024-05-24,1.8196063886993157,1.8196063886993157,879663.0
2024-05-27,1.8462460748483192,1.8462460748483192,1040790.0
2024-05-28,1.839296591505101,1.839296591505101,1071140.0
2024-05-29,1.839296591505101,1.839296591505101,1068563.0
2024-05-30,1.8288723664902733,1.8288723664902733,1205881.0
2024-05-31,1.831188860938013,1.831188860938013,757951.0
2024-06-03,1.8149733998038369,1.8149733998038369,1205694.0
2024-06-04,1.8265558720425341,1.8265558720425341,1053158.0
2024-06-05,1.8045491747890097,1.8045491747890097,923046.0
2024-06-06,1.806865669236749,1.806865669236749,824924.0
2024-06-07,1.823081130370925,1.823081130370925,824992.0
2024-06-11,1.7952831969980518,1.7952831969980518,1059713.0
2024-06-12,1.813815152579967,1.813815152579967,976653.0
2024-06-13,1.7964414442219212,1.7964414442219212,747021.0
2024-06-14,1.7999161858935306,1.7999161858935306,759681.0
2024-06-17,1.7732764997445272,1.7732764997445272,979396.0
2024-06-18,1.7802259830877454,1.7802259830877454,927332.0
2024-06-19,1.774434746968397,1.774434746968397,1036383.0
2024-06-20,1.7721182525206576,1.7721182525206576,998936.0
2024-06-21,1.7721182525206576,1.7721182525206576,948273.0
2024-06-24,1.750111555267133,1.750111555267133,1059252.0
2024-06-25,1.7535862969387424,1.7535862969387424,909579.0
2024-06-26,1.7640105219535698,1.7640105219535698,1192584.0
2024-06-27,1.7570610386103513,1.7570610386103513,1315045.0
2024-06-28,1.7651687691774394,1.7651687691774394,1155445.0
2024-07-01,1.8022326803412698,1.8022326803412698,989448.0
2024-07-02,1.798712694637478,1.798712694637478,926097.0
2024-07-03,1.7858060803902425,1.7858060803902425,1296927.0
2024-07-04,1.7764194518467982,1.7764194518467982,1120487.0
2024-07-05,1.7693794804392151,1.7693794804392151,1287899.0
2024-07-08,1.75764619475991,1.75764619475991,1364611.0
2024-07-09,1.7799394375505897,1.7799394375505897,1283875.0
2024-07-10,1.7494328947843967,1.7494328947843967,1639327.0
2024-07-11,1.7541262090561187,1.7541262090561187,1026898.0
2024-07-12,1.750606223352327,1.750606223352327,1290355.0
2024-07-15,1.7658594947354234,1.7658594947354234,1011678.0
2024-07-16,1.759992851895771,1.759992851895771,794398.0
2024-07-17,1.750606223352327,1.750606223352327,1172433.0
2024-07-18,1.750606223352327,1.750606223352327,1070265.0
2024-07-19,1.7423929233768134,1.7423929233768134,1082426.0
2024-07-22,1.7259663234257863,1.7259663234257863,1288880.0
2024-07-23,1.7060197377709674,1.7060197377709674,796275.0
2024-07-24,1.700153094931315,1.700153094931315,988950.0
2024-07-25,1.700153094931315,1.700153094931315,754838.0
2024-07-26,1.6989797663633845,1.6989797663633845,899248.0
2024-07-29,1.7001530949313153,1.7001530949313153,761198.0
2024-07-30,1.6895931378199405,1.6895931378199405,847954.0
2024-07-31,1.7177530234502727,1.7177530234502727,1204551.0
2024-08-01,1.7142330377464812,1.7142330377464812,900273.0
2024-08-02,1.7107130520426894,1.7107130520426894,698253.0
2024-08-05,1.6907664663878708,1.6907664663878708,1234107.0
2024-08-06,1.682553166412357,1.682553166412357,1151438.0
2024-08-07,1.6872464806840788,1.6872464806840788,892345.0
2024-08-08,1.6978064377954536,1.6978064377954536,1522825.0
2024-08-09,1.6884198092520095,1.6884198092520095,609713.0
2024-08-12,1.6978064377954538,1.6978064377954538,662884.0
2024-08-13,1.6989797663633843,1.6989797663633843,1317355.0
2024-08-14,1.6942864520916623,1.6942864520916623,1447294.0
2024-08-15,1.7095397234747591,1.7095397234747591,1006618.0
2024-08-16,1.7095397234747591,1.7095397234747591,538826.0
2024-08-19,1.7247929948578558,1.7247929948578558,916011.0
2024-08-20,1.7048464092030373,1.7048464092030373,857404.0
2024-08-21,1.6872464806840795,1.6872464806840795,933129.0
2024-08-22,1.6872464806840795,1.6872464806840795,1007534.0
2024-08-23,1.6884198092520102,1.6884198092520102,678705.0
2024-08-26,1.6860731521161492,1.6860731521161492,603017.0
2024-08-27,1.6848998235482184,1.6848998235482184,580094.0
2024-08-28,1.6790331807085659,1.6790331807085659,894011.0
2024-08-29,1.6555666093499557,1.6555666093499557,1122113.0
2024-08-30,1.6637799093254693,1.6637799093254693,1122334.0
2024-09-02,1.6637799093254693,1.6637799093254693,645783.0
2024-09-03,1.6543932807820252,1.6543932807820252,1474313.0
2024-09-04,1.6520466236461642,1.6520466236461642,887710.0
2024-09-05,1.655566609349956,1.655566609349956,553258.0
2024-09-06,1.640313337966859,1.640313337966859,800162.0
2024-09-09,1.6109801237685963,1.6109801237685963,1207597.0
2024-09-10,1.6109801237685963,1.6109801237685963,903524.0
2024-09-11,1.5839935667061946,1.5839935667061946,1043520.0
2024-09-12,1.587513552409986,1.587513552409986,835589.0
2024-09-13,1.5816469095703334,1.5816469095703334,1106723.0
2024-09-18,1.5980735095213607,1.5980735095213607,911342.0
2024-09-19,1.6039401523610133,1.6039401523610133,907456.0
2024-09-20,1.6015934952251523,1.6015934952251523,925433.0
2024-09-23,1.6205753440574502,1.6205753440574502,872515.0
2024-09-24,1.6893845460745305,1.6893845460745305,2662178.0
2024-09-25,1.714298222666922,1.714298222666922,2122639.0
2024-09-26,1.7771755969239091,1.7771755969239091,2044501.0
2024-09-27,1.7819210591319836,1.7819210591319836,1459136.0
2024-09-30,1.9219121942701822,1.9219121942701822,3885181.0
2024-10-08,1.9349622153423869,1.9349622153423869,3513502.0
2024-10-09,1.7795483280279463,1.7795483280279463,3089358.0
2024-10-10,1.8400529711808964,1.8400529711808964,3201656.0
2024-10-11,1.8115801979324493,1.8115801979324493,1855830.0
2024-10-14,1.8578484544611762,1.8578484544611762,1499866.0
2024-10-15,1.8186983912445613,1.8186983912445613,1259944.0
2024-10-16,1.842425702284934,1.842425702284934,988635.0
2024-10-17,1.8139529290364866,1.8139529290364866,1429787.0
2024-10-18,1.829375681212729,1.829375681212729,1668558.0
2024-10-21,1.8186983912445613,1.8186983912445613,2309928.0
2024-10-22,1.8246302190046546,1.8246302190046546,749451.0
2024-10-23,1.8281893156607103,1.8281893156607103,1052733.0
2024-10-24,1.8210711223485985,1.8210711223485985,1090417.0
2024-10-25,1.8246302190046546,1.8246302190046546,941248.0
2024-10-28,1.8412393367329154,1.8412393367329154,1415319.0
2024-10-29,1.8115801979324495,1.8115801979324495,1466310.0
2024-10-30,1.7949710802041887,1.7949710802041887,1218746.0
2024-10-31,1.7890392524440957,1.7890392524440957,1194185.0
2024-11-01,1.804462004620338,1.804462004620338,1522161.0
2024-11-04,1.817512025692543,1.817512025692543,966869.0
2024-11-05,1.8412393367329156,1.8412393367329156,1479342.0
2024-11-06,1.8353075089728224,1.8353075089728224,2264322.0
2024-11-07,1.8720848410854003,1.8720848410854003,2244991.0
2024-11-08,1.8531029922531022,1.8531029922531022,2376639.0
2024-11-11,1.8353075089728226,1.8353075089728226,1423051.0
2024-11-12,1.8246302190046548,1.8246302190046548,1395994.0
2024-11-13,1.8341211434208038,1.8341211434208038,1819070.0
2024-11-14,1.810393832380431,1.810393832380431,1925820.0
2024-11-15,1.8044620046203377,1.8044620046203377,1557343.0
2024-11-18,1.836493874524841,1.836493874524841,1787978.0
2024-11-19,1.8329347778687848,1.8329347778687848,1226703.0
2024-11-20,1.838866605628878,1.838866605628878,1110887.0
2024-11-21,1.8400529711808964,1.8400529711808964,803862.0
2024-11-22,1.7925983491001511,1.7925983491001511,1315921.0
2024-11-25,1.7914119835481326,1.7914119835481326,1168519.0
2024-11-26,1.7925983491001514,1.7925983491001514,1056494.0
2024-11-27,1.8103938323804312,1.8103938323804312,1269288.0
2024-11-28,1.8068347357243753,1.8068347357243753,1235969.0
2024-11-29,1.8198847567965801,1.8198847567965801,1192060.0
2024-12-02,1.827002950108692,1.827002950108692,1213963.0
2024-12-03,1.84142665760955,1.84142665760955,1246958.0
2024-12-04,1.8462345601098358,1.8462345601098358,1287801.0
2024-12-05,1.8438306088596927,1.8438306088596927,968716.0
2024-12-06,1.8678701213611228,1.8678701213611228,1452544.0
2024-12-09,1.871476048236337,1.871476048236337,1783087.0
2024-12-10,1.8738799994864799,1.8738799994864799,1724315.0
2024-12-11,1.8846977801121234,1.8846977801121234,2038955.0
2024-12-12,1.8907076582374809,1.8907076582374809,1646613.0
2024-12-13,1.8618602432357645,1.8618602432357645,1613926.0
2024-12-16,1.8714760482363366,1.8714760482363366,2351254.0
2024-12-17,1.8618602432357647,1.8618602432357647,2222472.0
2024-12-18,1.8726780238614082,1.8726780238614082,2375588.0
2024-12-19,1.853446413860264,1.853446413860264,2672094.0
2024-12-20,1.841426657609549,1.841426657609549,2408267.0
2024-12-23,1.8402246819844774,1.8402246819844774,1850362.0
2024-12-24,1.8582543163605503,1.8582543163605503,1673697.0
2024-12-25,1.8654661701109794,1.8654661701109794,2120449.0
2024-12-26,1.8618602432357647,1.8618602432357647,1467287.0
2024-12-27,1.8630622188608361,1.8630622188608361,1900185.0
2024-12-30,1.8834958044870518,1.8834958044870518,1889419.0
2024-12-31,1.8786879019867657,1.8786879019867657,2322332.0
2025-01-02,1.8390227063594062,1.8390227063594062,2808475.0
2025-01-03,1.8221950476084052,1.8221950476084052,2751742.0
2025-01-06,1.8294069013588345,1.8294069013588345,2148758.0
2025-01-07,1.8233970232334769,1.8233970232334769,1893869.0
2025-01-08,1.8209930719833338,1.8209930719833338,1528523.0
2025-01-09,1.796953559481904,1.796953559481904,1601007.0
2025-01-10,1.771712071355402,1.771712071355402,2215000.0
2025-01-13,1.7536824369793296,1.7536824369793296,1893354.0
2025-01-14,1.7861357788562604,1.7861357788562604,2296497.0
2025-01-15,1.789741705731475,1.789741705731475,1150236.0
2025-01-16,1.8029634376072614,1.8029634376072614,1358010.0
2025-01-17,1.7981555351069753,1.7981555351069753,1104249.0
2025-01-20,1.794549608231761,1.794549608231761,1177094.0
2025-01-21,1.7849338032311888,1.7849338032311888,1204448.0
2025-01-22,1.7657021932300447,1.7657021932300447,1555371.0
2025-01-23,1.7861357788562604,1.7861357788562604,2150418.0
2025-01-24,1.8005594863571184,1.8005594863571184,1717846.0
2025-01-27,1.8221950476084054,1.8221950476084054,1711701.0
2025-02-05,1.7885397301064032,1.7885397301064032,2004465.0
2025-02-06,1.7885397301064032,1.7885397301064032,1853101.0
2025-02-07,1.8029634376072612,1.8029634376072612,2032910.0
2025-02-10,1.7981555351069751,1.7981555351069751,1414266.0
2025-02-11,1.8029634376072612,1.8029634376072612,1393947.0
2025-02-12,1.8029634376072612,1.8029634376072612,1571457.0
2025-02-13,1.807771340107547,1.807771340107547,1478343.0
2025-02-14,1.81017529135769,1.81017529135769,1664650.0
2025-02-17,1.8017614619821898,1.8017614619821898,1718466.0
2025-02-18,1.7945496082317607,1.7945496082317607,1779670.0
2025-02-19,1.7897417057314746,1.7897417057314746,1442329.0
2025-02-20,1.78613577885626,1.78613577885626,1101808.0
2025-02-21,1.7729140469804734,1.7729140469804734,2646751.0
2025-02-24,1.7753179982306164,1.7753179982306164,1679630.0
2025-02-25,1.7645002176049727,1.7645002176049727,1780767.0
2025-02-26,1.7873377544813316,1.7873377544813316,2489085.0
2025-02-27,1.8053673888574042,1.8053673888574042,1896872.0
2025-02-28,1.7921456569816177,1.7921456569816177,2325641.0
2025-03-03,1.788539730106403,1.788539730106403,2091124.0
2025-03-04,1.788539730106403,1.788539730106403,1493668.0
2025-03-05,1.796953559481904,1.796953559481904,1039015.0
2025-03-06,1.799357510732047,1.799357510732047,2007142.0
2025-03-07,1.799357510732047,1.799357510732047,1867044.0
2025-03-10,1.8053673888574044,1.8053673888574044,1458491.0
2025-03-11,1.8125792426078335,1.8125792426078335,1490929.0
2025-03-12,1.8089733157326189,1.8089733157326189,1062561.0
2025-03-13,1.823397023233477,1.823397023233477,1393128.0
2025-03-14,1.835416779484192,1.835416779484192,2041597.0
2025-03-17,1.842628633234621,1.842628633234621,1474209.0
2025-03-18,1.8390227063594065,1.8390227063594065,1290620.0
2025-03-19,1.8414266576095495,1.8414266576095495,1231458.0
2025-03-20,1.8353573541896104,1.8353573541896104,1371577.0
2025-03-21,1.830501911453659,1.830501911453659,1451610.0
2025-03-24,1.8402127969255617,1.8402127969255617,1370561.0
2025-03-25,1.8523514037654403,1.8523514037654403,1589197.0
2025-03-26,1.8511375430814523,1.8511375430814523,1405330.0
2025-03-27,1.846282100345501,1.846282100345501,1026918.0
2025-03-28,1.8353573541896107,1.8353573541896107,1207991.0
2025-03-31,1.8256464687177079,1.8256464687177079,1283231.0
2025-04-01,1.8414266576095495,1.8414266576095495,1051629.0
2025-04-02,1.8462821003455008,1.8462821003455008,1064315.0
2025-04-03,1.851137543081452,1.851137543081452,1150913.0
2025-04-07,1.732179196050644,1.732179196050644,5100349.0
2025-04-08,1.7722365986222424,1.7722365986222424,2605560.0
2025-04-09,1.7746643199902181,1.7746643199902181,2839340.0
2025-04-10,1.7928722302500357,1.7928722302500357,2533745.0
2025-04-11,1.7880167875140844,1.7880167875140844,1737432.0
2025-04-14,1.8025831157219383,1.8025831157219383,1028205.0
2025-04-15,1.8098662798258653,1.8098662798258653,952462.0
2025-04-16,1.8135078618778286,1.8135078618778286,1463960.0
2025-04-17,1.812294001193841,1.812294001193841,798448.0
2025-04-18,1.8147217225618169,1.8147217225618169,855277.0
2025-04-21,1.812294001193841,1.812294001193841,1094829.0
2025-04-22,1.820791025981756,1.820791025981756,1256911.0
2025-04-23,1.8135078618778289,1.8135078618778289,3110227.0
2025-04-24,1.820791025981756,1.820791025981756,1137828.0
2025-04-25,1.8183633046137804,1.8183633046137804,821686.0
2025-04-28,1.8207910259817561,1.8207910259817561,1233278.0
2025-04-29,1.8159355832458046,1.8159355832458046,1122031.0
2025-04-30,1.8037969764059263,1.8037969764059263,1297086.0
2025-05-06,1.80743855845789,1.80743855845789,847084.0
2025-05-07,1.8183633046137804,1.8183633046137804,1208746.0
2025-05-08,1.8244326080337192,1.8244326080337192,1071710.0
2025-05-09,1.8317157721376465,1.8317157721376465,1173600.0
2025-05-12,1.8389989362415735,1.8389989362415735,1170452.0
2025-05-13,1.851137543081452,1.851137543081452,1286921.0
2025-05-14,1.8620622892373426,1.8620622892373426,1174409.0
2025-05-15,1.8559929858174034,1.8559929858174034,994668.0
2025-05-16,1.8487098217134763,1.8487098217134763,984555.0
2025-05-19,1.8511375430814518,1.8511375430814518,589865.0
2025-05-20,1.8584207071853789,1.8584207071853789,679292.0
2025-05-21,1.8717731747092452,1.8717731747092452,1101324.0
2025-05-22,1.866917731973294,1.866917731973294,537834.0
2025-05-23,1.8535652644494276,1.8535652644494276,1054937.0
2025-05-26,1.8426405182935373,1.8426405182935373,1187272.0
2025-05-27,1.837785075557586,1.837785075557586,738894.0
2025-05-28,1.8414266576095495,1.8414266576095495,812333.0
2025-05-29,1.8462821003455008,1.8462821003455008,806082.0
2025-05-30,1.851137543081452,1.851137543081452,977692.0
2025-06-03,1.8535652644494276,1.8535652644494276,923006.0
2025-06-04,1.859634567869367,1.859634567869367,605519.0
2025-06-05,1.85235140376544,1.85235140376544,1062220.0
2025-06-06,1.8535652644494278,1.8535652644494278,580984.0
2025-06-09,1.8559929858174036,1.8559929858174036,855493.0
2025-06-10,1.8559929858174036,1.8559929858174036,1230477.0
2025-06-11,1.8657038712893064,1.8657038712893064,1302910.0
2025-06-12,1.8657038712893064,1.8657038712893064,756485.0
2025-06-13,1.8559929858174038,1.8559929858174038,1061752.0
2025-06-16,1.8572068465013918,1.8572068465013918,979894.0
2025-06-17,1.8584207071853796,1.8584207071853796,585772.0
2025-06-18,1.8596465783642615,1.8596465783642615,1019891.0
2025-06-19,1.8461619953965576,1.8461619953965576,940667.0
2025-06-20,1.8535172224698506,1.8535172224698506,731764.0
2025-06-23,1.8608724495431437,1.8608724495431437,1143751.0
2025-06-24,1.8657759342586722,1.8657759342586722,1184232.0
2025-06-25,1.8743570325108474,1.8743570325108474,1622272.0
2025-06-26,1.8780346460474941,1.8780346460474941,1266998.0
2025-06-27,1.870679418974201,1.870679418974201,1522098.0
2025-06-30,1.870679418974201,1.870679418974201,955636.0
2025-07-01,1.8841640019419048,1.8841640019419048,893411.0
2025-07-02,1.8976485849096087,1.8976485849096087,1080171.0
2025-07-03,1.9001003272673729,1.9001003272673729,716592.0
2025-07-04,1.907455554340666,1.907455554340666,1266818.0
2025-07-07,1.9172625237717233,1.9172625237717233,1305976.0
2025-07-08,1.9209401373083697,1.9209401373083697,990725.0
2025-07-09,1.9270694932027808,1.9270694932027808,859863.0
2025-07-10,1.9393282049916023,1.9393282049916023,1601351.0
2025-07-11,1.9307471067394268,1.9307471067394268,2378398.0
2025-07-14,1.945457560886013,1.945457560886013,1656687.0
2025-07-15,1.9197142661294875,1.9197142661294875,1582400.0
2025-07-16,1.9148107814139588,1.9148107814139588,1489134.0
2025-07-17,1.9135849102350764,1.9135849102350764,1056693.0
2025-07-18,1.9197142661294875,1.9197142661294875,834750.0
2025-07-21,1.944231689707131,1.944231689707131,1219511.0
2025-07-22,1.9761043403580676,1.9761043403580676,2344291.0
2025-07-23,1.9687491132847745,1.9687491132847745,2248943.0
2025-07-24,1.9773302115369498,1.9773302115369498,1403193.0
2025-07-25,1.9675232421058924,1.9675232421058924,946644.0
2025-07-28,1.94913517442266,1.94913517442266,1306237.0
2025-07-29,1.94913517442266,1.94913517442266,1397957.0
2025-07-30,1.9515869167804243,1.9515869167804243,1115826.0
2025-07-31,1.9197142661294877,1.9197142661294877,1958975.0
2025-08-01,1.9184883949506053,1.9184883949506053,807150.0
2025-08-04,1.9270694932027805,1.9270694932027805,837862.0
2025-08-05,1.9466834320648956,1.9466834320648956,988696.0
2025-08-06,1.9589421438537176,1.9589421438537176,1189702.0
2025-08-07,1.961393886211482,1.961393886211482,1024821.0
2025-08-08,1.9638456285692463,1.9638456285692463,808926.0
2025-08-11,1.9577162726748352,1.9577162726748352,890757.0
2025-08-12,1.9662973709270106,1.9662973709270106,965640.0
2025-08-13,1.9577162726748354,1.9577162726748354,1284062.0
2025-08-14,1.9381023338127206,1.9381023338127206,1391003.0
2025-08-15,1.9454575608860138,1.9454575608860138,1267308.0
2025-08-18,1.9405540761704851,1.9405540761704851,1578641.0
2025-08-19,1.939328204991603,1.939328204991603,1186105.0
2025-08-20,1.9515869167804245,1.9515869167804245,1175285.0
2025-08-21,1.9626197573903639,1.9626197573903639,1483202.0
2025-08-22,1.9589421438537176,1.9589421438537176,1917486.0
2025-08-25,1.9724267268214213,1.9724267268214213,1965187.0
2025-08-26,1.971200855642539,1.971200855642539,1397947.0
2025-08-27,1.9381023338127201,1.9381023338127201,1958546.0
2025-08-28,1.936876462633838,1.936876462633838,2000591.0
2025-08-29,1.9393282049916023,1.9393282049916023,1112398.0
2025-09-01,1.9344247202760736,1.9344247202760736,1232058.0
2025-09-02,1.9393282049916025,1.9393282049916025,1373431.0
2025-09-03,1.922166008487252,1.922166008487252,903952.0
2025-09-04,1.9209401373083697,1.9209401373083697,2020326.0
2025-09-05,1.9258436220238986,1.9258436220238986,1114594.0
2025-09-08,1.943005818528249,1.943005818528249,993103.0
2025-09-09,1.9454575608860136,1.9454575608860136,803718.0
2025-09-10,1.9381023338127206,1.9381023338127206,996082.0
2025-09-11,1.9466834320648958,1.9466834320648958,1381992.0
2025-09-12,1.9368764626338384,1.9368764626338384,1147625.0
2025-09-15,1.9307471067394273,1.9307471067394273,1122015.0
2025-09-16,1.9319729779183097,1.9319729779183097,1140071.0
2025-09-17,1.9356505914549558,1.9356505914549558,1251873.0
2025-09-18,1.9034722568144002,1.9034722568144002,2496375.0
2025-09-19,1.9170861676238657,1.9170861676238657,1002153.0
2025-09-22,1.905947513325212,1.905947513325212,1052864.0
2025-09-23,1.910898026346836,1.910898026346836,1291289.0
2025-09-24,1.91584853936846,1.91584853936846,1051940.0
2025-09-25,1.905947513325212,1.905947513325212,1154248.0
2025-09-26,1.9121356546022419,1.9121356546022419,900451.0
2025-09-29,1.923274308900896,1.923274308900896,1547108.0
2025-09-30,1.918323795879272,1.918323795879272,1065311.0
2025-10-09,1.9294624501779256,1.9294624501779256,1509396.0
2025-10-10,1.9492645022644213,1.9492645022644213,1840796.0
2025-10-13,1.9455516174982035,1.9455516174982035,1871120.0
2025-10-14,1.9628784130738874,1.9628784130738874,2488677.0
2025-10-15,1.9715418108617293,1.9715418108617293,1263492.0
2025-10-16,1.9777299521387592,1.9777299521387592,1978048.0
2025-10-17,1.9641160413292933,1.9641160413292933,2105926.0
2025-10-20,1.9789675803941653,1.9789675803941653,2578272.0
2025-10-21,1.9802052086495716,1.9802052086495716,1229966.0
2025-10-22,1.9814428369049772,1.9814428369049772,899260.0
2025-10-23,1.996294375969849,1.996294375969849,1596594.0
2025-10-24,1.9888686064374133,1.9888686064374133,1446066.0
2025-10-27,2.0000072607360675,2.0000072607360675,1598818.0
2025-10-28,1.9888686064374135,1.9888686064374135,1461438.0
2025-10-29,1.9876309781820076,1.9876309781820076,2217959.0
2025-10-30,1.9789675803941658,1.9789675803941658,1274824.0
2025-10-31,1.9789675803941658,1.9789675803941658,1120165.0
2025-11-03,2.000007260736068,2.000007260736068,1358470.0
2025-11-04,2.004957773757692,2.004957773757692,1578881.0
2025-11-05,2.0148587998009395,2.0148587998009395,1125330.0
2025-11-06,2.0185716845671577,2.0185716845671577,1048446.0
2025-11-07,2.0235221975887816,2.0235221975887816,830696.0
2025-11-10,2.0371361083982475,2.0371361083982475,1115766.0
2025-11-11,2.0334232236320298,2.0334232236320298,1078191.0
2025-11-12,2.0383737366536536,2.0383737366536536,1093491.0
2025-11-13,2.0396113649090593,2.0396113649090593,1225168.0
2025-11-14,2.0297103388658115,2.0297103388658115,929776.0
2025-11-17,2.019809312822564,2.019809312822564,1101196.0
2025-11-18,1.9925814912036326,1.9925814912036326,1672846.0
2025-11-19,1.9950567477144445,1.9950567477144445,1438788.0
2025-11-20,1.9901062346928204,1.9901062346928204,1387107.0
2025-11-21,1.9591655283076708,1.9591655283076708,2617131.0
2025-11-24,1.948026874009017,1.948026874009017,2110385.0
2025-11-25,1.9566902717968588,1.9566902717968588,1362348.0
2025-11-26,1.949264502264423,1.949264502264423,1743549.0
2025-11-27,1.9517397587752352,1.9517397587752352,1504194.0
2025-11-28,1.9542150152860474,1.9542150152860474,1613083.0
2025-12-01,1.9665912978401072,1.9665912978401072,1623054.0
2025-12-02,1.9653536695847014,1.9653536695847014,907463.0
2025-12-03,1.9628784130738892,1.9628784130738892,962346.0
2025-12-04,1.956690271796859,1.956690271796859,1234142.0
2025-12-05,1.956690271796859,1.956690271796859,1114085.0
2025-12-08,1.9480268740090172,1.9480268740090172,1381369.0
2025-12-09,1.9307000784333332,1.9307000784333332,1229874.0
2025-12-10,1.9319377066887393,1.9319377066887393,999123.0
2025-12-11,1.9133732828576497,1.9133732828576497,1602305.0
2025-12-12,1.9146109111130558,1.9146109111130558,1363253.0
2025-12-15,1.9269871936671157,1.9269871936671157,1363436.0
2025-12-16,1.910898026346838,1.910898026346838,2026981.0
2025-12-17,1.915848539368462,1.915848539368462,1259084.0
2025-12-18,1.9307000784333337,1.9307000784333337,986784.0
2025-12-19,1.9332074811325979,1.9332074811325979,895050.0
2025-12-22,1.9244315716851734,1.9244315716851734,1909058.0
2025-12-23,1.9231778703355416,1.9231778703355416,1433378.0
2025-12-24,1.9294463770837014,1.9294463770837014,910381.0
2025-12-25,1.9357148838318619,1.9357148838318619,782135.0
2025-12-26,1.943237091929654,1.943237091929654,1564120.0
2025-12-29,1.9394759878807577,1.9394759878807577,1051403.0
2025-12-30,1.9394759878807577,1.9394759878807577,1136282.0
2025-12-31,1.9432370919296538,1.9432370919296538,2050467.0
2026-01-05,1.9457444946289177,1.9457444946289177,1932408.0
2026-01-06,1.9670574175726623,1.9670574175726623,1955511.0
2026-01-07,1.9720722229711904,1.9720722229711904,1544556.0
2026-01-08,1.9658037162230304,1.9658037162230304,1811600.0
2026-01-09,1.9708185216215588,1.9708185216215588,1411081.0
2026-01-12,1.975833327020087,1.975833327020087,2093047.0
2026-01-13,1.970818521621559,1.970818521621559,1253337.0
2026-01-14,1.9595352094748706,1.9595352094748706,1602732.0
2026-01-15,1.9532667027267105,1.9532667027267105,1101634.0
2026-01-16,1.9394759878807581,1.9394759878807581,1448456.0
2026-01-19,1.9520130013770784,1.9520130013770784,1369350.0
2026-01-20,1.9795944310689833,1.9795944310689833,1499571.0
2026-01-21,1.9670574175726627,1.9670574175726627,1294911.0
2026-01-22,1.9808481324186153,1.9808481324186153,1451631.0
2026-01-23,1.9808481324186153,1.9808481324186153,1373487.0
2026-01-26,1.9946388472645677,1.9946388472645677,1246131.0
2026-01-27,1.9808481324186153,1.9808481324186153,921304.0
2026-01-28,2.005922159411256,2.005922159411256,2223455.0
2026-01-29,2.030996186403897,2.030996186403897,1626990.0
2026-01-30,2.012190666159416,2.012190666159416,1719880.0
2026-02-02,1.9507593000274464,1.9507593000274464,2735921.0
2026-02-03,1.9632963135237667,1.9632963135237667,1680646.0
2026-02-04,2.017205471557944,2.017205471557944,2606380.0
2026-02-05,2.0109369648097837,2.0109369648097837,1300665.0
2026-02-06,2.0034147567119915,2.0034147567119915,1079961.0
2026-02-09,2.0146980688586797,2.0146980688586797,1520456.0
2026-02-10,2.0234739783061038,2.0234739783061038,772761.0
2026-02-11,2.0372646931520557,2.0372646931520557,1257448.0
2026-02-12,2.0322498877535273,2.0322498877535273,1172316.0
2026-02-13,2.0046684580616225,2.0046684580616225,1197975.0
2026-02-24,2.0309961864038955,2.0309961864038955,1116290.0
2026-02-25,2.0422794985505837,2.0422794985505837,1736533.0
2026-02-26,2.0397720958513195,2.0397720958513195,968374.0
2026-02-27,2.057323914746168,2.057323914746168,1074114.0
2026-03-02,2.0849053444380727,2.0849053444380727,1695748.0
2026-03-03,2.101203461983289,2.101203461983289,2758542.0
2026-03-04,2.069860928242488,2.069860928242488,1432793.0
2026-03-05,2.067353525543224,2.067353525543224,1349324.0
2026-03-06,2.07111462959212,2.07111462959212,1175183.0
2026-03-09,2.072368330941752,2.072368330941752,2634724.0
2026-03-10,2.057323914746168,2.057323914746168,1280939.0
2026-03-11,2.0861590457877046,2.0861590457877046,2102250.0
2026-03-12,2.1149941768292413,2.1149941768292413,3316633.0
2026-03-13,2.101203461983289,2.101203461983289,1739867.0
2026-03-16,2.088666448486969,2.088666448486969,1615386.0
2026-03-17,2.0748757336410164,2.0748757336410164,1862258.0
2026-03-18,2.0610850187950644,2.0610850187950644,2038561.0
2026-03-19,2.0484325631855183,2.0484325631855183,1572778.0
2026-03-20,2.039575844258836,2.039575844258836,1345005.0
2026-03-23,1.9914965129425604,1.9914965129425604,3003947.0
2026-03-24,2.018066669722607,2.018066669722607,2584983.0
2026-03-25,2.023127651966425,2.023127651966425,2139486.0
2026-03-26,2.0243928975273797,2.0243928975273797,1547268.0
2026-03-27,2.028188634210243,2.028188634210243,1300164.0
2026-03-30,2.0496978087464717,2.0496978087464717,1526314.0
2026-03-31,2.026923388649289,2.026923388649289,2073376.0
2026-04-01,2.026923388649289,2.026923388649289,1668331.0
2026-04-02,2.029453879771198,2.029453879771198,1418364.0
2026-04-03,1.999087986308287,1.999087986308287,2650103.0
2026-04-07,2.006679459674015,2.006679459674015,2029325.0
2026-04-08,2.0205971608445155,2.0205971608445155,2215222.0
2026-04-09,2.0079447052349693,2.0079447052349693,1561840.0
2026-04-10,2.0104751963568783,2.0104751963568783,1644894.0
2026-04-13,2.007944705234969,2.007944705234969,1304812.0
2026-04-14,2.0130056874787874,2.0130056874787874,1366698.0
2026-04-15,2.0218624064054698,2.0218624064054698,1845832.0
2026-04-16,2.0269233886492883,2.0269233886492883,1976534.0
2026-04-17,2.0130056874787874,2.0130056874787874,1598725.0
2026-04-20,2.014270933039742,2.014270933039742,1570159.0
2026-04-21,2.034514862015016,2.034514862015016,1914394.0
2026-04-22,2.031984370893107,2.031984370893107,1631933.0
2026-04-23,2.0433715809416984,2.0433715809416984,2086552.0
2026-04-24,2.0433715809416984,2.0433715809416984,1251012.0
2026-04-27,2.03831059869788,2.03831059869788,1280283.0
2026-04-28,2.0560240365512445,2.0560240365512445,1658408.0
2026-04-29,2.0762679655265184,2.0762679655265184,1831787.0
2026-04-30,2.069941737721745,2.069941737721745,1547002.0
2026-05-06,2.0800637022093817,2.0800637022093817,1941725.0
2026-05-07,2.047167317624562,2.047167317624562,2751988.0
2026-05-08,2.040841089819789,2.040841089819789,1728469.0
2026-05-11,2.0471673176245617,2.0471673176245617,2754523.0
2026-05-12,2.045902072063607,2.045902072063607,2156755.0
2026-05-13,2.0357801075759703,2.0357801075759703,2477707.0
2026-05-14,2.020597160844515,2.020597160844515,1892088.0
2026-05-15,2.014270933039742,2.014270933039742,2364896.0
2026-05-18,2.004148968552105,2.004148968552105,3413554.0
2026-05-19,2.0079447052349684,2.0079447052349684,1486843.0
2026-05-20,2.0003532318692407,2.0003532318692407,1811455.0
2026-05-21,1.9750483206501483,1.9750483206501483,2641729.0
2026-05-22,1.9687220928453755,1.9687220928453755,2393429.0
2026-05-25,1.9775788117720576,1.9775788117720576,2089270.0
2026-05-26,1.980109302893967,1.980109302893967,1773118.0
2026-05-27,1.9636611106015571,1.9636611106015571,2983845.0
2026-05-28,1.9586001283577388,1.9586001283577388,1959134.0
2026-05-29,1.9877007762596948,1.9877007762596948,2563670.0
2026-06-01,2.0345148620150155,2.0345148620150155,3749666.0
2026-06-02,2.029453879771197,2.029453879771197,3622745.0
2026-06-03,2.031984370893106,2.031984370893106,3125430.0
2026-06-04,2.021862406405469,2.021862406405469,2307672.0
2026-06-05,2.0243928975273784,2.0243928975273784,2053923.0
2026-06-08,2.0041489685521046,2.0041489685521046,2693339.0
2026-06-09,2.00288372299115,2.00288372299115,1786844.0
2026-06-10,1.9889660218206493,1.9889660218206493,1737479.0
2026-06-11,1.9826397940158762,1.9826397940158762,1287387.0
2026-06-12,2.013005687478787,2.013005687478787,1887103.0
2026-06-15,1.9952922496254224,1.9952922496254224,2209277.0
2026-06-16,1.9623958650406024,1.9623958650406024,3953229.0
2026-06-17,1.9446824271872376,1.9446824271872376,3856997.0
2026-06-18,1.907990305919554,1.907990305919554,4064348.0
2026-06-22,1.9272240791647106,1.9272240791647106,3797917.0
2026-06-23,1.9144015636679397,1.9144015636679397,2287729.0
2026-06-24,1.8887565326743974,1.8887565326743974,2769626.0
2026-06-25,1.8656760047802092,1.8656760047802092,2393141.0
2026-06-26,1.8323374644886041,1.8323374644886041,3384576.0
2026-06-29,1.841313225336344,1.841313225336344,3088154.0
2026-06-30,1.8079746850447387,1.8079746850447387,3176970.0
2026-07-01,1.8387487222369896,1.8387487222369896,2993477.0
2026-07-02,1.8567002439324691,1.8567002439324691,3242384.0
2026-07-03,1.877216268727303,1.877216268727303,2221570.0
2026-07-06,1.9105548090189084,1.9105548090189084,2985348.0
2026-07-07,1.8861920295750434,1.8861920295750434,2705202.0
2026-07-08,1.8977322935221375,1.8977322935221375,2323127.0
2026-07-09,1.8733695140782722,1.8733695140782722,2659061.0
2026-07-10,1.872087262528595,1.872087262528595,2132973.0
2026-07-13,1.881063023376335,1.881063023376335,2302303.0
2026-07-14,1.915683815217617,1.915683815217617,3146063.0
2026-07-15,1.9438933493105135,1.9438933493105135,2992217.0
2026-07-16,1.9246595760653566,1.9246595760653566,2560940.0
2026-07-17,1.91440156366794,1.91440156366794,3267736.0
2026-07-20,1.970820631853733,1.970820631853733,3950260.0
2026-07-21,1.9541513617079305,1.9541513617079305,4095498.0
2026-07-22,1.9746673865027644,1.9746673865027644,2962980.0
2026-07-23,1.993901159747921,1.993901159747921,2491028.0
2026-07-24,1.9631271225556701,1.9631271225556701,2361578.0
2026-07-27,1.9721028834034102,1.9721028834034102,1640023.0
2026-07-28,1.9721028834034102,1.9721028834034102,2084547.0
2026-07-29,2.001594669045984,2.001594669045984,3229680.0
2026-07-30,2.0221106938408178,2.0221106938408178,2835650.0
2026-07-31,2.0221106938408178,2.0221106938408178,2974049.0
2026-08-03,2.014417184542755,2.014417184542755,2188572.0
2026-08-04,1.9849253989001816,1.9849253989001816,3337552.0
2026-08-05,1.9797963927014732,1.9797963927014732,2591619.0
2026-08-06,2.0041591721453385,2.0041591721453385,2800095.0
2026-08-07,1.99903016594663,1.99903016594663,2024229.0
2026-08-10,2.022110693840818,2.022110693840818,2196714.0
2026-08-11,2.011852681443401,2.011852681443401,2385157.0
2026-08-12,2.0067236752446926,2.0067236752446926,1553159.0
2026-08-13,1.986207650449859,1.986207650449859,1912705.0
2026-08-14,1.993901159747922,1.993901159747922,1623289.0
2026-08-17,1.9990301659466305,1.9990301659466305,1857608.0
2026-08-18,2.0105704298937246,2.0105704298937246,3061646.0
2026-08-19,2.018263939191787,2.018263939191787,2776382.0
2026-08-20,2.0323687062382354,2.0323687062382354,2283844.0
2026-08-21,2.0285219515892043,2.0285219515892043,1648998.0
2026-08-24,2.0541669825827467,2.0541669825827467,3401887.0
2026-08-25,2.0439089701853295,2.0439089701853295,2269031.0
2026-08-26,2.0592959887814546,2.0592959887814546,2192007.0
2026-08-27,2.064424994980163,2.064424994980163,2060095.0
2026-08-28,2.0695540011788713,2.0695540011788713,1933925.0
2026-08-31,2.079812013576288,2.079812013576288,2276052.0
2026-09-01,2.077247510476934,2.077247510476934,4437272.0
2026-09-02,2.045191221735006,2.045191221735006,2650556.0
2026-09-03,2.0503202279337143,2.0503202279337143,2171374.0
2026-09-04,2.0567314856821004,2.0567314856821004,1281183.0
2026-09-07,2.0298042031388808,2.0298042031388808,2801205.0
2026-09-08,2.0580137372317777,2.0580137372317777,1980440.0
2026-09-09,2.0785297620266117,2.0785297620266117,2912519.0
2026-09-10,2.0669894980795176,2.0669894980795176,1419037.0
2026-09-11,2.0336509577879127,2.0336509577879127,3040320.0
2026-09-14,2.027239700039527,2.027239700039527,1821858.0
2026-09-15,2.015699436092433,2.015699436092433,1860055.0
2026-09-16,2.006723675244693,2.006723675244693,2449930.0
2026-09-17,1.9950717313239172,1.9950717313239172,2163819.0
2026-09-18,1.9924824104526337,1.9924824104526337,1876409.0
2026-09-21,2.015786298294185,2.015786298294185,1956937.0
2026-09-22,2.0144916378585433,2.0144916378585433,2891086.0
2026-09-23,1.9976610521952007,1.9976610521952007,1582565.0
2026-09-24,1.9950717313239175,1.9950717313239175,1426318.0
