year,v9,v91,v92,simple,h,balanced_a,balanced_b,balanced_c
2014,0.6557896119702036,0.6557896119702036,0.6557896119702036,0.6948607501870516,0.6244947951951385,0.6613648606443283,0.6544316071773131,0.6544316071773131
2015,0.9094737725217636,0.9054523485930741,0.9054523485930741,0.9054523485930748,1.0257736452027109,1.025773645202705,0.9622564333694603,0.8754475312707564
2016,0.3462145136103023,0.303332743381999,0.13213678980344312,0.13213678980344268,0.1733047204230731,0.17330472042307443,0.20528119260768674,0.20528119260768718
2017,0.11220144696563072,0.1009428332841118,0.20147848609013774,0.2014784860901384,0.25485583450073257,0.25485583450073235,0.26168158836063715,0.2616815883606358
2018,0.17572313781023086,0.17572313781022952,0.3583208682139811,0.30656551384389563,0.31188554303879856,0.31188554303879856,0.42740014406520555,0.4274001440652051
2019,0.33339189182751827,0.34220696303053244,0.34220696303053333,0.332967774537551,0.5435730314419251,0.5534665195477448,0.5212430167088253,0.5005539907520646
2020,0.6395338362039726,0.6395338362039693,0.6395338362039722,0.84756726732486,0.8519952046843613,0.9652131368460743,0.8538691575294166,0.925317005034844
2021,0.16153443429439318,0.1700005451174018,0.17000054511740137,0.22750652309780794,0.21463602882797983,0.15086172925876684,0.1259980697538452,0.15122730196182954
2022,0.1331553397714471,0.1331553397714471,0.23932310521933786,0.2657943096933839,0.32914807595073925,0.329148075950739,0.3009184638958462,0.3009184638958462
2023,0.2592521175490361,0.2592521175490363,0.25616575885730053,0.2751506078342838,0.3847460713514106,0.3658053764649256,0.3629104871757052,0.3629104871757052
2024,0.7166244131992485,0.7443096821973714,0.7443096821973723,0.7469603481742706,0.9308429345553906,0.9756745628153023,0.7425869838464434,0.8752274550349126
2025,0.9508150360536305,0.9565248799587553,0.9540606752805343,1.0263052864402962,0.9865682613186952,1.004825037164652,1.1181727985774175,1.1170667858511716
2026,0.4168824458974081,0.5074142913873265,0.5736323208272636,0.7526752643965555,0.4547058602611418,0.5241473467487452,0.5902906277449991,0.5712968410643964
