cash_scenario,role,execution,cagr,max_dd,return_2026
base,v9,close_11bp,0.3761350549382291,-0.2551926138948235,0.3342734224475896
base,v9,close_1bp,0.4323983860276848,-0.24164829045993086,0.4168824458974081
base,v9,close_21bp,0.32197540618132103,-0.2699458576050838,0.25632934908213034
base,v9,close_5bp,0.4096357262814272,-0.24709206819470486,0.38326215148555054
base,v9,lag1_11bp,0.251966760840919,-0.41581979748092,-0.1698665105086059
base,v9,lag1_1bp,0.30315346677171734,-0.37965138159484657,-0.11847036055451332
base,v9,lag1_21bp,0.20269392255433683,-0.44994577480891784,-0.21836030834604392
base,v9,lag1_5bp,0.2824446756626021,-0.39437123591244516,-0.13938761173279768
base,v91,close_11bp,0.38266300552162946,-0.2551926138948233,0.42522328650643115
base,v91,close_1bp,0.43805843540364564,-0.2416482904599313,0.5074142913873265
base,v91,close_21bp,0.3292966864859238,-0.2685214828291864,0.34736212519718457
base,v91,close_5bp,0.41565216149700085,-0.24709206819470475,0.47400375895388724
base,v91,lag1_11bp,0.25100011699742547,-0.4065349923599627,-0.15667258911059834
base,v91,lag1_1bp,0.3011205649929087,-0.37231054079409753,-0.10803885711867478
base,v91,lag1_21bp,0.2027155595233477,-0.4389564908919745,-0.20274428341804096
base,v91,lag1_5bp,0.28084790913479196,-0.3862227341139759,-0.12780840346295008
base,v92,close_11bp,0.4017165749350781,-0.2551926138948233,0.4848545543744833
base,v92,close_1bp,0.4631748938609171,-0.24164829045993053,0.5736323208272636
base,v92,close_21bp,0.34272410391193076,-0.2685214828291862,0.4009220247153171
base,v92,close_5bp,0.43828948457422134,-0.24709206819470464,0.5375228735639359
base,v92,lag1_11bp,0.2535858486289701,-0.42130556485075676,-0.17766191197826064
base,v92,lag1_1bp,0.3085493699738798,-0.38670608218772573,-0.12849525218081392
base,v92,lag1_21bp,0.20082758909729756,-0.4540167066246511,-0.2241451959870555
base,v92,lag1_5bp,0.28629380313749064,-0.40077906740101765,-0.14849328749987079
base,simple,close_11bp,0.4389474363923054,-0.22772525646887376,0.6571115285120666
base,simple,close_1bp,0.5013274220535505,-0.2168241959895013,0.7526752643965555
base,simple,close_21bp,0.3790419043804912,-0.24125034880999185,0.5665821151559616
base,simple,close_5bp,0.4760723676838682,-0.22120034176160808,0.7138287348784416
base,simple,lag1_11bp,0.27380788854659643,-0.3838739081232354,-0.12447066776514171
base,simple,lag1_1bp,0.3290288895457287,-0.35138613259435736,-0.07397988761834973
base,simple,lag1_21bp,0.22077736268142203,-0.41753340097648706,-0.17230158044634958
base,simple,lag1_5bp,0.30667220946960877,-0.3627860392022717,-0.09450432152846855
base,h,close_11bp,0.4587792415770985,-0.2554158840961791,0.38090796700904583
base,h,close_1bp,0.5331044487823025,-0.23883339122470115,0.4547058602611418
base,h,close_21bp,0.387918940644251,-0.2716693057383909,0.3107169508569354
base,h,close_5bp,0.5029483689710516,-0.24550625775716883,0.4247426966844945
base,h,lag1_11bp,0.3143942902292667,-0.3729659278014614,-0.10783075787133412
base,h,lag1_1bp,0.3817989638706443,-0.3512536935218221,-0.060151830624633584
base,h,lag1_21bp,0.2501521931681165,-0.4040767528407403,-0.1531793742750096
base,h,lag1_5bp,0.35444820297986834,-0.3600221441322904,-0.07951026259736915
base,balanced_a,close_11bp,0.4713847596242905,-0.22284993832217181,0.44972668852845277
base,balanced_a,close_1bp,0.5451329304412805,-0.2061106673553631,0.5241473467487452
base,balanced_a,close_21bp,0.4010190569600919,-0.2428586306693966,0.3788013262185972
base,balanced_a,close_5bp,0.5152179738193909,-0.21244022806997997,0.493949267348899
base,balanced_a,lag1_11bp,0.31958542319235456,-0.3483759888900021,-0.07402730895959408
base,balanced_a,lag1_1bp,0.38616246344656097,-0.3149253473292949,-0.026493178763510428
base,balanced_a,lag1_21bp,0.2560820060722337,-0.3802555627734683,-0.11932891589057437
base,balanced_a,lag1_5bp,0.3591538516027017,-0.32849879795419756,-0.04578136395551402
base,balanced_b,close_11bp,0.45959059729576546,-0.21117899310552746,0.5065946243801549
base,balanced_b,close_1bp,0.5363790425538925,-0.2016446047948911,0.5902906277449991
base,balanced_b,close_21bp,0.3864974076193424,-0.22061830463737553,0.42714866825450093
base,balanced_b,close_5bp,0.5052089684303802,-0.20546981816313004,0.5562884929327072
base,balanced_b,lag1_11bp,0.3187283331427787,-0.30980689170273634,0.05303155963998263
base,balanced_b,lag1_1bp,0.38810607413911735,-0.2852423733254561,0.11153072825023669
base,balanced_b,lag1_21bp,0.2526892257624882,-0.3356232239379914,-0.0024970462187472453
base,balanced_b,lag1_5bp,0.359944163553373,-0.2943383902688539,0.08776499825686934
base,balanced_c,close_11bp,0.4657956835090582,-0.211178993105527,0.48265083263043995
base,balanced_c,close_1bp,0.5438845287618115,-0.2016446047948912,0.5712968410643964
base,balanced_c,close_21bp,0.39151161001994905,-0.22868278296470013,0.398842870013951
base,balanced_c,close_5bp,0.5121806628792227,-0.20546981816313015,0.5352409850257922
base,balanced_c,lag1_11bp,0.34833708941102837,-0.29696963283229016,0.10579738722781529
base,balanced_c,lag1_1bp,0.42061660751743546,-0.2682432437967862,0.17191175640841205
base,balanced_c,lag1_21bp,0.279601004163691,-0.3246225883149595,0.04329135138269602
base,balanced_c,lag1_5bp,0.3912685679625301,-0.2798651026797172,0.14502041387227904
cash_lower,v9,close_11bp,0.3795666541344203,-0.2551926138948233,0.33427342244759006
cash_lower,v9,close_1bp,0.4359702862801194,-0.24164829045993064,0.4168824458974101
cash_lower,v9,lag1_11bp,0.25073498812548933,-0.41581979748092024,-0.16986651050860535
cash_lower,v9,lag1_1bp,0.3018713329846275,-0.37965138159484746,-0.11847036055451443
cash_lower,v91,close_11bp,0.38676665164090834,-0.2551926138948232,0.42522328650643226
cash_lower,v91,close_1bp,0.4423264912452889,-0.24164829045993075,0.507414291387327
cash_lower,v91,lag1_11bp,0.24916447572970166,-0.4065349923599634,-0.15667258911059945
cash_lower,v91,lag1_1bp,0.2992113800368613,-0.37231054079409764,-0.10803885711867456
cash_lower,v92,close_11bp,0.40587677070229744,-0.2551926138948232,0.48485455437448377
cash_lower,v92,close_1bp,0.46751749357685707,-0.24164829045993041,0.5736323208272607
cash_lower,v92,lag1_11bp,0.2517464132163656,-0.4213055648507563,-0.1776619119782593
cash_lower,v92,lag1_1bp,0.30662928444251847,-0.3867060821877264,-0.12849525218081514
cash_lower,simple,close_11bp,0.4437190719782084,-0.22772525646887365,0.6571115285120646
cash_lower,simple,close_1bp,0.5058307150804822,-0.2168241959895012,0.7526752643965535
cash_lower,simple,lag1_11bp,0.2723802707073713,-0.3838739081232351,-0.12447066776514082
cash_lower,simple,lag1_1bp,0.3271205805075755,-0.35138613259435847,-0.0739798876183495
cash_lower,h,close_11bp,0.46429572030297034,-0.2554158840961782,0.449014962886251
cash_lower,h,close_1bp,0.5393876283211272,-0.2388333912247007,0.5325780066665784
cash_lower,h,lag1_11bp,0.3131833709450622,-0.37993147037172226,-0.11774161138226868
cash_lower,h,lag1_1bp,0.3809616019235323,-0.355886037348526,-0.06686277421224329
cash_lower,balanced_a,close_11bp,0.4769489070241834,-0.22284993832217126,0.5212278543972653
cash_lower,balanced_a,close_1bp,0.5514654067582226,-0.20611066735536276,0.6057367790675039
cash_lower,balanced_a,lag1_11bp,0.31836972144442566,-0.3556146940743572,-0.08431367533794032
cash_lower,balanced_a,lag1_1bp,0.3853224572446789,-0.3198170920782679,-0.0334444604410743
cash_lower,balanced_b,close_11bp,0.4651101442217003,-0.21117899310552735,0.5809005421695381
cash_lower,balanced_b,close_1bp,0.5426756424833503,-0.2016446047948911,0.6754207890882147
cash_lower,balanced_b,lag1_11bp,0.31751342101093266,-0.3154688389385162,0.041333732549369895
cash_lower,balanced_b,lag1_1bp,0.38726489012072457,-0.2903460680154333,0.10359389307170042
cash_lower,balanced_c,close_11bp,0.47133869541524037,-0.21117899310552735,0.5557758319481059
cash_lower,balanced_c,close_1bp,0.550211888707266,-0.20164460479489132,0.6554102422655161
cash_lower,balanced_c,lag1_11bp,0.34709489945683103,-0.3047793965561709,0.09351339961640748
cash_lower,balanced_c,lag1_1bp,0.4197557223093306,-0.27346832000669763,0.16354377321370417
cash_upper,v9,close_11bp,0.3761605520181048,-0.2551926138948234,0.33427342244758984
cash_upper,v9,close_1bp,0.43242492555658535,-0.24164829045993075,0.41688244589740897
cash_upper,v9,lag1_11bp,0.2520188206240928,-0.415819797480921,-0.16986651050860602
cash_upper,v9,lag1_1bp,0.3032076550209937,-0.37965138159484735,-0.11847036055451454
cash_upper,v91,close_11bp,0.3826886235516089,-0.2551926138948233,0.42522328650643293
cash_upper,v91,close_1bp,0.4380850798021449,-0.24164829045993086,0.5074142913873296
cash_upper,v91,lag1_11bp,0.25105213658522807,-0.40653499235996393,-0.15667258911060067
cash_upper,v91,lag1_1bp,0.30117466870924964,-0.3723105407940983,-0.108038857118675
cash_upper,v92,close_11bp,0.4017425459902779,-0.2551926138948235,0.48485455437448466
cash_upper,v92,close_1bp,0.4632020036180642,-0.24164829045993097,0.5736323208272618
cash_upper,v92,lag1_11bp,0.2536379757377009,-0.42130556485075643,-0.1776619119782592
cash_upper,v92,lag1_1bp,0.3086037825977642,-0.3867060821877264,-0.1284952521808138
cash_upper,simple,close_11bp,0.4389740972622479,-0.22772525646887365,0.6571115285120694
cash_upper,simple,close_1bp,0.5013552387021142,-0.21682419598950087,0.7526752643965555
cash_upper,simple,lag1_11bp,0.2738608565362885,-0.3838739081232345,-0.12447066776514093
cash_upper,simple,lag1_1bp,0.32908415375719635,-0.351386132594358,-0.07397988761834973
cash_upper,h,close_11bp,0.4588062698914417,-0.25541588409617766,0.3809079670090505
cash_upper,h,close_1bp,0.5331328541967628,-0.23883339122470115,0.45470586026114157
cash_upper,h,lag1_11bp,0.3144489458989661,-0.3729659278014599,-0.107830757871333
cash_upper,h,lag1_1bp,0.3818564223884732,-0.35125369352182156,-0.06015183062463314
cash_upper,balanced_a,close_11bp,0.4714120214941257,-0.22284993832217137,0.44972668852845277
cash_upper,balanced_a,close_1bp,0.5451615587198819,-0.20611066735536232,0.5241473467487503
cash_upper,balanced_a,lag1_11bp,0.31964029472182265,-0.34837598889000154,-0.07402730895959209
cash_upper,balanced_a,lag1_1bp,0.38622010340917606,-0.3149253473292929,-0.026493178763508207
cash_upper,balanced_b,close_11bp,0.45915781170085335,-0.21117899310552724,0.5065946243801549
cash_upper,balanced_b,close_1bp,0.5359234882915024,-0.20164460479489132,0.5902906277449993
cash_upper,balanced_b,lag1_11bp,0.31880497644383676,-0.30980689170273656,0.053031559639982184
cash_upper,balanced_b,lag1_1bp,0.38818674961189353,-0.285242373325456,0.11153072825023513
cash_upper,balanced_c,close_11bp,0.4653610580338858,-0.21117899310552746,0.4826508326304393
cash_upper,balanced_c,close_1bp,0.543426749035432,-0.2016446047948912,0.5712968410643968
cash_upper,balanced_c,lag1_11bp,0.34841545354628917,-0.2969696328322905,0.10579738722781751
cash_upper,balanced_c,lag1_1bp,0.42069917247308386,-0.26824324379678666,0.17191175640841294
official_515100,v9,close_11bp,0.3761350549382291,-0.2551926138948235,0.3342734224475896
official_515100,v9,close_1bp,0.4323983860276848,-0.24164829045993086,0.4168824458974081
official_515100,v9,lag1_11bp,0.251966760840919,-0.41581979748092,-0.1698665105086059
official_515100,v9,lag1_1bp,0.30315346677171734,-0.37965138159484657,-0.11847036055451332
official_515100,v91,close_11bp,0.38266300552162946,-0.2551926138948233,0.42522328650643115
official_515100,v91,close_1bp,0.43805843540364564,-0.2416482904599313,0.5074142913873265
official_515100,v91,lag1_11bp,0.25100011699742547,-0.4065349923599627,-0.15667258911059834
official_515100,v91,lag1_1bp,0.3011205649929087,-0.37231054079409753,-0.10803885711867478
official_515100,v92,close_11bp,0.4017165749350781,-0.2551926138948233,0.4848545543744833
official_515100,v92,close_1bp,0.4631748938609171,-0.24164829045993053,0.5736323208272636
official_515100,v92,lag1_11bp,0.2535858486289701,-0.42130556485075676,-0.17766191197826064
official_515100,v92,lag1_1bp,0.3085493699738798,-0.38670608218772573,-0.12849525218081392
official_515100,simple,close_11bp,0.4389474363923054,-0.22772525646887376,0.6571115285120666
official_515100,simple,close_1bp,0.5013274220535505,-0.2168241959895013,0.7526752643965555
official_515100,simple,lag1_11bp,0.27380788854659643,-0.3838739081232354,-0.12447066776514171
official_515100,simple,lag1_1bp,0.3290288895457287,-0.35138613259435736,-0.07397988761834973
official_515100,h,close_11bp,0.4587792415770985,-0.2554158840961791,0.38090796700904583
official_515100,h,close_1bp,0.5331044487823025,-0.23883339122470115,0.4547058602611418
official_515100,h,lag1_11bp,0.3143942902292667,-0.3729659278014614,-0.10783075787133412
official_515100,h,lag1_1bp,0.3817989638706443,-0.3512536935218221,-0.060151830624633584
official_515100,balanced_a,close_11bp,0.4713847596242905,-0.22284993832217181,0.44972668852845277
official_515100,balanced_a,close_1bp,0.5451329304412805,-0.2061106673553631,0.5241473467487452
official_515100,balanced_a,lag1_11bp,0.31958542319235456,-0.3483759888900021,-0.07402730895959408
official_515100,balanced_a,lag1_1bp,0.38616246344656097,-0.3149253473292949,-0.026493178763510428
official_515100,balanced_b,close_11bp,0.45959059729576546,-0.21117899310552746,0.5065946243801549
official_515100,balanced_b,close_1bp,0.5363790425538925,-0.2016446047948911,0.5902906277449991
official_515100,balanced_b,lag1_11bp,0.3187283331427787,-0.30980689170273634,0.05303155963998263
official_515100,balanced_b,lag1_1bp,0.38810607413911735,-0.2852423733254561,0.11153072825023669
official_515100,balanced_c,close_11bp,0.4657956835090582,-0.211178993105527,0.48265083263043995
official_515100,balanced_c,close_1bp,0.5438845287618115,-0.2016446047948912,0.5712968410643964
official_515100,balanced_c,lag1_11bp,0.34833708941102837,-0.29696963283229016,0.10579738722781529
official_515100,balanced_c,lag1_1bp,0.42061660751743546,-0.2682432437967862,0.17191175640841205
