role,scenario,cagr,max_dd,return_2026,turnover_equivalent
v9,close_11bp,0.3761350549382291,-0.2551926138948235,0.3342734224475896,254.0
v9,close_1bp,0.4323983860276848,-0.24164829045993086,0.4168824458974081,254.0
v9,close_21bp,0.32197540618132103,-0.2699458576050838,0.25632934908213034,254.0
v9,close_5bp,0.4096357262814272,-0.24709206819470486,0.38326215148555054,254.0
v9,lag1_11bp,0.251966760840919,-0.41581979748092,-0.1698665105086059,254.0
v9,lag1_1bp,0.30315346677171734,-0.37965138159484657,-0.11847036055451332,254.0
v9,lag1_21bp,0.20269392255433683,-0.44994577480891784,-0.21836030834604392,254.0
v9,lag1_5bp,0.2824446756626021,-0.39437123591244516,-0.13938761173279768,254.0
v91,close_11bp,0.38266300552162946,-0.2551926138948233,0.42522328650643115,249.0
v91,close_1bp,0.43805843540364564,-0.2416482904599313,0.5074142913873265,249.0
v91,close_21bp,0.3292966864859238,-0.2685214828291864,0.34736212519718457,249.0
v91,close_5bp,0.41565216149700085,-0.24709206819470475,0.47400375895388724,249.0
v91,lag1_11bp,0.25100011699742547,-0.4065349923599627,-0.15667258911059834,249.0
v91,lag1_1bp,0.3011205649929087,-0.37231054079409753,-0.10803885711867478,249.0
v91,lag1_21bp,0.2027155595233477,-0.4389564908919745,-0.20274428341804096,249.0
v91,lag1_5bp,0.28084790913479196,-0.3862227341139759,-0.12780840346295008,249.0
v92,close_11bp,0.4017165749350781,-0.2551926138948233,0.4848545543744833,272.0
v92,close_1bp,0.4631748938609171,-0.24164829045993053,0.5736323208272636,272.0
v92,close_21bp,0.34272410391193076,-0.2685214828291862,0.4009220247153171,272.0
v92,close_5bp,0.43828948457422134,-0.24709206819470464,0.5375228735639359,272.0
v92,lag1_11bp,0.2535858486289701,-0.42130556485075676,-0.17766191197826064,272.0
v92,lag1_1bp,0.3085493699738798,-0.38670608218772573,-0.12849525218081392,272.0
v92,lag1_21bp,0.20082758909729756,-0.4540167066246511,-0.2241451959870555,272.0
v92,lag1_5bp,0.28629380313749064,-0.40077906740101765,-0.14849328749987079,272.0
simple,close_11bp,0.4389474363923054,-0.22772525646887376,0.6571115285120666,269.0
simple,close_1bp,0.5013274220535505,-0.2168241959895013,0.7526752643965555,269.0
simple,close_21bp,0.3790419043804912,-0.24125034880999185,0.5665821151559616,269.0
simple,close_5bp,0.4760723676838682,-0.22120034176160808,0.7138287348784416,269.0
simple,lag1_11bp,0.27380788854659643,-0.3838739081232354,-0.12447066776514171,269.0
simple,lag1_1bp,0.3290288895457287,-0.35138613259435736,-0.07397988761834973,269.0
simple,lag1_21bp,0.22077736268142203,-0.41753340097648706,-0.17230158044634958,269.0
simple,lag1_5bp,0.30667220946960877,-0.3627860392022717,-0.09450432152846855,269.0
h,close_11bp,0.4587792415770985,-0.2554158840961791,0.38090796700904583,315.0
h,close_1bp,0.5331044487823025,-0.23883339122470115,0.4547058602611418,315.0
h,close_21bp,0.387918940644251,-0.2716693057383909,0.3107169508569354,315.0
h,close_5bp,0.5029483689710516,-0.24550625775716883,0.4247426966844945,315.0
h,lag1_11bp,0.3143942902292667,-0.3729659278014614,-0.10783075787133412,317.0
h,lag1_1bp,0.3817989638706443,-0.3512536935218221,-0.060151830624633584,317.0
h,lag1_21bp,0.2501521931681165,-0.4040767528407403,-0.1531793742750096,317.0
h,lag1_5bp,0.35444820297986834,-0.3600221441322904,-0.07951026259736915,317.0
balanced_a,close_11bp,0.4713847596242905,-0.22284993832217181,0.44972668852845277,310.0
balanced_a,close_1bp,0.5451329304412805,-0.2061106673553631,0.5241473467487452,310.0
balanced_a,close_21bp,0.4010190569600919,-0.2428586306693966,0.3788013262185972,310.0
balanced_a,close_5bp,0.5152179738193909,-0.21244022806997997,0.493949267348899,310.0
balanced_a,lag1_11bp,0.31958542319235456,-0.3483759888900021,-0.07402730895959408,312.0
balanced_a,lag1_1bp,0.38616246344656097,-0.3149253473292949,-0.026493178763510428,312.0
balanced_a,lag1_21bp,0.2560820060722337,-0.3802555627734683,-0.11932891589057437,312.0
balanced_a,lag1_5bp,0.3591538516027017,-0.32849879795419756,-0.04578136395551402,312.0
balanced_b,close_11bp,0.45959059729576546,-0.21117899310552746,0.5065946243801549,325.0
balanced_b,close_1bp,0.5363790425538925,-0.2016446047948911,0.5902906277449991,325.0
balanced_b,close_21bp,0.3864974076193424,-0.22061830463737553,0.42714866825450093,325.0
balanced_b,close_5bp,0.5052089684303802,-0.20546981816313004,0.5562884929327072,325.0
balanced_b,lag1_11bp,0.3187283331427787,-0.30980689170273634,0.05303155963998263,325.0
balanced_b,lag1_1bp,0.38810607413911735,-0.2852423733254561,0.11153072825023669,325.0
balanced_b,lag1_21bp,0.2526892257624882,-0.3356232239379914,-0.0024970462187472453,325.0
balanced_b,lag1_5bp,0.359944163553373,-0.2943383902688539,0.08776499825686934,325.0
balanced_c,close_11bp,0.4657956835090582,-0.211178993105527,0.48265083263043995,329.0
balanced_c,close_1bp,0.5438845287618115,-0.2016446047948912,0.5712968410643964,329.0
balanced_c,close_21bp,0.39151161001994905,-0.22868278296470013,0.398842870013951,329.0
balanced_c,close_5bp,0.5121806628792227,-0.20546981816313015,0.5352409850257922,329.0
balanced_c,lag1_11bp,0.34833708941102837,-0.29696963283229016,0.10579738722781529,331.0
balanced_c,lag1_1bp,0.42061660751743546,-0.2682432437967862,0.17191175640841205,331.0
balanced_c,lag1_21bp,0.279601004163691,-0.3246225883149595,0.04329135138269602,331.0
balanced_c,lag1_5bp,0.3912685679625301,-0.2798651026797172,0.14502041387227904,331.0
