role,year,start,end,sessions,cumulative_return,annualized_244,max_dd
v9,2014,2014-01-02,2014-12-31,245,0.6557896119702036,0.652385042345873,-0.05542589797766373
v9,2015,2015-01-05,2015-12-31,244,0.9094737725217636,0.9094737725217643,-0.20855927375480998
v9,2016,2016-01-04,2016-12-30,244,0.3462145136103023,0.346214513610301,-0.06940063091482662
v9,2017,2017-01-03,2017-12-29,244,0.11220144696563072,0.11220144696563182,-0.10390276846645385
v9,2018,2018-01-02,2018-12-28,243,0.17572313781023086,0.1765066500101232,-0.16631434409612955
v9,2019,2019-01-02,2019-12-31,244,0.33339189182751827,0.333391891827518,-0.11938281919595184
v9,2020,2020-01-02,2020-12-31,243,0.6395338362039726,0.6428730556471081,-0.24164829045993064
v9,2021,2021-01-04,2021-12-31,243,0.16153443429439318,0.16225041781811392,-0.13682063988030002
v9,2022,2022-01-04,2022-12-30,242,0.1331553397714471,0.13432661663057505,-0.160318675225682
v9,2023,2023-01-03,2023-12-29,242,0.2592521175490361,0.26165341462975883,-0.13173529769540704
v9,2024,2024-01-02,2024-12-31,242,0.7166244131992485,0.7243076293216455,-0.13733967384430446
v9,2025,2025-01-02,2025-12-31,243,0.9508150360536305,0.9561871385704646,-0.12244715817491181
v9,2026,2026-01-05,2026-09-24,178,0.4168824458974081,0.6123018772875319,-0.2058248576274947
v91,2014,2014-01-02,2014-12-31,245,0.6557896119702036,0.652385042345873,-0.05542589797766373
v91,2015,2015-01-05,2015-12-31,244,0.9054523485930741,0.9054523485930742,-0.20855927375480998
v91,2016,2016-01-04,2016-12-30,244,0.303332743381999,0.3033327433819986,-0.06940063091482662
v91,2017,2017-01-03,2017-12-29,244,0.1009428332841118,0.10094283328411284,-0.10390276846645385
v91,2018,2018-01-02,2018-12-28,243,0.17572313781022952,0.17650665001012186,-0.16631434409613022
v91,2019,2019-01-02,2019-12-31,244,0.34220696303053244,0.34220696303053205,-0.1193828191959524
v91,2020,2020-01-02,2020-12-31,243,0.6395338362039693,0.642873055647106,-0.2416482904599312
v91,2021,2021-01-04,2021-12-31,243,0.1700005451174018,0.170756735952759,-0.13052915862314296
v91,2022,2022-01-04,2022-12-30,242,0.1331553397714471,0.13432661663057477,-0.16031867522568188
v91,2023,2023-01-03,2023-12-29,242,0.2592521175490363,0.2616534146297594,-0.13173529769540693
v91,2024,2024-01-02,2024-12-31,242,0.7443096821973714,0.752348497902684,-0.13733967384430457
v91,2025,2025-01-02,2025-12-31,243,0.9565248799587553,0.9619363026881531,-0.12244715817491181
v91,2026,2026-01-05,2026-09-24,178,0.5074142913873265,0.7551687741390161,-0.15508095753233542
v92,2014,2014-01-02,2014-12-31,245,0.6557896119702036,0.652385042345873,-0.05542589797766373
v92,2015,2015-01-05,2015-12-31,244,0.9054523485930741,0.9054523485930742,-0.20855927375480998
v92,2016,2016-01-04,2016-12-30,244,0.13213678980344312,0.13213678980344337,-0.13362062605828395
v92,2017,2017-01-03,2017-12-29,244,0.20147848609013774,0.20147848609013919,-0.10390276846645397
v92,2018,2018-01-02,2018-12-28,243,0.3583208682139811,0.3600338189523012,-0.13045531846187197
v92,2019,2019-01-02,2019-12-31,244,0.34220696303053333,0.342206963030533,-0.1193828191959525
v92,2020,2020-01-02,2020-12-31,243,0.6395338362039722,0.6428730556471068,-0.2416482904599303
v92,2021,2021-01-04,2021-12-31,243,0.17000054511740137,0.17075673595275884,-0.1305291586231434
v92,2022,2022-01-04,2022-12-30,242,0.23932310521933786,0.2415227060646119,-0.1880690355120519
v92,2023,2023-01-03,2023-12-29,242,0.25616575885730053,0.25853564635462634,-0.1317352976954066
v92,2024,2024-01-02,2024-12-31,242,0.7443096821973723,0.7523484979026848,-0.13733967384430412
v92,2025,2025-01-02,2025-12-31,243,0.9540606752805343,0.9594551200543338,-0.1224471581749117
v92,2026,2026-01-05,2026-09-24,178,0.5736323208272636,0.8617113373207339,-0.14693134462479518
simple,2014,2014-01-02,2014-12-31,245,0.6948607501870516,0.6912148424924315,-0.05542589797766373
simple,2015,2015-01-05,2015-12-31,244,0.9054523485930748,0.9054523485930747,-0.20855927375480898
simple,2016,2016-01-04,2016-12-30,244,0.13213678980344268,0.13213678980344348,-0.1336206260582835
simple,2017,2017-01-03,2017-12-29,244,0.2014784860901384,0.20147848609014066,-0.10390276846645397
simple,2018,2018-01-02,2018-12-28,243,0.30656551384389563,0.30800407543670627,-0.13045531846187175
simple,2019,2019-01-02,2019-12-31,244,0.332967774537551,0.3329677745375528,-0.1193828191959524
simple,2020,2020-01-02,2020-12-31,243,0.84756726732486,0.8522405162832329,-0.21682419598950087
simple,2021,2021-01-04,2021-12-31,243,0.22750652309780794,0.22854243442978453,-0.10144728285640059
simple,2022,2022-01-04,2022-12-30,242,0.2657943096933839,0.26826239467542623,-0.18806903551205278
simple,2023,2023-01-03,2023-12-29,242,0.2751506078342838,0.2777146995640368,-0.13173529769540637
simple,2024,2024-01-02,2024-12-31,242,0.7469603481742706,0.7550334038624908,-0.13733967384430457
simple,2025,2025-01-02,2025-12-31,243,1.0263052864402962,1.0322027627899522,-0.12244715817491147
simple,2026,2026-01-05,2026-09-24,178,0.7526752643965555,1.1580558108401353,-0.14693134462479518
h,2014,2014-01-02,2014-12-31,245,0.6244947951951385,0.6212808366855912,-0.05542589797766395
h,2015,2015-01-05,2015-12-31,244,1.0257736452027109,1.0257736452027086,-0.20235414559248033
h,2016,2016-01-04,2016-12-30,244,0.1733047204230731,0.17330472042307324,-0.13362062605828384
h,2017,2017-01-03,2017-12-29,244,0.25485583450073257,0.25485583450073174,-0.08769445095312822
h,2018,2018-01-02,2018-12-28,243,0.31188554303879856,0.3133519240912126,-0.12277133876961177
h,2019,2019-01-02,2019-12-31,244,0.5435730314419251,0.5435730314419266,-0.11482244975775568
h,2020,2020-01-02,2020-12-31,243,0.8519952046843613,0.8566979437157138,-0.16764450455228241
h,2021,2021-01-04,2021-12-31,243,0.21463602882797983,0.21560834888536143,-0.08853656179194613
h,2022,2022-01-04,2022-12-30,242,0.32914807595073925,0.3322773190195693,-0.17003057694546098
h,2023,2023-01-03,2023-12-29,242,0.3847460713514106,0.3884763601697335,-0.1265523670062948
h,2024,2024-01-02,2024-12-31,242,0.9308429345553906,0.941370796291878,-0.15773035623316567
h,2025,2025-01-02,2025-12-31,243,0.9865682613186952,0.9921877072654353,-0.12311522665648267
h,2026,2026-01-05,2026-09-24,178,0.4547058602611418,0.6715910358869905,-0.23883339122470149
balanced_a,2014,2014-01-02,2014-12-31,245,0.6613648606443283,0.6579260800519864,-0.05542589797766384
balanced_a,2015,2015-01-05,2015-12-31,244,1.025773645202705,1.0257736452027064,-0.20235414559248088
balanced_a,2016,2016-01-04,2016-12-30,244,0.17330472042307443,0.17330472042307446,-0.13362062605828373
balanced_a,2017,2017-01-03,2017-12-29,244,0.25485583450073235,0.25485583450073196,-0.08769445095312822
balanced_a,2018,2018-01-02,2018-12-28,243,0.31188554303879856,0.31335192409121243,-0.1227713387696121
balanced_a,2019,2019-01-02,2019-12-31,244,0.5534665195477448,0.5534665195477433,-0.11861348086343926
balanced_a,2020,2020-01-02,2020-12-31,243,0.9652131368460743,0.9706845226995494,-0.13399182214235417
balanced_a,2021,2021-01-04,2021-12-31,243,0.15086172925876684,0.15152738968889423,-0.08853656179194558
balanced_a,2022,2022-01-04,2022-12-30,242,0.329148075950739,0.33227731901957014,-0.17003057694546064
balanced_a,2023,2023-01-03,2023-12-29,242,0.3658053764649256,0.3693287729034503,-0.12655236700629469
balanced_a,2024,2024-01-02,2024-12-31,242,0.9756745628153023,0.9868237246179269,-0.16309158584036398
balanced_a,2025,2025-01-02,2025-12-31,243,1.004825037164652,1.010571816287832,-0.12311522665648233
balanced_a,2026,2026-01-05,2026-09-24,178,0.5241473467487452,0.7819309919924866,-0.206110667355363
balanced_b,2014,2014-01-02,2014-12-31,245,0.6544316071773131,0.6510353590491107,-0.05542589797766384
balanced_b,2015,2015-01-05,2015-12-31,244,0.9622564333694603,0.96225643336946,-0.201644604794891
balanced_b,2016,2016-01-04,2016-12-30,244,0.20528119260768674,0.20528119260768726,-0.1336206260582835
balanced_b,2017,2017-01-03,2017-12-29,244,0.26168158836063715,0.2616815883606353,-0.08769445095312822
balanced_b,2018,2018-01-02,2018-12-28,243,0.42740014406520555,0.4294919924947118,-0.10772738267075532
balanced_b,2019,2019-01-02,2019-12-31,244,0.5212430167088253,0.5212430167088276,-0.10898053264805041
balanced_b,2020,2020-01-02,2020-12-31,243,0.8538691575294166,0.8585843903051132,-0.13265421810538136
balanced_b,2021,2021-01-04,2021-12-31,243,0.1259980697538452,0.12654808874899856,-0.16033035265619722
balanced_b,2022,2022-01-04,2022-12-30,242,0.3009184638958462,0.30374991517616184,-0.17785555007032505
balanced_b,2023,2023-01-03,2023-12-29,242,0.3629104871757052,0.36640245483264666,-0.12655236700629457
balanced_b,2024,2024-01-02,2024-12-31,242,0.7425869838464434,0.7506035646675742,-0.16309158584036476
balanced_b,2025,2025-01-02,2025-12-31,243,1.1181727985774175,1.124725310702391,-0.12244715817491147
balanced_b,2026,2026-01-05,2026-09-24,178,0.5902906277449991,0.8887795369202393,-0.15235051853802406
balanced_c,2014,2014-01-02,2014-12-31,245,0.6544316071773131,0.6510353590491107,-0.05542589797766384
balanced_c,2015,2015-01-05,2015-12-31,244,0.8754475312707564,0.875447531270756,-0.20164460479489132
balanced_c,2016,2016-01-04,2016-12-30,244,0.20528119260768718,0.20528119260768704,-0.13362062605828395
balanced_c,2017,2017-01-03,2017-12-29,244,0.2616815883606358,0.26168158836063504,-0.08769445095312833
balanced_c,2018,2018-01-02,2018-12-28,243,0.4274001440652051,0.42949199249471165,-0.10772738267075521
balanced_c,2019,2019-01-02,2019-12-31,244,0.5005539907520646,0.5005539907520666,-0.10898053264804941
balanced_c,2020,2020-01-02,2020-12-31,243,0.925317005034844,0.9305143661058304,-0.13799107867032334
balanced_c,2021,2021-01-04,2021-12-31,243,0.15122730196182954,0.15189467936445247,-0.11818435101107916
balanced_c,2022,2022-01-04,2022-12-30,242,0.3009184638958462,0.3037499151761619,-0.17785555007032516
balanced_c,2023,2023-01-03,2023-12-29,242,0.3629104871757052,0.3664024548326474,-0.12655236700629435
balanced_c,2024,2024-01-02,2024-12-31,242,0.8752274550349126,0.8849967123754605,-0.16309158584036432
balanced_c,2025,2025-01-02,2025-12-31,243,1.1170667858511716,1.1236113121791715,-0.1224471581749117
balanced_c,2026,2026-01-05,2026-09-24,178,0.5712968410643964,0.8579248591281164,-0.17261220410192968
