date,holding,name,close,daily_ret%,nav
2026-01-05,512400,有色金属ETF,1.981,+2.80,33.9521
2026-01-06,512400,有色金属ETF,2.060,+3.99,35.3061
2026-01-07,512400,有色金属ETF,2.068,+0.39,35.4432
2026-01-08,512400,有色金属ETF,2.032,-1.74,34.8262
2026-01-09,512400,有色金属ETF,2.094,+3.05,35.8888
2026-01-12,512400,有色金属ETF,2.118,+1.15,36.3001
2026-01-13,512400,有色金属ETF,2.141,+1.09,36.6943
2026-01-14,512400,有色金属ETF,2.148,+0.33,36.8143
2026-01-15,512400,有色金属ETF,2.206,+2.70,37.8084
2026-01-16,512400,有色金属ETF,2.175,-1.41,37.2771
2026-01-19,512400,有色金属ETF,2.177,+0.09,37.3113
2026-01-20,512400,有色金属ETF,2.184,+0.32,37.4313
2026-01-21,512400,有色金属ETF,2.253,+3.16,38.6139
2026-01-22,512400,有色金属ETF,2.236,-0.75,38.3225
2026-01-23,512400,有色金属ETF,2.293,+2.55,39.2995
2026-01-26,512400,有色金属ETF,2.414,+5.28,41.3733
2026-01-27,512400,有色金属ETF,2.391,-0.95,40.9791
2026-01-28,512400,有色金属ETF,2.549,+6.61,43.6870
2026-01-29,512400,有色金属ETF,2.595,+1.80,44.4754
2026-01-30,510500,中证500ETF,8.291,-9.88,40.0798
2026-02-02,563300,中证2000ETF,1.455,-4.74,38.1820
2026-02-03,563300,中证2000ETF,1.491,+2.47,39.1267
2026-02-04,563300,中证2000ETF,1.493,+0.13,39.1792
2026-02-05,563300,中证2000ETF,1.473,-1.34,38.6544
2026-02-06,563300,中证2000ETF,1.481,+0.54,38.8643
2026-02-09,563300,中证2000ETF,1.512,+2.09,39.6778
2026-02-10,563300,中证2000ETF,1.510,-0.13,39.6253
2026-02-11,563300,中证2000ETF,1.506,-0.26,39.5204
2026-02-12,563300,中证2000ETF,1.512,+0.40,39.6778
2026-02-13,563300,中证2000ETF,1.503,-0.60,39.4417
2026-02-24,563300,中证2000ETF,1.523,+1.33,39.9665
2026-02-25,563300,中证2000ETF,1.537,+0.92,40.3339
2026-02-26,563300,中证2000ETF,1.555,+1.17,40.8062
2026-02-27,563300,中证2000ETF,1.567,+0.77,41.1211
2026-03-02,512890,红利低波ETF,1.183,-1.81,40.3783
2026-03-03,512890,红利低波ETF,1.196,+1.10,40.8220
2026-03-04,512890,红利低波ETF,1.180,-1.34,40.2759
2026-03-05,512890,红利低波ETF,1.182,+0.17,40.3442
2026-03-06,512890,红利低波ETF,1.188,+0.51,40.5489
2026-03-09,512890,红利低波ETF,1.187,-0.08,40.5148
2026-03-10,563300,中证2000ETF,1.548,-0.19,40.4385
2026-03-11,563300,中证2000ETF,1.542,-0.39,40.2817
2026-03-12,563300,中证2000ETF,1.526,-1.04,39.8638
2026-03-13,563300,中证2000ETF,1.512,-0.92,39.4980
2026-03-16,563300,中证2000ETF,1.517,+0.33,39.6286
2026-03-17,512890,红利低波ETF,1.210,-2.52,38.6282
2026-03-18,512890,红利低波ETF,1.204,-0.50,38.4367
2026-03-19,512890,红利低波ETF,1.201,-0.25,38.3409
2026-03-20,512890,红利低波ETF,1.196,-0.42,38.1813
2026-03-23,511880,货币ETF,100.279,-3.20,36.9608
2026-03-24,512890,红利低波ETF,1.178,-0.02,36.9549
2026-03-25,512890,红利低波ETF,1.188,+0.85,37.2686
2026-03-26,512890,红利低波ETF,1.185,-0.25,37.1745
2026-03-27,512890,红利低波ETF,1.183,-0.17,37.1117
2026-03-30,512890,红利低波ETF,1.193,+0.85,37.4254
2026-03-31,513120,港股创新药ETF,1.215,+0.40,37.5748
2026-04-01,513120,港股创新药ETF,1.303,+7.24,40.2962
2026-04-02,513120,港股创新药ETF,1.302,-0.08,40.2653
2026-04-03,513120,港股创新药ETF,1.284,-1.38,39.7087
2026-04-07,513120,港股创新药ETF,1.292,+0.62,39.9561
2026-04-08,513120,港股创新药ETF,1.300,+0.62,40.2035
2026-04-09,513120,港股创新药ETF,1.276,-1.85,39.4612
2026-04-10,513120,港股创新药ETF,1.282,+0.47,39.6468
2026-04-13,513120,港股创新药ETF,1.272,-0.78,39.3375
2026-04-14,513120,港股创新药ETF,1.281,+0.71,39.6159
2026-04-15,513120,港股创新药ETF,1.328,+3.67,41.0694
2026-04-16,513120,港股创新药ETF,1.335,+0.53,41.2859
2026-04-17,513120,港股创新药ETF,1.314,-1.57,40.6364
2026-04-20,513120,港股创新药ETF,1.311,-0.23,40.5436
2026-04-21,513120,港股创新药ETF,1.297,-1.07,40.1107
2026-04-22,159915,创业板ETF,3.758,-1.02,39.7007
2026-04-23,159915,创业板ETF,3.728,-0.80,39.3838
2026-04-24,159915,创业板ETF,3.674,-1.45,38.8133
2026-04-27,588080,科创50ETF,1.544,-0.62,38.5732
2026-04-28,588080,科创50ETF,1.520,-1.55,37.9736
2026-04-29,588080,科创50ETF,1.526,+0.39,38.1235
2026-04-30,588080,科创50ETF,1.603,+5.05,40.0472
2026-05-06,588080,科创50ETF,1.691,+5.49,42.2456
2026-05-07,588080,科创50ETF,1.715,+1.42,42.8452
2026-05-08,588080,科创50ETF,1.677,-2.22,41.8959
2026-05-11,588080,科创50ETF,1.754,+4.59,43.8195
2026-05-12,588080,科创50ETF,1.761,+0.40,43.9944
2026-05-13,588080,科创50ETF,1.808,+2.67,45.1686
2026-05-14,588080,科创50ETF,1.762,-2.54,44.0194
2026-05-15,588080,科创50ETF,1.733,-1.65,43.2949
2026-05-18,588080,科创50ETF,1.747,+0.81,43.6446
2026-05-19,588080,科创50ETF,1.815,+3.89,45.3435
2026-05-20,588080,科创50ETF,1.870,+3.03,46.7175
2026-05-21,588080,科创50ETF,1.804,-3.53,45.0687
2026-05-22,588080,科创50ETF,1.830,+1.44,45.7182
2026-05-25,588080,科创50ETF,1.936,+5.79,48.3664
2026-05-26,588080,科创50ETF,1.913,-1.19,47.7918
2026-05-27,588080,科创50ETF,1.857,-2.93,46.3927
2026-05-28,588080,科创50ETF,1.884,+1.45,47.0673
2026-05-29,513100,纳指ETF,2.273,-4.96,44.7349
2026-06-01,513100,纳指ETF,2.365,+4.05,46.5456
2026-06-02,513100,纳指ETF,2.343,-0.93,46.1126
2026-06-03,513100,纳指ETF,2.299,-1.88,45.2466
2026-06-04,513100,纳指ETF,2.240,-2.57,44.0855
2026-06-05,513100,纳指ETF,2.205,-1.56,43.3966
2026-06-08,513100,纳指ETF,2.114,-4.13,41.6057
2026-06-09,513100,纳指ETF,2.200,+4.07,43.2982
2026-06-10,513100,纳指ETF,2.143,-2.59,42.1764
2026-06-11,513100,纳指ETF,2.130,-0.61,41.9206
2026-06-12,513100,纳指ETF,2.162,+1.50,42.5503
2026-06-15,513100,纳指ETF,2.258,+4.44,44.4397
2026-06-16,513100,纳指ETF,2.280,+0.97,44.8727
2026-06-17,513100,纳指ETF,2.279,-0.04,44.8530
2026-06-18,159915,创业板ETF,4.269,-0.59,44.5882
2026-06-22,159915,创业板ETF,4.379,+2.58,45.7372
2026-06-23,159915,创业板ETF,4.210,-3.86,43.9720
2026-06-24,159915,创业板ETF,4.258,+1.14,44.4734
2026-06-25,588080,科创50ETF,2.115,+3.20,45.8951
2026-06-26,588080,科创50ETF,2.078,-1.75,45.0922
2026-06-29,588080,科创50ETF,2.180,+4.91,47.3056
2026-06-30,588080,科创50ETF,2.273,+4.27,49.3237
2026-07-01,588080,科创50ETF,2.218,-2.42,48.1302
2026-07-02,588080,科创50ETF,2.048,-7.66,44.4412
2026-07-03,588080,科创50ETF,2.037,-0.54,44.2025
2026-07-06,588080,科创50ETF,2.054,+0.83,44.5714
2026-07-07,588080,科创50ETF,2.062,+0.39,44.7450
2026-07-08,588080,科创50ETF,2.078,+0.78,45.0922
2026-07-09,588080,科创50ETF,2.259,+8.71,49.0199
2026-07-10,513120,港股创新药ETF,1.185,-5.24,46.4500
2026-07-13,513120,港股创新药ETF,1.163,-1.86,45.5876
2026-07-14,513120,港股创新药ETF,1.174,+0.95,46.0188
2026-07-15,513120,港股创新药ETF,1.223,+4.17,47.9395
2026-07-16,513120,港股创新药ETF,1.203,-1.64,47.1556
2026-07-17,513120,港股创新药ETF,1.128,-6.23,44.2157
2026-07-20,513120,港股创新药ETF,1.174,+4.08,46.0188
2026-07-21,513120,港股创新药ETF,1.177,+0.26,46.1364
2026-07-22,513120,港股创新药ETF,1.188,+0.93,46.5676
2026-07-23,513120,港股创新药ETF,1.194,+0.51,46.8028
2026-07-24,513120,港股创新药ETF,1.169,-2.09,45.8228
2026-07-27,513120,港股创新药ETF,1.177,+0.68,46.1364
2026-07-28,513120,港股创新药ETF,1.160,-1.44,45.4700
2026-07-29,512890,红利低波ETF,1.187,+1.27,46.0488
2026-07-30,513120,港股创新药ETF,1.147,+1.66,46.8153
2026-07-31,512890,红利低波ETF,1.204,+0.68,47.1324
2026-08-03,511880,货币ETF,100.687,-0.10,47.0839
2026-08-04,512890,红利低波ETF,1.176,-0.03,47.0679
2026-08-05,512890,红利低波ETF,1.164,-1.02,46.5876
2026-08-06,512890,红利低波ETF,1.166,+0.17,46.6677
2026-08-07,512400,有色金属ETF,1.985,-0.71,46.3382
2026-08-10,512400,有色金属ETF,2.018,+1.66,47.1086
2026-08-11,513120,港股创新药ETF,1.283,-4.78,44.8585
2026-08-12,512400,有色金属ETF,1.940,-0.80,44.5000
2026-08-13,512400,有色金属ETF,1.869,-3.66,42.8714
2026-08-14,512400,有色金属ETF,1.890,+1.12,43.3531
2026-08-17,512400,有色金属ETF,1.948,+3.07,44.6835
