candidate,period,net_cagr,total_return,max_drawdown,volatility
c_v91,full,0.37690461319454815,56.27047103482353,-0.35488059571780384,0.2681384989217195
c_v91,development,0.3754882278557594,11.779684437862112,-0.35488059571780384,0.2550592515795957
c_v91,validation,0.4445997934136512,3.3093053862881394,-0.1973561184497058,0.25438888704287954
c_v91,report_only_2026,0.058154831717783795,0.039928194018294505,-0.25555334287533293,0.43799081421188485
c_v92,full,0.37027038502164134,52.87462871937634,-0.36270810584013424,0.270211822891849
c_v92,development,0.3725961242467499,11.566511884252082,-0.36270810584013424,0.25774365596324966
c_v92,validation,0.42198562923963046,3.0475711490803405,-0.22794967691677726,0.2540051422718854
c_v92,report_only_2026,0.08657236513423805,0.05919287895097436,-0.2555533428753328,0.4444535913099015
h_qvix_only,full,0.3865848835407597,61.58023383327431,-0.35488059571780384,0.26911948529997304
h_qvix_only,development,0.3754882278557594,11.779684437862112,-0.35488059571780384,0.2550592515795957
h_qvix_only,validation,0.4772149597102473,3.7088374490393443,-0.23950761869620307,0.2576496119256493
h_qvix_only,report_only_2026,0.05815483171778468,0.03992819401829517,-0.2555533428753327,0.43799081421188474
h_v91_no_overheat,full,0.3793870628585505,57.591046625828454,-0.35488059571780384,0.26818203374628524
h_v91_no_overheat,development,0.3754882278557594,11.779684437862112,-0.35488059571780384,0.2550592515795957
h_v91_no_overheat,validation,0.452916158619455,3.4086718382221175,-0.1973561184497058,0.25453077689637327
h_v91_no_overheat,report_only_2026,0.05815483171778402,0.03992819401829473,-0.25555334287533304,0.43799081421188485
h_qvix_score25_30,full,0.37028573487095295,52.882267041210184,-0.3126362754983396,0.2660483962425397
h_qvix_score25_30,development,0.39247907086205247,13.097133594253243,-0.2604124526441146,0.2508841987892306
h_qvix_score25_30,validation,0.42517401794685816,3.0837330222597714,-0.23685198459137757,0.25722443369372294
h_qvix_score25_30,report_only_2026,-0.09112900252277012,-0.06403910821782544,-0.3126362754983395,0.43262087679921696
s_v91_wls30,full,0.36107631331247747,48.47450985678742,-0.2604124526441143,0.26287598020154396
s_v91_wls30,development,0.37716289282830573,11.904562172918794,-0.2604124526441143,0.24822338107465952
s_v91_wls30,validation,0.3761253082455518,2.5534813064212853,-0.21776428021848993,0.2534703404286658
s_v91_wls30,report_only_2026,0.11589195207227787,0.07890744730121879,-0.24272007043472343,0.4281069061830134
s_v91_wls30_no_crash,full,0.30713805277154593,28.657453592997413,-0.3083739302809424,0.2526365414476428
s_v91_wls30_no_crash,development,0.333916636155549,9.000089034033595,-0.3083739302809424,0.23387769706641465
s_v91_wls30_no_crash,validation,0.29404733946242345,1.7834855541792445,-0.2396254843448572,0.24654139882028953
s_v91_wls30_no_crash,report_only_2026,0.09588092524553282,0.06546949735549479,-0.2521521026390192,0.431865538759812
s_accounts25_30,full,0.3692568727669281,52.372490445805475,-0.31107426062810173,0.26321102966734994
s_accounts25_30,development,0.37632734121256384,11.842123305390453,-0.31107426062810173,0.24928051989210548
s_accounts25_30,validation,0.4114296752101516,2.9295559243616633,-0.20633242183044642,0.25234234105077274
s_accounts25_30,report_only_2026,0.08427057723016773,0.057638273877167245,-0.2407395084468904,0.4285338657327147
s_accounts20_25_30,full,0.36128711862072205,48.5715742798025,-0.324183317589401,0.26310048114425355
s_accounts20_25_30,development,0.37284516341664187,11.58474495855678,-0.324183317589401,0.249320421063679
s_accounts20_25_30,validation,0.4058887475672097,2.8686489725254862,-0.1911569268864335,0.25049131020568105
s_accounts20_25_30,report_only_2026,0.026368610339422505,0.01819032867998649,-0.2569326996868627,0.43313500007254424
