version,scenario,start,end,period,return_decimal,annualized_decimal,max_drawdown_decimal,nav
v9,next_open_10bps,2014-01-02,2026-09-24,all,49.666788581498686,0.36241119274589995,-0.3548806537785485,50.666788581498686
v9,next_open_10bps,2014-01-02,2026-09-24,2014,0.9502509536928849,,,
v9,next_open_10bps,2014-01-02,2026-09-24,2015,0.45315628964452226,,,
v9,next_open_10bps,2014-01-02,2026-09-24,2016,0.008433943055151438,,,
v9,next_open_10bps,2014-01-02,2026-09-24,2017,0.1316729899457203,,,
v9,next_open_10bps,2014-01-02,2026-09-24,2018,0.45985816046738304,,,
v9,next_open_10bps,2014-01-02,2026-09-24,2019,0.3074229872622851,,,
v9,next_open_10bps,2014-01-02,2026-09-24,2020,0.7743107004782923,,,
v9,next_open_10bps,2014-01-02,2026-09-24,2021,0.09690684819398565,,,
v9,next_open_10bps,2014-01-02,2026-09-24,2022,0.0852554661042142,,,
v9,next_open_10bps,2014-01-02,2026-09-24,2023,0.27517050581824076,,,
v9,next_open_10bps,2014-01-02,2026-09-24,2024,0.6238408656074499,,,
v9,next_open_10bps,2014-01-02,2026-09-24,2025,0.8232848369989338,,,
v9,next_open_10bps,2014-01-02,2026-09-24,2026,0.029266224538346375,,,
v9.1,next_open_10bps,2014-01-02,2026-09-24,all,54.020377137028525,0.3712882458600615,-0.3548806537785485,55.020377137028525
v9.1,next_open_10bps,2014-01-02,2026-09-24,2014,0.9502509536928849,,,
v9.1,next_open_10bps,2014-01-02,2026-09-24,2015,0.4293446279036941,,,
v9.1,next_open_10bps,2014-01-02,2026-09-24,2016,0.008433943055150328,,,
v9.1,next_open_10bps,2014-01-02,2026-09-24,2017,0.12372447814093945,,,
v9.1,next_open_10bps,2014-01-02,2026-09-24,2018,0.45985816046738215,,,
v9.1,next_open_10bps,2014-01-02,2026-09-24,2019,0.30742298726228623,,,
v9.1,next_open_10bps,2014-01-02,2026-09-24,2020,0.7743107004782934,,,
v9.1,next_open_10bps,2014-01-02,2026-09-24,2021,0.09258297597685239,,,
v9.1,next_open_10bps,2014-01-02,2026-09-24,2022,0.08525546610421353,,,
v9.1,next_open_10bps,2014-01-02,2026-09-24,2023,0.2751705058182403,,,
v9.1,next_open_10bps,2014-01-02,2026-09-24,2024,0.7751321261848472,,,
v9.1,next_open_10bps,2014-01-02,2026-09-24,2025,0.7541874158397832,,,
v9.1,next_open_10bps,2014-01-02,2026-09-24,2026,0.09237315373124444,,,
v9.2,next_open_10bps,2014-01-02,2026-09-24,all,50.75794183164002,0.36470020832966465,-0.3627082587901721,51.75794183164002
v9.2,next_open_10bps,2014-01-02,2026-09-24,2014,0.9502509536928849,,,
v9.2,next_open_10bps,2014-01-02,2026-09-24,2015,0.4293446279036941,,,
v9.2,next_open_10bps,2014-01-02,2026-09-24,2016,-0.10045288641920336,,,
v9.2,next_open_10bps,2014-01-02,2026-09-24,2017,0.1931866959955586,,,
v9.2,next_open_10bps,2014-01-02,2026-09-24,2018,0.5155846462844216,,,
v9.2,next_open_10bps,2014-01-02,2026-09-24,2019,0.30742298726228445,,,
v9.2,next_open_10bps,2014-01-02,2026-09-24,2020,0.7743107004782896,,,
v9.2,next_open_10bps,2014-01-02,2026-09-24,2021,0.09258297597684928,,,
v9.2,next_open_10bps,2014-01-02,2026-09-24,2022,0.18331742052256628,,,
v9.2,next_open_10bps,2014-01-02,2026-09-24,2023,0.19006669824008648,,,
v9.2,next_open_10bps,2014-01-02,2026-09-24,2024,0.829133295317422,,,
v9.2,next_open_10bps,2014-01-02,2026-09-24,2025,0.5713617775028335,,,
v9.2,next_open_10bps,2014-01-02,2026-09-24,2026,0.11260937117996694,,,
v9,same_close_ideal,2014-01-02,2026-09-24,all,146.6610735700182,0.4822027792675694,-0.27058537170967667,147.6610735700182
v9,same_close_ideal,2014-01-02,2026-09-24,2014,0.8740487700706046,,,
v9,same_close_ideal,2014-01-02,2026-09-24,2015,0.9101135875305113,,,
v9,same_close_ideal,2014-01-02,2026-09-24,2016,0.22022294359913608,,,
v9,same_close_ideal,2014-01-02,2026-09-24,2017,0.1569900856286126,,,
v9,same_close_ideal,2014-01-02,2026-09-24,2018,0.502922134837618,,,
v9,same_close_ideal,2014-01-02,2026-09-24,2019,0.38647112748598555,,,
v9,same_close_ideal,2014-01-02,2026-09-24,2020,0.6567643503508724,,,
v9,same_close_ideal,2014-01-02,2026-09-24,2021,0.15449822725082996,,,
v9,same_close_ideal,2014-01-02,2026-09-24,2022,0.13977987951181858,,,
v9,same_close_ideal,2014-01-02,2026-09-24,2023,0.25263105529282814,,,
v9,same_close_ideal,2014-01-02,2026-09-24,2024,0.8506650719714872,,,
v9,same_close_ideal,2014-01-02,2026-09-24,2025,0.9495461650173589,,,
v9,same_close_ideal,2014-01-02,2026-09-24,2026,0.4231486979652519,,,
v9.1,same_close_ideal,2014-01-02,2026-09-24,all,155.01059923699316,0.48863994366668817,-0.27058537170967667,156.01059923699316
v9.1,same_close_ideal,2014-01-02,2026-09-24,2014,0.8740487700706046,,,
v9.1,same_close_ideal,2014-01-02,2026-09-24,2015,0.901170200168576,,,
v9.1,same_close_ideal,2014-01-02,2026-09-24,2016,0.22022294359914008,,,
v9.1,same_close_ideal,2014-01-02,2026-09-24,2017,0.14588141933769516,,,
v9.1,same_close_ideal,2014-01-02,2026-09-24,2018,0.5029221348376169,,,
v9.1,same_close_ideal,2014-01-02,2026-09-24,2019,0.38647112748598444,,,
v9.1,same_close_ideal,2014-01-02,2026-09-24,2020,0.6567643503508738,,,
v9.1,same_close_ideal,2014-01-02,2026-09-24,2021,0.1631692634454307,,,
v9.1,same_close_ideal,2014-01-02,2026-09-24,2022,0.1397798795118197,,,
v9.1,same_close_ideal,2014-01-02,2026-09-24,2023,0.25263105529282837,,,
v9.1,same_close_ideal,2014-01-02,2026-09-24,2024,0.8805121136126299,,,
v9.1,same_close_ideal,2014-01-02,2026-09-24,2025,0.918461111387916,,,
v9.1,same_close_ideal,2014-01-02,2026-09-24,2026,0.5140809262573232,,,
v9.2,same_close_ideal,2014-01-02,2026-09-24,all,176.94748911221552,0.5041505920667835,-0.27058537170967667,177.94748911221552
v9.2,same_close_ideal,2014-01-02,2026-09-24,2014,0.8740487700706046,,,
v9.2,same_close_ideal,2014-01-02,2026-09-24,2015,0.901170200168576,,,
v9.2,same_close_ideal,2014-01-02,2026-09-24,2016,0.042721171713415496,,,
v9.2,same_close_ideal,2014-01-02,2026-09-24,2017,0.24220033813168595,,,
v9.2,same_close_ideal,2014-01-02,2026-09-24,2018,0.5637738919087236,,,
v9.2,same_close_ideal,2014-01-02,2026-09-24,2019,0.3864711274859871,,,
v9.2,same_close_ideal,2014-01-02,2026-09-24,2020,0.6567643503508744,,,
v9.2,same_close_ideal,2014-01-02,2026-09-24,2021,0.16316926344543092,,,
v9.2,same_close_ideal,2014-01-02,2026-09-24,2022,0.33851683200135163,,,
v9.2,same_close_ideal,2014-01-02,2026-09-24,2023,0.1933916598205938,,,
v9.2,same_close_ideal,2014-01-02,2026-09-24,2024,0.9076972934953071,,,
v9.2,same_close_ideal,2014-01-02,2026-09-24,2025,0.9160448472789908,,,
v9.2,same_close_ideal,2014-01-02,2026-09-24,2026,0.5805918091129427,,,
