2020-11-16,1.496,1.435,6879894.0
2020-11-17,1.435,1.422,3028638.0
2020-11-18,1.419,1.411,2676347.0
2020-11-19,1.407,1.424,2172486.0
2020-11-20,1.423,1.421,1993528.0
2020-11-23,1.419,1.408,2352513.0
2020-11-24,1.404,1.403,1851084.0
2020-11-25,1.404,1.381,2613339.0
2020-11-26,1.379,1.377,1691491.0
2020-11-27,1.374,1.381,1669731.0
2020-11-30,1.382,1.377,1991734.0
2020-12-01,1.377,1.395,2039006.0
2020-12-02,1.396,1.4,1827074.0
2020-12-03,1.4,1.401,1736760.0
2020-12-04,1.4,1.395,1516991.0
2020-12-07,1.396,1.395,1536394.0
2020-12-08,1.398,1.39,1409197.0
2020-12-09,1.39,1.359,3096951.0
2020-12-10,1.359,1.354,1769424.0
2020-12-11,1.358,1.363,1898705.0
2020-12-14,1.363,1.387,2173635.0
2020-12-15,1.388,1.379,1565028.0
2020-12-16,1.376,1.362,1592602.0
2020-12-17,1.359,1.378,1642031.0
2020-12-18,1.381,1.379,1689259.0
2020-12-21,1.378,1.403,2469162.0
2020-12-22,1.389,1.375,1957191.0
2020-12-23,1.377,1.39,1717216.0
2020-12-24,1.389,1.367,1855919.0
2020-12-25,1.368,1.368,1546682.0
2020-12-28,1.365,1.355,1871266.0
2020-12-29,1.355,1.355,1717347.0
2020-12-30,1.354,1.378,2346229.0
2020-12-31,1.383,1.405,2926926.0
2021-01-04,1.405,1.436,4306566.0
2021-01-05,1.436,1.438,2647807.0
2021-01-06,1.438,1.429,2217617.0
2021-01-07,1.429,1.398,2211337.0
2021-01-08,1.398,1.395,1958716.0
2021-01-11,1.395,1.407,2112382.0
2021-01-12,1.406,1.42,1767596.0
2021-01-13,1.422,1.424,2114724.0
2021-01-14,1.42,1.463,4132229.0
2021-01-15,1.466,1.465,2333533.0
2021-01-18,1.466,1.495,2711932.0
2021-01-19,1.486,1.463,2298052.0
2021-01-20,1.466,1.496,2189305.0
2021-01-21,1.498,1.498,1841518.0
2021-01-22,1.494,1.503,1901894.0
2021-01-25,1.495,1.513,2293617.0
2021-01-26,1.514,1.491,1917550.0
2021-01-27,1.491,1.475,2023880.0
2021-01-28,1.454,1.438,2292388.0
2021-01-29,1.442,1.438,1950559.0
2021-02-01,1.438,1.438,1546391.0
2021-02-02,1.437,1.453,1499295.0
2021-02-03,1.447,1.429,1711639.0
2021-02-04,1.421,1.407,2006093.0
2021-02-05,1.412,1.388,1580500.0
2021-02-08,1.388,1.397,1456550.0
2021-02-09,1.398,1.443,1844066.0
2021-02-10,1.443,1.453,1713498.0
2021-02-18,1.466,1.447,1869946.0
2021-02-19,1.441,1.441,1497321.0
2021-02-22,1.441,1.406,2119789.0
2021-02-23,1.4,1.406,1532982.0
2021-02-24,1.408,1.384,2923910.0
2021-02-25,1.387,1.368,2283058.0
2021-02-26,1.353,1.342,2841142.0
2021-03-01,1.347,1.375,1761950.0
2021-03-02,1.38,1.369,1766415.0
2021-03-03,1.365,1.374,1447612.0
2021-03-04,1.366,1.343,2695905.0
2021-03-05,1.334,1.347,2048403.0
2021-03-08,1.349,1.29,3117424.0
2021-03-09,1.29,1.249,2286047.0
2021-03-10,1.262,1.251,1580546.0
2021-03-11,1.258,1.281,1676726.0
2021-03-12,1.283,1.274,1205578.0
2021-03-15,1.268,1.236,2004048.0
2021-03-16,1.236,1.231,1420756.0
2021-03-17,1.23,1.246,1367378.0
2021-03-18,1.248,1.253,1359917.0
2021-03-19,1.239,1.241,1312960.0
2021-03-22,1.239,1.254,1104043.0
2021-03-23,1.255,1.249,1187694.0
2021-03-24,1.245,1.235,1157801.0
2021-03-25,1.23,1.233,1127389.0
2021-03-26,1.237,1.267,1657009.0
2021-03-29,1.271,1.261,1171458.0
2021-03-30,1.258,1.258,1119845.0
2021-03-31,1.254,1.259,1199276.0
2021-04-01,1.259,1.277,1471630.0
2021-04-02,1.284,1.31,2146713.0
2021-04-06,1.313,1.31,1190375.0
2021-04-07,1.306,1.314,1074112.0
2021-04-08,1.307,1.303,1002066.0
2021-04-09,1.303,1.281,1223687.0
2021-04-12,1.281,1.255,1344897.0
2021-04-13,1.253,1.255,1148158.0
2021-04-14,1.257,1.266,1037937.0
2021-04-15,1.263,1.276,1171287.0
2021-04-16,1.278,1.286,1154530.0
2021-04-19,1.286,1.311,1492018.0
2021-04-20,1.306,1.302,1217193.0
2021-04-21,1.297,1.298,1081596.0
2021-04-22,1.298,1.316,1373377.0
2021-04-23,1.315,1.322,1422011.0
2021-04-26,1.323,1.326,2147508.0
2021-04-27,1.326,1.321,1140473.0
2021-04-28,1.325,1.336,1229295.0
2021-04-29,1.337,1.336,1241198.0
2021-04-30,1.332,1.335,1260774.0
2021-05-06,1.332,1.32,1160946.0
2021-05-07,1.319,1.281,1563522.0
2021-05-10,1.281,1.266,1324148.0
2021-05-11,1.261,1.27,1155870.0
2021-05-12,1.266,1.286,1216538.0
2021-05-13,1.274,1.287,1195908.0
2021-05-14,1.289,1.313,1387287.0
2021-05-17,1.312,1.339,2243073.0
2021-05-18,1.342,1.331,1199953.0
2021-05-19,1.331,1.338,1200962.0
2021-05-20,1.338,1.34,1197133.0
2021-05-21,1.343,1.326,1140772.0
2021-05-24,1.325,1.343,1400136.0
2021-05-25,1.343,1.379,2609230.0
2021-05-26,1.382,1.376,1571798.0
2021-05-27,1.371,1.407,2017624.0
2021-05-28,1.408,1.4,1894799.0
2021-05-31,1.408,1.455,2723533.0
2021-06-01,1.456,1.475,2712237.0
2021-06-02,1.474,1.439,2132246.0
2021-06-03,1.436,1.426,2071731.0
2021-06-04,1.427,1.446,2213016.0
2021-06-07,1.452,1.449,1699671.0
2021-06-08,1.45,1.435,1642633.0
2021-06-09,1.436,1.444,1684335.0
2021-06-10,1.443,1.466,1907906.0
2021-06-11,1.474,1.456,1763471.0
2021-06-15,1.455,1.466,2319126.0
2021-06-16,1.462,1.425,1719624.0
2021-06-17,1.427,1.491,2527188.0
2021-06-18,1.491,1.515,2370296.0
2021-06-21,1.511,1.549,2524581.0
2021-06-22,1.549,1.542,2069246.0
2021-06-23,1.542,1.551,2096436.0
2021-06-24,1.54,1.526,1988015.0
2021-06-25,1.523,1.559,1793102.0
2021-06-28,1.557,1.583,2118852.0
2021-06-29,1.581,1.584,1986254.0
2021-06-30,1.585,1.612,2067998.0
2021-07-01,1.613,1.599,2260690.0
2021-07-02,1.59,1.557,2208867.0
2021-07-05,1.556,1.599,2182373.0
2021-07-06,1.599,1.556,2083335.0
2021-07-07,1.543,1.591,1648187.0
2021-07-08,1.588,1.634,2269874.0
2021-07-09,1.618,1.613,2034457.0
2021-07-12,1.621,1.626,1996560.0
2021-07-13,1.617,1.613,1512599.0
2021-07-14,1.607,1.585,1574165.0
2021-07-15,1.575,1.584,1460639.0
2021-07-16,1.593,1.551,1753187.0
2021-07-19,1.532,1.537,1509700.0
2021-07-20,1.533,1.548,1567015.0
2021-07-21,1.559,1.586,1752486.0
2021-07-22,1.586,1.607,1823826.0
2021-07-23,1.607,1.593,1760117.0
2021-07-26,1.584,1.58,2234411.0
2021-07-27,1.578,1.575,2657590.0
2021-07-28,1.554,1.542,2539106.0
2021-07-29,1.574,1.617,2115834.0
2021-07-30,1.612,1.618,1968033.0
2021-08-02,1.608,1.622,1843891.0
2021-08-03,1.62,1.591,1698240.0
2021-08-04,1.584,1.633,1784391.0
2021-08-05,1.627,1.628,1657482.0
2021-08-06,1.643,1.616,1620062.0
2021-08-09,1.596,1.598,1949303.0
2021-08-10,1.59,1.612,1527399.0
2021-08-11,1.616,1.602,1192068.0
2021-08-12,1.601,1.609,1183353.0
2021-08-13,1.6,1.582,1373585.0
2021-08-16,1.578,1.575,1146407.0
2021-08-17,1.573,1.537,1682800.0
2021-08-18,1.538,1.531,1346129.0
2021-08-19,1.542,1.572,1339906.0
2021-08-20,1.557,1.554,1171690.0
2021-08-23,1.555,1.588,1413690.0
2021-08-24,1.591,1.605,1498419.0
2021-08-25,1.604,1.571,1669036.0
2021-08-26,1.566,1.528,1847471.0
2021-08-27,1.526,1.509,1957265.0
2021-08-30,1.511,1.492,1694302.0
2021-08-31,1.486,1.459,1625294.0
2021-09-01,1.45,1.449,1614362.0
2021-09-02,1.449,1.425,2024516.0
2021-09-03,1.425,1.429,1767325.0
2021-09-06,1.422,1.457,1888560.0
2021-09-07,1.452,1.46,1249797.0
2021-09-08,1.459,1.435,1491012.0
2021-09-09,1.43,1.424,1353045.0
2021-09-10,1.422,1.451,1471364.0
2021-09-13,1.451,1.407,2054069.0
2021-09-14,1.407,1.421,1665704.0
2021-09-15,1.421,1.405,1440968.0
2021-09-16,1.406,1.375,2294571.0
2021-09-17,1.376,1.38,1984786.0
2021-09-22,1.369,1.379,1509749.0
2021-09-23,1.386,1.385,1348527.0
2021-09-24,1.385,1.399,1598296.0
2021-09-27,1.406,1.394,1467634.0
2021-09-28,1.397,1.376,1245331.0
2021-09-29,1.37,1.368,1558433.0
2021-09-30,1.376,1.391,1302238.0
2021-10-08,1.4,1.391,1267993.0
2021-10-11,1.391,1.374,1555707.0
2021-10-12,1.372,1.345,2227528.0
2021-10-13,1.344,1.363,1307903.0
2021-10-14,1.364,1.368,1248130.0
2021-10-15,1.373,1.384,1252032.0
2021-10-18,1.384,1.373,1233506.0
2021-10-19,1.371,1.387,1296541.0
2021-10-20,1.387,1.394,1324588.0
2021-10-21,1.392,1.381,1033572.0
2021-10-22,1.382,1.391,1370477.0
2021-10-25,1.391,1.4,1066120.0
2021-10-26,1.405,1.399,1092491.0
2021-10-27,1.397,1.38,1086544.0
2021-10-28,1.377,1.381,1192671.0
2021-10-29,1.382,1.417,1702489.0
2021-11-01,1.419,1.428,1495435.0
2021-11-02,1.428,1.43,1532377.0
2021-11-03,1.438,1.419,1462075.0
2021-11-04,1.421,1.432,1386951.0
2021-11-05,1.436,1.421,1177343.0
2021-11-08,1.417,1.422,923592.0
2021-11-09,1.422,1.443,1239938.0
2021-11-10,1.442,1.442,1398743.0
2021-11-11,1.434,1.459,1367254.0
2021-11-12,1.455,1.464,1203242.0
2021-11-15,1.466,1.454,1174293.0
2021-11-16,1.452,1.442,1018834.0
2021-11-17,1.442,1.459,995799.0
2021-11-18,1.456,1.447,967248.0
2021-11-19,1.442,1.466,1019607.0
2021-11-22,1.466,1.504,1858455.0
2021-11-23,1.503,1.502,1889255.0
2021-11-24,1.501,1.495,1048432.0
2021-11-25,1.493,1.492,1095782.0
2021-11-26,1.487,1.482,941546.0
2021-11-29,1.472,1.498,1454664.0
2021-11-30,1.5,1.496,1099607.0
2021-12-01,1.494,1.48,978713.0
2021-12-02,1.48,1.452,1417291.0
2021-12-03,1.455,1.47,1048195.0
2021-12-06,1.468,1.431,1353405.0
2021-12-07,1.435,1.423,1383856.0
2021-12-08,1.424,1.437,1093403.0
2021-12-09,1.436,1.454,1252889.0
2021-12-10,1.449,1.471,1310717.0
2021-12-13,1.47,1.47,1151624.0
2021-12-14,1.457,1.466,1024082.0
2021-12-15,1.463,1.449,910336.0
2021-12-16,1.449,1.451,751141.0
2021-12-17,1.45,1.427,1357864.0
2021-12-20,1.424,1.394,1299094.0
2021-12-21,1.393,1.4,826359.0
2021-12-22,1.398,1.397,858207.0
2021-12-23,1.4,1.401,789528.0
2021-12-24,1.401,1.386,1042844.0
2021-12-27,1.384,1.379,790678.0
2021-12-28,1.384,1.393,707218.0
2021-12-29,1.391,1.38,979266.0
2021-12-30,1.379,1.402,1080757.0
2021-12-31,1.403,1.422,1057755.0
2022-01-04,1.421,1.39,1147864.0
2022-01-05,1.387,1.358,1541052.0
2022-01-06,1.357,1.349,1250705.0
2022-01-07,1.352,1.332,1345933.0
2022-01-10,1.339,1.345,1205018.0
2022-01-11,1.344,1.32,1754636.0
2022-01-12,1.325,1.337,1528151.0
2022-01-13,1.337,1.322,1160772.0
2022-01-14,1.318,1.335,1338789.0
2022-01-17,1.336,1.358,1606334.0
2022-01-18,1.358,1.365,1488871.0
2022-01-19,1.365,1.348,1173238.0
2022-01-20,1.346,1.331,1303860.0
2022-01-21,1.329,1.314,1543769.0
2022-01-24,1.312,1.333,1212477.0
2022-01-25,1.33,1.301,1708604.0
2022-01-26,1.3,1.297,1558800.0
2022-01-27,1.289,1.261,1706826.0
2022-01-28,1.269,1.254,2184878.0
2022-02-07,1.265,1.258,1611829.0
2022-02-08,1.258,1.228,2171821.0
2022-02-09,1.23,1.231,1895058.0
2022-02-10,1.235,1.209,2221005.0
2022-02-11,1.203,1.19,2027233.0
2022-02-14,1.186,1.193,1957789.0
2022-02-15,1.192,1.223,2456084.0
2022-02-16,1.225,1.216,2151220.0
2022-02-17,1.217,1.226,2270402.0
2022-02-18,1.222,1.226,2313032.0
2022-02-21,1.226,1.214,2446850.0
2022-02-22,1.21,1.207,2433493.0
2022-02-23,1.206,1.25,3344907.0
2022-02-24,1.245,1.235,3222312.0
2022-02-25,1.247,1.261,2691597.0
2022-02-28,1.263,1.269,2545969.0
2022-03-01,1.271,1.262,2420135.0
2022-03-02,1.256,1.251,2326399.0
2022-03-03,1.256,1.23,2175257.0
2022-03-04,1.225,1.226,2626630.0
2022-03-07,1.216,1.19,2931284.0
2022-03-08,1.189,1.158,4027547.0
2022-03-09,1.162,1.149,3432054.0
2022-03-10,1.171,1.173,3178145.0
2022-03-11,1.158,1.183,2783968.0
2022-03-14,1.173,1.147,2515427.0
2022-03-15,1.139,1.116,3009789.0
2022-03-16,1.134,1.143,3103259.0
2022-03-17,1.157,1.162,4612646.0
2022-03-18,1.155,1.161,3060777.0
2022-03-21,1.161,1.17,2460387.0
2022-03-22,1.164,1.151,2559124.0
2022-03-23,1.158,1.163,2321566.0
2022-03-24,1.156,1.153,2262003.0
2022-03-25,1.153,1.126,2620690.0
2022-03-28,1.116,1.109,2779214.0
2022-03-29,1.112,1.097,2560711.0
2022-03-30,1.105,1.128,2673677.0
2022-03-31,1.124,1.108,2675622.0
2022-04-01,1.1,1.108,2193171.0
2022-04-06,1.104,1.078,3316264.0
2022-04-07,1.072,1.054,2663827.0
2022-04-08,1.059,1.043,3037034.0
2022-04-11,1.037,1.011,3161938.0
2022-04-12,1.008,1.012,3117038.0
2022-04-13,1.0,0.979,2775726.0
2022-04-14,0.987,0.99,3048069.0
2022-04-15,0.982,0.989,2819512.0
2022-04-18,0.981,1.019,3628121.0
2022-04-19,1.012,1.004,2678798.0
2022-04-20,1.005,0.988,2790039.0
2022-04-21,0.984,0.972,3314001.0
2022-04-22,0.969,0.957,3298733.0
2022-04-25,0.945,0.899,3583736.0
2022-04-26,0.899,0.881,3532630.0
2022-04-27,0.87,0.92,3967370.0
2022-04-28,0.908,0.915,3313348.0
2022-04-29,0.923,0.961,4130093.0
2022-05-05,0.958,0.969,4438298.0
2022-05-06,0.941,0.958,3115729.0
2022-05-09,0.952,0.961,2661556.0
2022-05-10,0.951,0.985,3344130.0
2022-05-11,0.988,1.015,4284073.0
2022-05-12,1.007,1.028,3610301.0
2022-05-13,1.033,1.027,4178608.0
2022-05-16,1.037,1.011,3090858.0
2022-05-17,1.007,1.027,3051761.0
2022-05-18,1.026,1.03,2618187.0
2022-05-19,1.017,1.054,4152783.0
2022-05-20,1.058,1.064,2889984.0
2022-05-23,1.061,1.062,2532397.0
2022-05-24,1.059,1.013,3442974.0
2022-05-25,1.013,1.021,2714789.0
2022-05-26,1.021,1.017,2902001.0
2022-05-27,1.024,1.012,3280356.0
2022-05-30,1.008,1.017,2766700.0
2022-05-31,1.017,1.051,3868989.0
2022-06-01,1.041,1.049,3010232.0
2022-06-02,1.045,1.101,4687028.0
2022-06-06,1.111,1.144,5855071.0
2022-06-07,1.139,1.13,5897388.0
2022-06-08,1.125,1.132,5557957.0
2022-06-09,1.12,1.1,4016555.0
2022-06-10,1.09,1.124,3638547.0
2022-06-13,1.104,1.107,3350552.0
2022-06-14,1.096,1.091,5010527.0
2022-06-15,1.091,1.084,5326443.0
2022-06-16,1.084,1.097,5078428.0
2022-06-17,1.086,1.114,3793586.0
2022-06-20,1.115,1.115,3689080.0
2022-06-21,1.109,1.103,4686082.0
2022-06-22,1.102,1.082,4396792.0
2022-06-23,1.081,1.101,5276578.0
2022-06-24,1.103,1.123,5032121.0
2022-06-27,1.127,1.122,4217122.0
2022-06-28,1.122,1.139,4782346.0
2022-06-29,1.13,1.111,4334220.0
2022-06-30,1.111,1.126,5142235.0
2022-07-01,1.123,1.116,4998945.0
2022-07-04,1.107,1.114,4940996.0
2022-07-05,1.117,1.108,4541926.0
2022-07-06,1.108,1.122,6106789.0
2022-07-07,1.122,1.131,4171904.0
2022-07-08,1.131,1.125,4431997.0
2022-07-11,1.116,1.1,4494493.0
2022-07-12,1.096,1.069,4413855.0
2022-07-13,1.071,1.07,4052816.0
2022-07-14,1.068,1.096,4257397.0
2022-07-15,1.093,1.09,4505178.0
2022-07-18,1.092,1.091,4431782.0
2022-07-19,1.087,1.08,4007901.0
2022-07-20,1.083,1.099,3774222.0
2022-07-21,1.094,1.116,5391480.0
2022-07-22,1.119,1.104,4114016.0
2022-07-25,1.106,1.094,4101720.0
2022-07-26,1.093,1.104,3740320.0
2022-07-27,1.1,1.116,4101541.0
2022-07-28,1.126,1.129,4130997.0
2022-07-29,1.128,1.108,4103172.0
2022-08-01,1.098,1.122,4018877.0
2022-08-02,1.106,1.123,4300222.0
2022-08-03,1.123,1.12,5563833.0
2022-08-04,1.123,1.134,4884857.0
2022-08-05,1.131,1.186,6364633.0
2022-08-08,1.19,1.18,5649661.0
2022-08-09,1.177,1.184,3916834.0
2022-08-10,1.175,1.179,4587956.0
2022-08-11,1.183,1.199,4658634.0
2022-08-12,1.196,1.171,4951082.0
2022-08-15,1.166,1.167,4215846.0
2022-08-16,1.163,1.159,3490430.0
2022-08-17,1.159,1.155,2987315.0
2022-08-18,1.155,1.169,3051756.0
2022-08-19,1.169,1.132,4784610.0
2022-08-22,1.123,1.128,3329056.0
2022-08-23,1.126,1.129,2965827.0
2022-08-24,1.13,1.09,3754488.0
2022-08-25,1.09,1.077,3461212.0
2022-08-26,1.078,1.068,3059981.0
2022-08-29,1.055,1.075,3089877.0
2022-08-30,1.074,1.071,2867863.0
2022-08-31,1.066,1.048,3699045.0
2022-09-01,1.05,1.048,3462145.0
2022-09-02,1.048,1.053,3235899.0
2022-09-05,1.051,1.043,2729689.0
2022-09-06,1.044,1.055,3688583.0
2022-09-07,1.05,1.071,3047842.0
2022-09-08,1.07,1.061,3139193.0
2022-09-09,1.063,1.056,3425554.0
2022-09-13,1.053,1.047,2778890.0
2022-09-14,1.036,1.047,2723520.0
2022-09-15,1.049,1.015,3869190.0
2022-09-16,1.013,1.01,3794172.0
2022-09-19,1.014,0.994,4004679.0
2022-09-20,0.994,1.0,2596084.0
2022-09-21,0.994,0.986,3022804.0
2022-09-22,0.981,0.991,2586240.0
2022-09-23,0.991,0.976,2805232.0
2022-09-26,0.969,0.976,2728257.0
2022-09-27,0.979,0.99,2953083.0
2022-09-28,0.986,0.969,2953707.0
2022-09-29,0.974,0.975,2885276.0
2022-09-30,0.974,0.953,3013647.0
2022-10-10,0.952,0.909,4355771.0
2022-10-11,0.91,0.904,2669744.0
2022-10-12,0.905,0.939,4907300.0
2022-10-13,0.936,0.941,3940657.0
2022-10-14,0.953,0.971,3733611.0
2022-10-17,0.956,0.976,3184172.0
2022-10-18,0.982,0.974,2764860.0
2022-10-19,0.97,0.963,2926485.0
2022-10-20,0.957,0.978,3920136.0
2022-10-21,0.979,0.983,3211576.0
2022-10-24,0.983,0.985,4050720.0
2022-10-25,0.978,0.986,3890263.0
2022-10-26,0.986,1.021,4908472.0
2022-10-27,1.021,1.021,4192976.0
2022-10-28,1.012,1.012,4816623.0
2022-10-31,1.011,1.029,4521488.0
2022-11-01,1.027,1.039,4470731.0
2022-11-02,1.039,1.055,4160654.0
2022-11-03,1.047,1.066,4106005.0
2022-11-04,1.065,1.09,4343744.0
2022-11-07,1.09,1.077,5116725.0
2022-11-08,1.076,1.069,4148125.0
2022-11-09,1.067,1.053,3980837.0
2022-11-10,1.047,1.04,4488367.0
2022-11-11,1.072,1.04,5727063.0
2022-11-14,1.034,1.04,5269669.0
2022-11-15,1.04,1.07,6103267.0
2022-11-16,1.068,1.053,4824718.0
2022-11-17,1.048,1.058,5219302.0
2022-11-18,1.054,1.048,3743900.0
2022-11-21,1.036,1.048,3009386.0
2022-11-22,1.047,1.034,3723121.0
2022-11-23,1.03,1.032,4607611.0
2022-11-24,1.032,1.032,3071277.0
2022-11-25,1.029,1.018,4123644.0
2022-11-28,1.006,1.007,4377719.0
2022-11-29,1.009,1.017,5375067.0
2022-11-30,1.017,1.012,3802262.0
2022-12-01,1.022,1.025,4612810.0
2022-12-02,1.022,1.026,3660628.0
2022-12-05,1.031,1.02,6361050.0
2022-12-06,1.02,1.019,4846642.0
2022-12-07,1.015,1.016,4234970.0
2022-12-08,1.012,1.012,3193093.0
2022-12-09,1.013,1.013,3877300.0
2022-12-12,1.017,1.018,4289637.0
2022-12-13,1.014,0.999,4939844.0
2022-12-14,1.01,0.994,4153992.0
2022-12-15,0.993,1.0,3445038.0
2022-12-16,0.996,0.987,4231327.0
2022-12-19,0.984,0.967,4277328.0
2022-12-20,0.965,0.964,3506340.0
2022-12-21,0.964,0.95,3876910.0
2022-12-22,0.954,0.941,3577319.0
2022-12-23,0.937,0.932,4177799.0
2022-12-26,0.929,0.962,4362337.0
2022-12-27,0.962,0.973,4518680.0
2022-12-28,0.97,0.967,3401477.0
2022-12-29,0.962,0.972,3353590.0
2022-12-30,0.974,0.973,2526884.0
2023-01-03,0.973,0.991,3831683.0
2023-01-04,0.99,0.983,3997102.0
2023-01-05,0.984,0.993,4294674.0
2023-01-06,0.992,1.0,11826042.0
2023-01-09,1.001,0.999,3834061.0
2023-01-10,0.997,0.999,2626193.0
2023-01-11,0.999,0.984,3508490.0
2023-01-12,0.983,0.982,2552997.0
2023-01-13,0.984,0.986,3073746.0
2023-01-16,0.985,1.004,4132633.0
2023-01-17,1.005,1.014,3314397.0
2023-01-18,1.015,1.017,2653031.0
2023-01-19,1.014,1.035,3567963.0
2023-01-20,1.036,1.04,3990601.0
2023-01-30,1.054,1.042,4339425.0
2023-01-31,1.039,1.036,3168307.0
2023-02-01,1.028,1.039,4159086.0
2023-02-02,1.045,1.043,3615356.0
2023-02-03,1.041,1.047,3640900.0
2023-02-06,1.04,1.033,4246806.0
2023-02-07,1.033,1.029,3327709.0
2023-02-08,1.031,1.022,2429423.0
2023-02-09,1.018,1.049,5453513.0
2023-02-10,1.048,1.036,3585894.0
2023-02-13,1.031,1.036,2270115.0
2023-02-14,1.037,1.034,2533439.0
2023-02-15,1.033,1.035,2481407.0
2023-02-16,1.034,1.016,4404115.0
2023-02-17,1.014,0.997,5343480.0
2023-02-20,0.996,1.008,3854709.0
2023-02-21,1.007,1.005,3689557.0
2023-02-22,0.999,0.999,4257432.0
2023-02-23,0.999,1.003,3611109.0
2023-02-24,1.004,1.001,3622424.0
2023-02-27,0.998,0.997,2862924.0
2023-02-28,0.999,1.001,3203397.0
2023-03-01,1.0,1.004,4332858.0
2023-03-02,1.006,0.998,2921287.0
2023-03-03,1.004,1.01,4246830.0
2023-03-06,1.01,1.017,4551311.0
2023-03-07,1.016,1.001,3943338.0
2023-03-08,0.998,1.003,3040119.0
2023-03-09,1.004,1.009,3557453.0
2023-03-10,1.002,1.002,3035771.0
2023-03-13,1.002,1.007,2967887.0
2023-03-14,1.005,1.02,5394448.0
2023-03-15,1.021,1.015,4540606.0
2023-03-16,1.01,1.0,4381166.0
2023-03-17,1.005,1.023,5886764.0
2023-03-20,1.023,1.033,5794782.0
2023-03-21,1.033,1.037,2954213.0
2023-03-22,1.039,1.039,3376554.0
2023-03-23,1.037,1.065,7503301.0
2023-03-24,1.065,1.072,6006409.0
2023-03-27,1.069,1.064,6009065.0
2023-03-28,1.062,1.045,5253506.0
2023-03-29,1.046,1.07,6503779.0
2023-03-30,1.071,1.075,3928936.0
2023-03-31,1.073,1.09,4727228.0
2023-04-03,1.093,1.134,7216475.0
2023-04-04,1.135,1.136,7769836.0
2023-04-06,1.126,1.157,9856457.0
2023-04-07,1.156,1.171,5561795.0
2023-04-10,1.171,1.137,6225409.0
2023-04-11,1.137,1.13,5011814.0
2023-04-12,1.126,1.139,3939573.0
2023-04-13,1.133,1.111,3597241.0
2023-04-14,1.118,1.146,5300654.0
2023-04-17,1.145,1.151,2940533.0
2023-04-18,1.141,1.138,4057528.0
2023-04-19,1.136,1.143,3848010.0
2023-04-20,1.142,1.174,5361854.0
2023-04-21,1.174,1.128,5081976.0
2023-04-24,1.122,1.105,4869992.0
2023-04-25,1.105,1.086,5602889.0
2023-04-26,1.083,1.081,4852622.0
2023-04-27,1.073,1.078,4221483.0
2023-04-28,1.075,1.098,4703638.0
2023-05-04,1.09,1.074,4695389.0
2023-05-05,1.073,1.058,5041471.0
2023-05-08,1.062,1.069,3877579.0
2023-05-09,1.068,1.045,6013383.0
2023-05-10,1.043,1.036,5675180.0
2023-05-11,1.04,1.036,3780399.0
2023-05-12,1.039,1.022,4575227.0
2023-05-15,1.022,1.035,4393537.0
2023-05-16,1.034,1.035,3657152.0
2023-05-17,1.033,1.038,3062269.0
2023-05-18,1.041,1.043,3473110.0
2023-05-19,1.046,1.051,4029813.0
2023-05-22,1.051,1.042,3944651.0
2023-05-23,1.038,1.026,4365676.0
2023-05-24,1.024,1.022,5325424.0
2023-05-25,1.021,1.03,4096209.0
2023-05-26,1.031,1.052,7443124.0
2023-05-29,1.054,1.038,4695583.0
2023-05-30,1.038,1.055,5474839.0
2023-05-31,1.053,1.063,9160025.0
2023-06-01,1.058,1.065,5348676.0
2023-06-02,1.066,1.064,4201832.0
2023-06-05,1.07,1.063,4876551.0
2023-06-06,1.061,1.034,8623367.0
2023-06-07,1.038,1.031,4654362.0
2023-06-08,1.027,1.017,9770111.0
2023-06-09,1.019,1.042,6797848.0
2023-06-12,1.039,1.035,4986631.0
2023-06-13,1.035,1.048,6844229.0
2023-06-14,1.048,1.045,4120365.0
2023-06-15,1.045,1.045,4873096.0
2023-06-16,1.045,1.061,7290729.0
2023-06-19,1.059,1.063,5949555.0
2023-06-20,1.06,1.063,9075444.0
2023-06-21,1.06,1.028,7524316.0
2023-06-26,1.022,1.021,6751578.0
2023-06-27,1.021,1.022,6369849.0
2023-06-28,1.022,1.019,6151362.0
2023-06-29,1.016,1.012,5568245.0
2023-06-30,1.01,1.016,7747340.0
2023-07-03,1.016,1.019,6530275.0
2023-07-04,1.017,1.025,5236301.0
2023-07-05,1.023,1.016,3790207.0
2023-07-06,1.015,1.012,3942304.0
2023-07-07,1.01,1.003,5626079.0
2023-07-10,1.003,1.004,3954606.0
2023-07-11,1.004,1.011,4165839.0
2023-07-12,1.011,0.995,5713727.0
2023-07-13,0.998,1.005,4118071.0
2023-07-14,1.007,1.001,4060338.0
2023-07-17,1.001,0.995,4699529.0
2023-07-18,0.996,0.992,5005174.0
2023-07-19,0.993,0.985,5465662.0
2023-07-20,0.985,0.972,6322126.0
2023-07-21,0.969,0.965,5098292.0
2023-07-24,0.963,0.96,4764371.0
2023-07-25,0.967,0.975,5765996.0
2023-07-26,0.974,0.971,5272179.0
2023-07-27,0.971,0.962,6035446.0
2023-07-28,0.961,0.972,6667946.0
2023-07-31,0.973,0.979,9572766.0
2023-08-01,0.979,0.98,5062119.0
2023-08-02,0.979,0.979,4769428.0
2023-08-03,0.976,0.98,5923643.0
2023-08-04,0.983,0.986,6630737.0
2023-08-07,0.984,0.978,5290198.0
2023-08-08,0.978,0.975,4939510.0
2023-08-09,0.974,0.967,4914016.0
2023-08-10,0.965,0.968,4072234.0
2023-08-11,0.968,0.948,6646185.0
2023-08-14,0.938,0.94,6425605.0
2023-08-15,0.94,0.928,7219902.0
2023-08-16,0.924,0.909,7571758.0
2023-08-17,0.906,0.919,6870486.0
2023-08-18,0.931,0.916,7851092.0
2023-08-21,0.91,0.902,7809327.0
2023-08-22,0.905,0.913,10152529.0
2023-08-23,0.906,0.888,7893050.0
2023-08-24,0.89,0.894,6366011.0
2023-08-25,0.889,0.878,8662230.0
2023-08-28,0.941,0.889,19522253.0
2023-08-29,0.884,0.926,19157340.0
2023-08-30,0.933,0.949,22735080.0
2023-08-31,0.945,0.951,13788816.0
2023-09-01,0.952,0.945,8866114.0
2023-09-04,0.948,0.952,9805535.0
2023-09-05,0.949,0.94,8742585.0
2023-09-06,0.936,0.943,8307773.0
2023-09-07,0.939,0.907,17588720.0
2023-09-08,0.903,0.909,6829452.0
2023-09-11,0.91,0.915,7643902.0
2023-09-12,0.913,0.909,5127041.0
2023-09-13,0.907,0.896,8095929.0
2023-09-14,0.894,0.888,6143939.0
2023-09-15,0.89,0.893,7076529.0
2023-09-18,0.888,0.887,6307736.0
2023-09-19,0.887,0.88,6845347.0
2023-09-20,0.877,0.873,5538494.0
2023-09-21,0.871,0.868,5640614.0
2023-09-22,0.866,0.89,9009217.0
2023-09-25,0.887,0.882,5745847.0
2023-09-26,0.881,0.883,6430017.0
2023-09-27,0.882,0.889,6171694.0
2023-09-28,0.889,0.895,6307719.0
2023-10-09,0.894,0.894,5268891.0
2023-10-10,0.896,0.889,4833427.0
2023-10-11,0.891,0.901,7036564.0
2023-10-12,0.906,0.907,6067000.0
2023-10-13,0.901,0.899,4984347.0
2023-10-16,0.898,0.881,7091905.0
2023-10-17,0.882,0.889,5583520.0
2023-10-18,0.888,0.878,5489701.0
2023-10-19,0.873,0.878,5856914.0
2023-10-20,0.874,0.87,7333054.0
2023-10-23,0.866,0.845,9507360.0
2023-10-24,0.849,0.857,8655470.0
2023-10-25,0.866,0.855,7423277.0
2023-10-26,0.85,0.856,7120814.0
2023-10-27,0.852,0.87,8793977.0
2023-10-30,0.866,0.885,10128893.0
2023-10-31,0.884,0.883,5980275.0
2023-11-01,0.884,0.878,5455788.0
2023-11-02,0.878,0.868,5443831.0
2023-11-03,0.869,0.883,6570554.0
2023-11-06,0.889,0.897,8541458.0
2023-11-07,0.894,0.898,6532707.0
2023-11-08,0.896,0.906,9886381.0
2023-11-09,0.905,0.901,6190033.0
2023-11-10,0.896,0.897,6791163.0
2023-11-13,0.901,0.903,4653353.0
2023-11-14,0.901,0.911,6489384.0
2023-11-15,0.924,0.91,6458556.0
2023-11-16,0.908,0.894,6806902.0
2023-11-17,0.891,0.898,5649309.0
2023-11-20,0.898,0.899,4982072.0
2023-11-21,0.902,0.893,6522808.0
2023-11-22,0.891,0.878,7117319.0
2023-11-23,0.878,0.885,5457456.0
2023-11-24,0.882,0.872,6499997.0
2023-11-27,0.869,0.876,5706335.0
2023-11-28,0.874,0.878,4531305.0
2023-11-29,0.878,0.87,4883770.0
2023-11-30,0.87,0.872,5239605.0
2023-12-01,0.872,0.876,5584716.0
2023-12-04,0.876,0.869,5562658.0
2023-12-05,0.867,0.853,6387239.0
2023-12-06,0.852,0.856,5202579.0
2023-12-07,0.855,0.856,5627983.0
2023-12-08,0.856,0.872,7071299.0
2023-12-11,0.868,0.885,7671014.0
2023-12-12,0.883,0.878,6537392.0
2023-12-13,0.875,0.868,5556961.0
2023-12-14,0.874,0.863,5729691.0
2023-12-15,0.866,0.856,6699633.0
2023-12-18,0.853,0.848,5806325.0
2023-12-19,0.846,0.854,5199946.0
2023-12-20,0.855,0.842,6499417.0
2023-12-21,0.838,0.854,7296156.0
2023-12-22,0.853,0.85,5804058.0
2023-12-25,0.849,0.844,6131699.0
2023-12-26,0.842,0.83,5962137.0
2023-12-27,0.831,0.835,5853431.0
2023-12-28,0.835,0.857,8176996.0
2023-12-29,0.855,0.858,4602229.0
2024-01-02,0.858,0.847,4619227.0
2024-01-03,0.846,0.837,6609149.0
2024-01-04,0.835,0.83,6786274.0
2024-01-05,0.828,0.813,7523752.0
2024-01-08,0.808,0.788,8411380.0
2024-01-09,0.789,0.788,7073270.0
2024-01-10,0.786,0.782,6391907.0
2024-01-11,0.781,0.795,6667274.0
2024-01-12,0.792,0.783,5204597.0
2024-01-15,0.778,0.778,5691683.0
2024-01-16,0.777,0.782,6475886.0
2024-01-17,0.78,0.76,6167756.0
2024-01-18,0.754,0.772,9016298.0
2024-01-19,0.774,0.769,7471278.0
2024-01-22,0.769,0.745,7317691.0
2024-01-23,0.741,0.753,7288918.0
2024-01-24,0.756,0.753,8187278.0
2024-01-25,0.752,0.771,7997567.0
2024-01-26,0.768,0.75,9256727.0
2024-01-29,0.754,0.728,8485585.0
2024-01-30,0.722,0.7,9463216.0
2024-01-31,0.697,0.686,17453959.0
2024-02-01,0.682,0.698,12268948.0
2024-02-02,0.695,0.675,14867936.0
2024-02-05,0.673,0.679,42537667.0
2024-02-06,0.671,0.725,28393676.0
2024-02-07,0.726,0.747,20742757.0
2024-02-08,0.754,0.756,14707903.0
2024-02-19,0.766,0.765,20193116.0
2024-02-20,0.762,0.758,11374136.0
2024-02-21,0.753,0.759,10181179.0
2024-02-22,0.757,0.766,6455755.0
2024-02-23,0.77,0.768,5789053.0
2024-02-26,0.767,0.772,7280427.0
2024-02-27,0.768,0.802,9858680.0
2024-02-28,0.804,0.776,12625313.0
2024-02-29,0.774,0.812,15246165.0
2024-03-01,0.812,0.821,8883703.0
2024-03-04,0.824,0.824,6299550.0
2024-03-05,0.821,0.822,32925660.0
2024-03-06,0.82,0.817,19978348.0
2024-03-07,0.817,0.799,12995326.0
2024-03-08,0.8,0.807,5581954.0
2024-03-11,0.803,0.824,5478943.0
2024-03-12,0.825,0.823,6757712.0
2024-03-13,0.824,0.819,6644484.0
2024-03-14,0.817,0.81,5963789.0
2024-03-15,0.807,0.814,5477474.0
2024-03-18,0.813,0.831,6825700.0
2024-03-19,0.829,0.817,6005557.0
2024-03-20,0.816,0.819,6790961.0
2024-03-21,0.824,0.81,11520579.0
2024-03-22,0.808,0.798,6572129.0
2024-03-25,0.796,0.786,8031026.0
2024-03-26,0.785,0.776,9106077.0
2024-03-27,0.776,0.757,7271818.0
2024-03-28,0.756,0.767,5846765.0
2024-03-29,0.765,0.767,4901847.0
2024-04-01,0.77,0.78,5571596.0
2024-04-02,0.78,0.772,3874095.0
2024-04-03,0.774,0.761,4115028.0
2024-04-08,0.76,0.743,5022267.0
2024-04-09,0.742,0.752,6080151.0
2024-04-10,0.755,0.74,6309647.0
2024-04-11,0.738,0.742,5565100.0
2024-04-12,0.744,0.742,4442131.0
2024-04-15,0.743,0.754,5349100.0
2024-04-16,0.75,0.736,5104959.0
2024-04-17,0.739,0.754,4993170.0
2024-04-18,0.752,0.75,9199916.0
2024-04-19,0.745,0.734,4973756.0
2024-04-22,0.727,0.734,4257002.0
2024-04-23,0.734,0.731,3625789.0
2024-04-24,0.732,0.742,3803962.0
2024-04-25,0.739,0.737,3801540.0
2024-04-26,0.737,0.757,7414307.0
2024-04-29,0.762,0.781,7420576.0
2024-04-30,0.78,0.772,6559760.0
2024-05-06,0.785,0.782,6631700.0
2024-05-07,0.781,0.774,4875676.0
2024-05-08,0.772,0.765,4658810.0
2024-05-09,0.765,0.782,6750512.0
2024-05-10,0.782,0.771,5968692.0
2024-05-13,0.766,0.767,4203299.0
2024-05-14,0.768,0.763,4926815.0
2024-05-15,0.761,0.752,4337257.0
2024-05-16,0.754,0.75,5331718.0
2024-05-17,0.749,0.758,5236394.0
2024-05-20,0.757,0.757,6102740.0
2024-05-21,0.755,0.751,3521063.0
2024-05-22,0.752,0.758,5031013.0
2024-05-23,0.757,0.746,5603751.0
2024-05-24,0.744,0.731,4863585.0
2024-05-27,0.73,0.741,5159363.0
2024-05-28,0.739,0.738,4905044.0
2024-05-29,0.736,0.738,3833003.0
2024-05-30,0.736,0.745,5510529.0
2024-05-31,0.747,0.747,4056199.0
2024-06-03,0.747,0.754,6012442.0
2024-06-04,0.753,0.757,4089616.0
2024-06-05,0.756,0.755,6886128.0
2024-06-06,0.76,0.748,5694313.0
2024-06-07,0.748,0.743,5618554.0
2024-06-11,0.742,0.762,7874080.0
2024-06-12,0.766,0.76,10787195.0
2024-06-13,0.763,0.765,11897847.0
2024-06-14,0.761,0.759,7689393.0
2024-06-17,0.757,0.761,5408974.0
2024-06-18,0.76,0.761,7214028.0
2024-06-19,0.763,0.756,8634513.0
2024-06-20,0.757,0.761,10700850.0
2024-06-21,0.756,0.762,8940181.0
2024-06-24,0.758,0.743,7917747.0
2024-06-25,0.741,0.721,9887988.0
2024-06-26,0.72,0.734,8285599.0
2024-06-27,0.73,0.719,4812761.0
2024-06-28,0.717,0.717,5491052.0
2024-07-01,0.716,0.714,5337919.0
2024-07-02,0.711,0.703,5235420.0
2024-07-03,0.703,0.705,4529027.0
2024-07-04,0.705,0.693,6040722.0
2024-07-05,0.692,0.702,10097159.0
2024-07-08,0.7,0.695,5016451.0
2024-07-09,0.691,0.713,9260067.0
2024-07-10,0.711,0.713,4195822.0
2024-07-11,0.725,0.722,5590458.0
2024-07-12,0.718,0.723,6419419.0
2024-07-15,0.72,0.719,5993099.0
2024-07-16,0.717,0.735,10749873.0
2024-07-17,0.734,0.733,3624813.0
2024-07-18,0.728,0.739,13237082.0
2024-07-19,0.735,0.755,13961694.0
2024-07-22,0.754,0.756,7969350.0
2024-07-23,0.756,0.725,5876045.0
2024-07-24,0.725,0.716,5101790.0
2024-07-25,0.713,0.718,4541864.0
2024-07-26,0.719,0.724,3998281.0
2024-07-29,0.723,0.71,3583134.0
2024-07-30,0.709,0.714,9638427.0
2024-07-31,0.712,0.749,8383965.0
2024-08-01,0.75,0.744,6571987.0
2024-08-02,0.736,0.731,8011005.0
2024-08-05,0.727,0.708,9774970.0
2024-08-06,0.716,0.718,4161327.0
2024-08-07,0.716,0.712,3413394.0
2024-08-08,0.71,0.714,4440205.0
2024-08-09,0.719,0.711,3619595.0
2024-08-12,0.708,0.713,2547999.0
2024-08-13,0.713,0.716,3478660.0
2024-08-14,0.717,0.706,3074876.0
2024-08-15,0.705,0.712,11049884.0
2024-08-16,0.712,0.71,8242043.0
2024-08-19,0.71,0.708,3358876.0
2024-08-20,0.709,0.698,4679636.0
2024-08-21,0.696,0.696,3093450.0
2024-08-22,0.696,0.69,3490774.0
2024-08-23,0.688,0.69,14590267.0
2024-08-26,0.69,0.686,6923028.0
2024-08-27,0.685,0.678,12903016.0
2024-08-28,0.677,0.674,4133450.0
2024-08-29,0.672,0.683,5296997.0
2024-08-30,0.681,0.697,8175397.0
2024-09-02,0.695,0.674,5388154.0
2024-09-03,0.672,0.679,3398358.0
2024-09-04,0.674,0.676,3930727.0
2024-09-05,0.677,0.675,5590332.0
2024-09-06,0.675,0.666,4789294.0
2024-09-09,0.663,0.659,4523530.0
2024-09-10,0.659,0.663,4642604.0
2024-09-11,0.661,0.667,3982320.0
2024-09-12,0.669,0.662,3817264.0
2024-09-13,0.661,0.656,4488261.0
2024-09-18,0.658,0.649,6084085.0
2024-09-19,0.652,0.654,4920774.0
2024-09-20,0.653,0.65,5091050.0
2024-09-23,0.648,0.646,4392746.0
2024-09-24,0.649,0.67,11560386.0
2024-09-25,0.675,0.669,13094226.0
2024-09-26,0.668,0.697,12864038.0
2024-09-27,0.708,0.748,9085232.0
2024-09-30,0.799,0.9,73681208.0
2024-10-08,1.083,1.083,160542919.0
2024-10-09,1.064,1.009,108325142.0
2024-10-10,1.014,0.962,64801119.0
2024-10-11,0.938,0.908,46091083.0
2024-10-14,0.907,0.935,42809409.0
2024-10-15,0.926,0.908,28204336.0
2024-10-16,0.884,0.883,27565586.0
2024-10-17,0.902,0.887,25486616.0
2024-10-18,0.886,0.999,78227637.0
2024-10-21,1.006,1.01,67217375.0
2024-10-22,0.991,0.996,40403498.0
2024-10-23,0.986,0.99,28066050.0
2024-10-24,0.981,0.987,19072451.0
2024-10-25,0.988,1.004,26715007.0
2024-10-28,1.003,0.995,27900724.0
2024-10-29,0.996,0.985,25088855.0
2024-10-30,0.978,0.967,20046556.0
2024-10-31,0.967,0.979,27966051.0
2024-11-01,0.969,0.95,19882153.0
2024-11-04,0.947,0.963,11512289.0
2024-11-05,0.963,1.005,30533786.0
2024-11-06,1.01,1.006,26866093.0
2024-11-07,0.997,1.04,22909848.0
2024-11-08,1.064,1.038,36471278.0
2024-11-11,1.038,1.085,33697411.0
2024-11-12,1.085,1.063,22955530.0
2024-11-13,1.054,1.073,14002938.0
2024-11-14,1.067,1.038,20472020.0
2024-11-15,1.033,0.998,20753177.0
2024-11-18,1.0,0.979,18437928.0
2024-11-19,0.982,1.009,17464907.0
2024-11-20,1.001,1.013,13352778.0
2024-11-21,1.012,1.021,12432424.0
2024-11-22,1.02,0.982,14645384.0
2024-11-25,0.981,0.968,13894009.0
2024-11-26,0.964,0.961,7665222.0
2024-11-27,0.96,0.996,15362261.0
2024-11-28,0.996,0.994,11431272.0
2024-11-29,0.991,1.019,16682136.0
2024-12-02,1.018,1.027,11423659.0
2024-12-03,1.027,1.016,9742995.0
2024-12-04,1.029,1.009,9983566.0
2024-12-05,1.002,1.013,6659895.0
2024-12-06,1.016,1.026,11738436.0
2024-12-09,1.024,1.013,8728379.0
2024-12-10,1.081,1.022,20141987.0
2024-12-11,1.02,1.018,9732719.0
2024-12-12,1.015,1.021,9771954.0
2024-12-13,1.015,1.001,11657963.0
2024-12-16,0.999,0.985,10476251.0
2024-12-17,0.983,0.978,9252418.0
2024-12-18,0.979,0.991,10894419.0
2024-12-19,0.98,1.002,11489245.0
2024-12-20,0.999,1.021,16148091.0
2024-12-23,1.021,1.009,9906235.0
2024-12-24,1.012,1.025,8966459.0
2024-12-25,1.028,1.028,9924215.0
2024-12-26,1.026,1.038,10249184.0
2024-12-27,1.036,1.03,12667505.0
2024-12-30,1.027,1.032,7522843.0
2024-12-31,1.032,1.0,10122795.0
2025-01-02,0.996,0.966,17469192.0
2025-01-03,0.966,0.952,10813404.0
2025-01-06,0.951,0.948,8266706.0
2025-01-07,0.949,0.976,9932349.0
2025-01-08,0.966,0.976,10292621.0
2025-01-09,0.97,0.972,6095466.0
2025-01-10,0.969,0.961,11242162.0
2025-01-13,0.947,0.961,6707294.0
2025-01-14,0.966,0.991,16376770.0
2025-01-15,0.988,0.988,6616016.0
2025-01-16,0.993,0.967,14782788.0
2025-01-17,0.96,0.975,8979218.0
2025-01-20,0.982,0.977,7139675.0
2025-01-21,0.982,0.986,8126752.0
2025-01-22,0.982,0.986,11664030.0
2025-01-23,0.996,0.977,10432860.0
2025-01-24,0.977,0.985,10130409.0
2025-01-27,0.986,0.966,9776610.0
2025-02-05,0.993,0.992,14085695.0
2025-02-06,0.986,1.021,13400659.0
2025-02-07,1.019,1.029,14874438.0
2025-02-10,1.031,1.048,12693775.0
2025-02-11,1.046,1.035,10527919.0
2025-02-12,1.035,1.052,9769362.0
2025-02-13,1.051,1.027,9892345.0
2025-02-14,1.022,1.033,11290981.0
2025-02-17,1.037,1.048,12717320.0
2025-02-18,1.047,1.021,9230553.0
2025-02-19,1.023,1.046,9357796.0
2025-02-20,1.043,1.044,8396958.0
2025-02-21,1.05,1.108,25035407.0
2025-02-24,1.108,1.114,20195315.0
2025-02-25,1.095,1.115,13661585.0
2025-02-26,1.117,1.141,13972557.0
2025-02-27,1.141,1.14,12090347.0
2025-02-28,1.13,1.09,16417045.0
2025-03-03,1.09,1.074,10019246.0
2025-03-04,1.064,1.093,10607760.0
2025-03-05,1.092,1.097,7375070.0
2025-03-06,1.109,1.136,11869304.0
2025-03-07,1.128,1.122,11252224.0
2025-03-10,1.117,1.119,7568589.0
2025-03-11,1.099,1.112,7970848.0
2025-03-12,1.119,1.105,7008256.0
2025-03-13,1.102,1.081,8304128.0
2025-03-14,1.081,1.101,8393140.0
2025-03-17,1.106,1.095,7201068.0
2025-03-18,1.1,1.101,5101556.0
2025-03-19,1.097,1.088,6046411.0
2025-03-20,1.088,1.075,7296170.0
2025-03-21,1.072,1.052,10091861.0
2025-03-24,1.05,1.057,6146270.0
2025-03-25,1.055,1.044,7286519.0
2025-03-26,1.044,1.04,6413653.0
2025-03-27,1.038,1.049,6607014.0
2025-03-28,1.048,1.041,5110085.0
2025-03-31,1.036,1.032,6223685.0
2025-04-01,1.037,1.035,4426336.0
2025-04-02,1.034,1.032,3892672.0
2025-04-03,1.022,1.028,5919615.0
2025-04-07,0.985,0.939,26750469.0
2025-04-08,0.94,0.946,45993163.0
2025-04-09,0.929,0.987,14424872.0
2025-04-10,1.008,1.001,11048298.0
2025-04-11,0.997,1.021,10462147.0
2025-04-14,1.031,1.023,7056571.0
2025-04-15,1.022,1.014,7157677.0
2025-04-16,1.021,1.02,6454629.0
2025-04-17,1.015,1.025,5279951.0
2025-04-18,1.021,1.018,3839651.0
2025-04-21,1.02,1.028,4949133.0
2025-04-22,1.026,1.026,3613724.0
2025-04-23,1.03,1.022,4877252.0
2025-04-24,1.022,1.012,4247464.0
2025-04-25,1.013,1.013,3784751.0
2025-04-28,1.013,1.011,2757486.0
2025-04-29,1.007,1.012,6300584.0
2025-04-30,1.011,1.022,4118289.0
2025-05-06,1.026,1.036,6170877.0
2025-05-07,1.052,1.041,7745164.0
2025-05-08,1.036,1.037,4753641.0
2025-05-09,1.032,1.017,6272565.0
2025-05-12,1.02,1.021,6726891.0
2025-05-13,1.027,1.018,5001223.0
2025-05-14,1.02,1.024,5344330.0
2025-05-15,1.022,1.009,4420772.0
2025-05-16,1.006,1.003,4386091.0
2025-05-19,1.003,1.005,3321887.0
2025-05-20,1.005,1.007,2774881.0
2025-05-21,1.007,1.004,2716199.0
2025-05-22,1.004,0.998,3298469.0
2025-05-23,0.998,0.99,5290971.0
2025-05-26,0.992,0.996,5182078.0
2025-05-27,0.992,0.987,3750449.0
2025-05-28,0.987,0.984,2844772.0
2025-05-29,0.985,1.0,4591886.0
2025-05-30,0.996,0.991,3822633.0
2025-06-03,0.988,0.994,3488012.0
2025-06-04,0.996,1.0,2835576.0
2025-06-05,1.001,1.011,5908080.0
2025-06-06,1.009,1.007,2808812.0
2025-06-09,1.006,1.013,3823462.0
2025-06-10,1.014,0.993,5976916.0
2025-06-11,0.993,0.992,4695173.0
2025-06-12,0.99,0.988,3864227.0
2025-06-13,0.985,0.983,6441565.0
2025-06-16,0.981,0.981,3577634.0
2025-06-17,0.982,0.974,6002621.0
2025-06-18,0.973,0.978,4251532.0
2025-06-19,0.976,0.974,4998373.0
2025-06-20,0.974,0.968,3968383.0
2025-06-23,0.965,0.972,4368419.0
2025-06-24,0.974,0.989,7516608.0
2025-06-25,0.991,1.008,10726165.0
2025-06-26,1.007,1.002,6867795.0
2025-06-27,1.005,0.999,7034311.0
2025-06-30,1.002,1.015,7084419.0
2025-07-01,1.014,1.007,4174417.0
2025-07-02,1.007,0.995,6312159.0
2025-07-03,0.996,0.995,4018288.0
2025-07-04,0.996,0.996,7012675.0
2025-07-07,0.995,0.99,3523846.0
2025-07-08,0.99,1.003,5924544.0
2025-07-09,1.003,0.995,5433939.0
2025-07-10,0.994,0.993,5534797.0
2025-07-11,0.993,1.006,9723332.0
2025-07-14,1.008,1.005,5580670.0
2025-07-15,1.004,1.008,7126759.0
2025-07-16,1.008,1.01,6802434.0
2025-07-17,1.01,1.017,8885355.0
2025-07-18,1.017,1.019,6228979.0
2025-07-21,1.02,1.02,5915426.0
2025-07-22,1.019,1.029,8178505.0
2025-07-23,1.029,1.033,13057379.0
2025-07-24,1.033,1.046,7888597.0
2025-07-25,1.046,1.068,11353684.0
2025-07-28,1.069,1.069,9927695.0
2025-07-29,1.065,1.083,8792065.0
2025-07-30,1.08,1.071,9101060.0
2025-07-31,1.068,1.06,11956801.0
2025-08-01,1.059,1.05,8849837.0
2025-08-04,1.045,1.063,5686277.0
2025-08-05,1.063,1.068,4141233.0
2025-08-06,1.067,1.073,4442836.0
2025-08-07,1.072,1.071,8177359.0
2025-08-08,1.067,1.056,7252606.0
2025-08-11,1.056,1.063,4153825.0
2025-08-12,1.061,1.084,10997973.0
2025-08-13,1.085,1.093,8922385.0
2025-08-14,1.094,1.099,15078499.0
2025-08-15,1.092,1.117,11372819.0
2025-08-18,1.128,1.144,12147024.0
2025-08-19,1.142,1.129,9079685.0
2025-08-20,1.125,1.165,11483513.0
2025-08-21,1.166,1.166,10771725.0
2025-08-22,1.175,1.281,26372207.0
2025-08-25,1.301,1.311,30460341.0
2025-08-26,1.286,1.291,14126222.0
2025-08-27,1.305,1.291,34423427.0
2025-08-28,1.294,1.389,33908015.0
2025-08-29,1.362,1.367,20794258.0
2025-09-01,1.374,1.384,12433614.0
2025-09-02,1.376,1.349,15905961.0
2025-09-03,1.345,1.321,14523482.0
2025-09-04,1.321,1.238,23371571.0
2025-09-05,1.238,1.282,18546972.0
2025-09-08,1.281,1.283,11808678.0
2025-09-09,1.266,1.263,8695718.0
2025-09-10,1.265,1.276,9905844.0
2025-09-11,1.271,1.347,15093061.0
2025-09-12,1.349,1.358,13863105.0
2025-09-15,1.382,1.363,11076964.0
2025-09-16,1.365,1.38,9335443.0
2025-09-17,1.373,1.392,9812614.0
2025-09-18,1.408,1.401,15957066.0
2025-09-19,1.409,1.384,13583689.0
2025-09-22,1.378,1.433,12664595.0
2025-09-23,1.432,1.428,14066173.0
2025-09-24,1.418,1.481,16219900.0
2025-09-25,1.482,1.499,10417736.0
2025-09-26,1.491,1.479,8763413.0
2025-09-29,1.478,1.496,10531141.0
2025-09-30,1.514,1.523,9608154.0
2025-10-09,1.556,1.567,13903476.0
2025-10-10,1.536,1.484,16544832.0
2025-10-13,1.427,1.499,15199977.0
2025-10-14,1.511,1.437,17435262.0
2025-10-15,1.428,1.453,16838966.0
2025-10-16,1.441,1.441,10369100.0
2025-10-17,1.435,1.388,14368598.0
2025-10-20,1.408,1.393,13851605.0
2025-10-21,1.398,1.43,11350810.0
2025-10-22,1.416,1.429,9348886.0
2025-10-23,1.42,1.424,6271343.0
2025-10-24,1.445,1.487,10983668.0
2025-10-27,1.513,1.509,12485484.0
2025-10-28,1.5,1.496,8858636.0
2025-10-29,1.492,1.515,7867933.0
2025-10-30,1.513,1.488,7631526.0
2025-10-31,1.478,1.442,10541663.0
2025-11-03,1.428,1.425,8462720.0
2025-11-04,1.428,1.411,5934126.0
2025-11-05,1.387,1.414,7010315.0
2025-11-06,1.427,1.462,9296240.0
2025-11-07,1.446,1.442,4752208.0
2025-11-10,1.445,1.432,5605362.0
2025-11-11,1.439,1.412,6205392.0
2025-11-12,1.401,1.405,7029180.0
2025-11-13,1.401,1.423,6655399.0
2025-11-14,1.406,1.387,6954597.0
2025-11-17,1.383,1.378,6670787.0
2025-11-18,1.373,1.383,7182034.0
2025-11-19,1.38,1.369,7448239.0
2025-11-20,1.383,1.352,6503111.0
2025-11-21,1.332,1.308,14626681.0
2025-11-24,1.313,1.317,8880012.0
2025-11-25,1.327,1.325,8749693.0
2025-11-26,1.32,1.34,9812802.0
2025-11-27,1.348,1.336,11068339.0
2025-11-28,1.329,1.35,7790888.0
2025-12-01,1.351,1.36,7364932.0
2025-12-02,1.355,1.343,7064137.0
2025-12-03,1.342,1.333,5504141.0
2025-12-04,1.328,1.349,7201646.0
2025-12-05,1.349,1.351,7132224.0
2025-12-08,1.352,1.376,8434103.0
2025-12-09,1.366,1.371,8886612.0
2025-12-10,1.361,1.371,10521258.0
2025-12-11,1.373,1.35,9113765.0
2025-12-12,1.35,1.372,8833176.0
2025-12-15,1.361,1.343,6362142.0
2025-12-16,1.339,1.318,7968418.0
2025-12-17,1.322,1.351,8648730.0
2025-12-18,1.34,1.331,5886460.0
2025-12-19,1.338,1.336,5136194.0
2025-12-22,1.343,1.361,7200119.0
2025-12-23,1.361,1.365,6967703.0
2025-12-24,1.366,1.378,6258832.0
2025-12-25,1.374,1.376,8095157.0
2025-12-26,1.374,1.374,6485949.0
2025-12-29,1.373,1.373,6851453.0
2025-12-30,1.371,1.387,6966845.0
2025-12-31,1.392,1.372,6405392.0
2026-01-05,1.382,1.43,13754020.0
2026-01-06,1.431,1.457,12988053.0
2026-01-07,1.465,1.471,12673451.0
2026-01-08,1.468,1.483,12996702.0
2026-01-09,1.472,1.505,12889794.0
2026-01-12,1.516,1.541,13358308.0
2026-01-13,1.54,1.499,10198549.0
2026-01-14,1.498,1.53,21029291.0
2026-01-15,1.517,1.522,81576171.0
2026-01-16,1.539,1.542,90826432.0
2026-01-19,1.54,1.536,31920675.0
2026-01-20,1.535,1.51,33129248.0
2026-01-21,1.508,1.565,24214048.0
2026-01-22,1.592,1.571,10000969.0
2026-01-23,1.566,1.583,8946166.0
2026-01-26,1.584,1.564,8237558.0
2026-01-27,1.558,1.587,8766778.0
2026-01-28,1.592,1.583,9019575.0
2026-01-29,1.576,1.54,10283410.0
2026-01-30,1.534,1.538,9546065.0
2026-02-02,1.524,1.481,8998382.0
2026-02-03,1.499,1.499,9487285.0
2026-02-04,1.481,1.484,8164090.0
2026-02-05,1.453,1.461,7513087.0
2026-02-06,1.443,1.45,7510657.0
2026-02-09,1.478,1.486,7167863.0
2026-02-10,1.49,1.5,6661343.0
2026-02-11,1.496,1.486,5409577.0
2026-02-12,1.488,1.51,6093721.0
2026-02-13,1.498,1.5,6563471.0
2026-02-24,1.519,1.495,6698914.0
2026-02-25,1.498,1.503,9563635.0
2026-02-26,1.504,1.516,7044704.0
2026-02-27,1.501,1.519,8021740.0
2026-03-02,1.491,1.496,8367832.0
2026-03-03,1.496,1.42,14494354.0
2026-03-04,1.403,1.413,8734718.0
2026-03-05,1.446,1.436,9700338.0
2026-03-06,1.426,1.444,6344991.0
2026-03-09,1.412,1.421,11053842.0
2026-03-10,1.435,1.449,7650341.0
2026-03-11,1.449,1.432,6450929.0
2026-03-12,1.428,1.412,6702944.0
2026-03-13,1.402,1.406,5431993.0
2026-03-16,1.398,1.413,9288606.0
2026-03-17,1.417,1.384,8252479.0
2026-03-18,1.387,1.4,9447430.0
2026-03-19,1.377,1.368,10370259.0
2026-03-20,1.373,1.345,7555031.0
2026-03-23,1.32,1.291,13204831.0
2026-03-24,1.308,1.317,10274636.0
2026-03-25,1.321,1.343,8486183.0
2026-03-26,1.344,1.316,7789251.0
2026-03-27,1.296,1.329,7828908.0
2026-03-30,1.303,1.318,6742519.0
2026-03-31,1.31,1.285,7563238.0
2026-04-01,1.312,1.326,10137272.0
2026-04-02,1.318,1.29,9385889.0
2026-04-03,1.292,1.285,6047284.0
2026-04-07,1.288,1.302,7271445.0
2026-04-08,1.34,1.383,15745903.0
2026-04-09,1.366,1.373,9217596.0
2026-04-10,1.388,1.393,9808419.0
2026-04-13,1.384,1.404,7820558.0
2026-04-14,1.426,1.435,9391581.0
2026-04-15,1.447,1.437,11076609.0
2026-04-16,1.437,1.455,8051130.0
2026-04-17,1.448,1.454,6891224.0
2026-04-20,1.454,1.482,8487184.0
2026-04-21,1.477,1.458,7667297.0
2026-04-22,1.453,1.482,9423216.0
2026-04-23,1.496,1.463,9407230.0
2026-04-24,1.467,1.485,13484775.0
2026-04-27,1.505,1.544,10759549.0
2026-04-28,1.533,1.52,8221550.0
2026-04-29,1.508,1.526,8678157.0
2026-04-30,1.54,1.603,16424244.0
2026-05-06,1.665,1.691,15025659.0
2026-05-07,1.7,1.715,7191461.0
2026-05-08,1.689,1.677,8574283.0
2026-05-11,1.723,1.754,12099145.0
2026-05-12,1.752,1.761,8889276.0
2026-05-13,1.726,1.808,8852841.0
2026-05-14,1.828,1.762,10135117.0
2026-05-15,1.754,1.733,14049762.0
2026-05-18,1.71,1.747,10335146.0
2026-05-19,1.732,1.815,12583693.0
2026-05-20,1.805,1.87,11716827.0
2026-05-21,1.903,1.804,14786105.0
2026-05-22,1.813,1.83,10696116.0
2026-05-25,1.83,1.936,14287651.0
2026-05-26,1.93,1.913,13861891.0
2026-05-27,1.913,1.857,13262522.0
2026-05-28,1.835,1.884,12218537.0
2026-05-29,1.884,1.791,17249057.0
2026-06-01,1.787,1.702,15023834.0
2026-06-02,1.705,1.727,13482602.0
2026-06-03,1.728,1.767,13613450.0
2026-06-04,1.737,1.776,7954358.0
2026-06-05,1.743,1.707,9621707.0
2026-06-08,1.645,1.634,10669833.0
2026-06-09,1.665,1.701,10841118.0
2026-06-10,1.69,1.691,9541437.0
2026-06-11,1.67,1.701,7120634.0
2026-06-12,1.76,1.701,6527700.0
2026-06-15,1.723,1.788,7787044.0
2026-06-16,1.794,1.797,6561336.0
2026-06-17,1.771,1.878,8808113.0
2026-06-18,1.876,1.953,11204849.0
2026-06-22,1.957,1.99,9375084.0
2026-06-23,1.971,1.956,10615739.0
2026-06-24,1.934,2.036,11846319.0
2026-06-25,2.05,2.115,8712391.0
2026-06-26,2.078,2.078,10440580.0
2026-06-29,2.079,2.18,7675716.0
2026-06-30,2.19,2.273,7697574.0
2026-07-01,2.284,2.218,9258475.0
2026-07-02,2.149,2.048,14239302.0
2026-07-03,2.025,2.037,8820018.0
2026-07-06,2.065,2.054,9538656.0
2026-07-07,2.024,2.062,8179697.0
2026-07-08,2.072,2.078,7855067.0
2026-07-09,2.102,2.259,16743652.0
2026-07-10,2.282,2.141,13250447.0
2026-07-13,2.085,2.036,14755260.0
2026-07-14,2.028,2.065,13571687.0
2026-07-15,2.074,1.966,13958180.0
2026-07-16,1.91,1.888,13790406.0
2026-07-17,1.862,1.753,21609550.0
2026-07-20,1.8,1.76,17363474.0
2026-07-21,1.78,1.952,25705589.0
2026-07-22,1.902,1.894,16215858.0
2026-07-23,1.904,1.834,12614718.0
2026-07-24,1.791,1.826,10352506.0
2026-07-27,1.81,1.848,8967629.0
2026-07-28,1.8,1.733,12937086.0
2026-07-29,1.733,1.723,14998836.0
2026-07-30,1.69,1.619,18364305.0
2026-07-31,1.733,1.676,18401457.0
2026-08-03,1.641,1.586,16305595.0
2026-08-04,1.6,1.655,16030756.0
2026-08-05,1.649,1.731,16531189.0
2026-08-06,1.695,1.739,10255113.0
2026-08-07,1.73,1.783,11766413.0
2026-08-10,1.786,1.777,8432047.0
2026-08-11,1.753,1.751,7850142.0
2026-08-12,1.756,1.777,7247675.0
2026-08-13,1.797,1.758,9259244.0
2026-08-14,1.772,1.758,7110990.0
2026-08-17,1.758,1.83,9210833.0
2026-08-18,1.829,1.832,9746608.0
2026-08-19,1.793,1.707,15975711.0
2026-08-20,1.72,1.692,10643973.0
2026-08-21,1.688,1.692,8182614.0
2026-08-24,1.693,1.641,10758809.0
2026-08-25,1.614,1.643,8242309.0
2026-08-26,1.644,1.671,8995153.0
2026-08-27,1.679,1.732,10154897.0
2026-08-28,1.73,1.703,6311058.0
2026-08-31,1.665,1.72,8724926.0
2026-09-01,1.719,1.688,6853166.0
2026-09-02,1.661,1.657,7562657.0
2026-09-03,1.669,1.648,7317370.0
2026-09-04,1.662,1.618,10447996.0
2026-09-07,1.629,1.652,8330052.0
2026-09-08,1.651,1.63,8448002.0
2026-09-09,1.639,1.619,6476578.0
2026-09-10,1.605,1.609,5424995.0
2026-09-11,1.59,1.593,13303117.0
