candidate,period,cagr,total_return,max_dd,volatility,sharpe,average_nonmoney_exposure,rebalances_per_year
control_v91,full,0.37690461319454815,56.27047103482353,-0.35488059571780384,0.2681384989217195,1.327950886251465,0.9627590673575129,21.17616580310881
control_v91,development,0.3754882278557594,11.779684437862112,-0.35488059571780384,0.2550592515795957,1.3781642613552851,0.941025641025641,19.770256410256412
control_v91,validation,0.4445997934136512,3.3093053862881394,-0.1973561184497058,0.25438888704287954,1.5743185659536696,1.0,20.648090815273477
control_v91,report_only_2026,0.058154831717783795,0.039928194018294505,-0.25555334287533293,0.43799081421188485,0.35170624077373164,1.0,40.42603550295858
control_v9,full,0.3679653141619066,51.738842297337456,-0.35488059571780384,0.2677826821743707,1.305005778273859,0.9627590673575129,21.571243523316063
control_v9,development,0.38023293128845914,12.136265887261327,-0.35488059571780384,0.25506356994654567,1.391664844162809,0.941025641025641,19.770256410256412
control_v9,validation,0.426365457415288,3.0973078627474075,-0.1973561184497059,0.2536452276555492,1.5280405068407072,1.0,21.403508771929825
control_v9,report_only_2026,-0.028960231793888624,-0.020148944708694327,-0.2851988675605631,0.43628582790208925,0.1543840115118493,0.9999999999999998,43.31360946745562
control_v91_half,full,0.20109945897307302,9.165543150221296,-0.19042756533977934,0.13794100946554708,1.3979394289197875,0.489966053478427,21.17616580310881
control_v91_half,development,0.2057788419368478,3.461440887785863,-0.19042756533977934,0.13109846590604246,1.4934312998546713,0.4791606054245541,19.770256410256412
control_v91_half,validation,0.22085183410565556,1.2088468616806591,-0.10042173530567633,0.12959571878747775,1.6052248093104968,0.5080489226177254,20.648090815273477
control_v91_half,report_only_2026,0.04586698031665737,0.031548941007900844,-0.14742535239837296,0.2302271008707105,0.3110832566473498,0.5109620505735264,40.42603550295858
h_no_crash,full,0.3194846654795762,32.40456641713388,-0.41092763628705575,0.25813346003109866,1.204188683025347,0.9627590673575129,18.884715025906736
h_no_crash,development,0.32774315877017424,8.636147682594418,-0.41092763628705575,0.2411493297346845,1.2969295381134316,0.941025641025641,17.51794871794872
h_no_crash,validation,0.35843771497684984,2.375531839608823,-0.21978767110272468,0.24753684840216678,1.3622836668899498,1.0,17.878224974200208
h_no_crash,report_only_2026,0.03917919103408529,0.026975736369289738,-0.2555533428753327,0.4416578696071408,0.3114514877340297,1.0,40.42603550295858
h_no_bear_gate,full,0.3659972403138747,50.78660239169045,-0.35488059571780384,0.26590562109481786,1.3069114370534927,0.9627590673575129,21.33419689119171
h_no_bear_gate,development,0.35433494066000226,10.290909911223155,-0.35488059571780384,0.2549041269323177,1.317977188746598,0.941025641025641,20.145641025641027
h_no_bear_gate,validation,0.4464995422542155,3.3318549563282236,-0.2060928545695806,0.24817884682116298,1.612714388021847,1.0,20.144478844169246
h_no_bear_gate,report_only_2026,0.08599281758096389,0.0588015536218518,-0.2555533428753328,0.43460407712579446,0.4108310449462996,1.0,41.8698224852071
h_ensemble,full,0.3621702324970526,48.980109763789095,-0.35488059571780417,0.2684764951900933,1.2864848564569695,0.9627590673575129,21.571243523316063
h_ensemble,development,0.36658339160624887,11.133255279489155,-0.35488059571780417,0.2550967234466942,1.3525126022084046,0.941025641025641,20.145641025641027
h_ensemble,validation,0.42288896240242924,3.0577920939406997,-0.17858759257175616,0.2552579075746124,1.510393799120669,1.0,20.899896800825594
h_ensemble,report_only_2026,0.021946222768146395,0.01514967243537102,-0.25555334287533304,0.4385858637405662,0.2723522957942283,1.0,41.8698224852071
h_core_pool,full,0.3537291554206399,45.19891102458522,-0.35488059571780384,0.254584015664121,1.3166252129225844,0.9627590673575129,17.699481865284973
h_core_pool,development,0.3565594398744114,10.43997455645744,-0.35488059571780384,0.2471823954281071,1.3580799509560795,0.941025641025641,18.26871794871795
h_core_pool,validation,0.3766612872692272,2.558980880908633,-0.2376301537297949,0.2595405416833707,1.3590236302506433,1.0,15.108359133126935
h_core_pool,report_only_2026,0.20015270909506655,0.13469992257037933,-0.21308576353221154,0.3049604770067728,0.750557641540767,1.0,25.988165680473372
r_m12_top2,full,0.14165876503502872,4.347668956907349,-0.506893901231886,0.21256720937365878,0.7307774384551997,0.9710295930593421,11.931347150259068
r_m12_top2,development,0.13907846364201926,1.8311675507779843,-0.506893901231886,0.23795295756994284,0.6676633665067372,0.954122760701153,11.762051282051281
r_m12_top2,validation,0.143505941472299,0.7032677653293373,-0.2154191765626675,0.12752031492454552,1.1160408446506056,1.0,12.086687306501547
r_m12_top2,report_only_2026,0.16104528269661889,0.10896034180859626,-0.19099779788216065,0.28116078916930276,0.6730439921941042,1.0,12.994082840236686
r_multi_top2,full,0.09992926651470269,2.338116767861682,-0.5456556604432233,0.20782016249159607,0.5634715164652732,0.9714951841966167,11.931347150259068
r_multi_top2,development,0.09637684709972882,1.0861777333760312,-0.5456556604432233,0.23221889299362064,0.5138339106176669,0.9643593009603915,11.762051282051281
r_multi_top2,validation,0.10669769746362157,0.4957289456009779,-0.13664012438156037,0.12707080783642927,0.8618860461554742,0.9808838925968926,12.086687306501547
r_multi_top2,report_only_2026,0.10229817837144628,0.0697870105107139,-0.19099779788216065,0.2726859818339767,0.49483378598039257,1.0,12.994082840236686
r_m12_broad,full,0.10043533372573976,2.3576061139474827,-0.23376672307033208,0.10692561000569027,0.9489635714176494,0.7204790310712967,11.931347150259068
r_m12_broad,development,0.11058115343039066,1.3122193465234537,-0.23376672307033208,0.11273081894723107,0.9872197774194893,0.7041803212781836,11.762051282051281
r_m12_broad,validation,0.08711628823788442,0.39335989551014516,-0.09847549201646433,0.07603528533755982,1.1369964057787878,0.7045279891183756,12.086687306501547
r_m12_broad,report_only_2026,0.061445742034311746,0.042167222957164574,-0.11413523010958948,0.17062336942723552,0.43513371841412746,1.0,12.994082840236686
