2019-01-18,0.499,0.502,3244582.0
2019-01-21,0.502,0.502,765523.0
2019-01-22,0.502,0.5,150599.0
2019-01-23,0.501,0.502,174368.0
2019-01-24,0.502,0.503,310158.0
2019-01-25,0.503,0.506,245661.0
2019-01-28,0.507,0.506,87140.0
2019-01-29,0.505,0.508,76703.0
2019-01-30,0.507,0.508,110679.0
2019-01-31,0.508,0.509,86907.0
2019-02-01,0.51,0.513,124237.0
2019-02-11,0.513,0.519,100244.0
2019-02-12,0.519,0.521,121299.0
2019-02-13,0.521,0.526,151193.0
2019-02-14,0.527,0.526,167734.0
2019-02-15,0.526,0.516,204129.0
2019-02-18,0.517,0.527,674672.0
2019-02-19,0.526,0.526,186497.0
2019-02-20,0.527,0.527,83425.0
2019-02-21,0.527,0.523,110962.0
2019-02-22,0.523,0.528,67564.0
2019-02-25,0.528,0.55,114679.0
2019-02-26,0.549,0.545,89123.0
2019-02-27,0.544,0.546,63472.0
2019-02-28,0.544,0.544,65663.0
2019-03-01,0.543,0.55,50057.0
2019-03-04,0.55,0.558,62721.0
2019-03-05,0.557,0.564,61024.0
2019-03-06,0.562,0.568,67813.0
2019-03-07,0.568,0.565,60382.0
2019-03-08,0.564,0.544,51811.0
2019-03-11,0.544,0.548,40726.0
2019-03-12,0.549,0.557,33888.0
2019-03-13,0.557,0.555,59674.0
2019-03-14,0.555,0.549,57945.0
2019-03-15,0.549,0.559,41023.0
2019-03-18,0.558,0.576,37232.0
2019-03-19,0.576,0.575,23070.0
2019-03-20,0.574,0.577,34155.0
2019-03-21,0.566,0.576,24552.0
2019-03-22,0.577,0.579,33004.0
2019-03-25,0.577,0.575,17323.0
2019-03-26,0.575,0.567,23206.0
2019-03-27,0.568,0.573,43716.0
2019-03-28,0.573,0.57,18979.0
2019-03-29,0.569,0.585,38740.0
2019-04-01,0.6,0.596,46019.0
2019-04-02,0.596,0.596,15014.0
2019-04-03,0.594,0.603,21610.0
2019-04-04,0.603,0.612,13385.0
2019-04-08,0.612,0.612,41192.0
2019-04-09,0.609,0.613,14156.0
2019-04-10,0.609,0.616,17102.0
2019-04-11,0.616,0.608,30535.0
2019-04-12,0.609,0.605,12795.0
2019-04-15,0.611,0.605,43660.0
2019-04-16,0.605,0.61,46169.0
2019-04-17,0.615,0.613,14899.0
2019-04-18,0.608,0.607,42730.0
2019-04-19,0.608,0.611,25611.0
2019-04-22,0.61,0.596,20365.0
2019-04-23,0.598,0.59,37540.0
2019-04-24,0.59,0.593,37690.0
2019-04-25,0.593,0.577,29853.0
2019-04-26,0.577,0.57,112001.0
2019-04-29,0.57,0.57,16969.0
2019-04-30,0.572,0.577,12890.0
2019-05-06,0.55,0.555,109458.0
2019-05-07,0.555,0.555,35449.0
2019-05-08,0.55,0.549,19354.0
2019-05-09,0.55,0.542,26740.0
2019-05-10,0.547,0.558,43290.0
2019-05-13,0.55,0.553,19251.0
2019-05-14,0.551,0.55,18489.0
2019-05-15,0.546,0.557,24249.0
2019-05-16,0.553,0.561,15058.0
2019-05-17,0.56,0.549,25169.0
2019-05-20,0.548,0.543,25802.0
2019-05-21,0.543,0.55,15248.0
2019-05-22,0.55,0.548,21872.0
2019-05-23,0.543,0.542,36460.0
2019-05-24,0.537,0.543,14028.0
2019-05-27,0.544,0.551,29764.0
2019-05-28,0.551,0.55,8485.0
2019-05-29,0.55,0.55,8884.0
2019-05-30,0.549,0.552,25819.0
2019-05-31,0.55,0.552,101914.0
2019-06-03,0.552,0.552,10876.0
2019-06-04,0.552,0.547,5934.0
2019-06-05,0.552,0.55,11107.0
2019-06-06,0.55,0.547,9314.0
2019-06-10,0.551,0.551,7758.0
2019-06-11,0.554,0.562,6015.0
2019-06-12,0.56,0.559,17930.0
2019-06-13,0.556,0.556,4406.0
2019-06-14,0.556,0.552,10004.0
2019-06-17,0.551,0.552,14966.0
2019-06-18,0.552,0.553,18934.0
2019-06-19,0.558,0.558,25743.0
2019-06-20,0.558,0.567,13941.0
2019-06-21,0.57,0.568,8766.0
2019-06-24,0.568,0.568,5507.0
2019-06-25,0.566,0.563,10291.0
2019-06-26,0.563,0.562,3771.0
2019-06-27,0.562,0.565,17190.0
2019-06-28,0.565,0.563,17325.0
2019-07-01,0.563,0.574,3750.0
2019-07-02,0.574,0.578,16074.0
2019-07-03,0.572,0.577,5375.0
2019-07-04,0.579,0.576,2497.0
2019-07-05,0.576,0.579,3857.0
2019-07-08,0.578,0.567,29253.0
2019-07-09,0.567,0.567,6959.0
2019-07-10,0.566,0.563,20246.0
2019-07-11,0.567,0.563,26761.0
2019-07-12,0.564,0.567,10846.0
2019-07-15,0.564,0.568,22611.0
2019-07-16,0.568,0.568,6282.0
2019-07-17,0.567,0.57,39391.0
2019-07-18,0.567,0.565,46877.0
2019-07-19,0.571,0.571,8842.0
2019-07-22,0.57,0.568,24748.0
2019-07-23,0.569,0.569,13013.0
2019-07-24,0.571,0.572,73074.0
2019-07-25,0.571,0.574,8906.0
2019-07-26,0.573,0.577,20794.0
2019-07-29,0.574,0.576,15560.0
2019-07-30,0.576,0.579,35701.0
2019-07-31,0.576,0.574,26192.0
2019-08-01,0.574,0.569,22264.0
2019-08-02,0.567,0.562,24139.0
2019-08-05,0.561,0.553,30705.0
2019-08-06,0.552,0.545,35796.0
2019-08-07,0.551,0.544,17811.0
2019-08-08,0.547,0.55,2909.0
2019-08-09,0.551,0.546,11988.0
2019-08-12,0.545,0.551,14921.0
2019-08-13,0.549,0.549,15109.0
2019-08-14,0.552,0.55,16528.0
2019-08-15,0.547,0.551,24643.0
2019-08-16,0.549,0.551,27356.0
2019-08-19,0.551,0.559,19280.0
2019-08-20,0.559,0.56,20297.0
2019-08-21,0.559,0.559,5567.0
2019-08-22,0.558,0.559,5317.0
2019-08-23,0.559,0.561,14160.0
2019-08-26,0.558,0.556,168330.0
2019-08-27,0.559,0.564,28601.0
2019-08-28,0.564,0.563,123964.0
2019-08-29,0.568,0.558,227786.0
2019-08-30,0.56,0.557,58445.0
2019-09-02,0.557,0.561,32331.0
2019-09-03,0.561,0.56,28705.0
2019-09-04,0.56,0.564,24844.0
2019-09-05,0.565,0.57,77235.0
2019-09-06,0.57,0.571,67586.0
2019-09-09,0.576,0.574,53685.0
2019-09-10,0.574,0.572,26340.0
2019-09-11,0.571,0.572,27977.0
2019-09-12,0.573,0.576,96909.0
2019-09-16,0.576,0.577,19618.0
2019-09-17,0.575,0.57,44383.0
2019-09-18,0.57,0.571,12301.0
2019-09-19,0.571,0.572,7259.0
2019-09-20,0.572,0.573,17144.0
2019-09-23,0.57,0.567,45264.0
2019-09-24,0.567,0.57,25767.0
2019-09-25,0.568,0.564,70067.0
2019-09-26,0.564,0.564,32676.0
2019-09-27,0.56,0.563,38126.0
2019-09-30,0.568,0.56,105002.0
2019-10-08,0.56,0.564,42259.0
2019-10-09,0.562,0.568,25385.0
2019-10-10,0.569,0.572,7516.0
2019-10-11,0.572,0.575,17235.0
2019-10-14,0.577,0.583,27592.0
2019-10-15,0.583,0.579,7136.0
2019-10-16,0.58,0.579,11687.0
2019-10-17,0.579,0.577,27055.0
2019-10-18,0.579,0.57,38173.0
2019-10-21,0.569,0.572,16641.0
2019-10-22,0.571,0.574,3107.0
2019-10-23,0.574,0.571,13693.0
2019-10-24,0.571,0.572,7143.0
2019-10-25,0.572,0.574,4383.0
2019-10-28,0.576,0.576,10719.0
2019-10-29,0.575,0.573,7113.0
2019-10-30,0.572,0.571,13798.0
2019-10-31,0.571,0.566,11893.0
2019-11-01,0.565,0.572,10110.0
2019-11-04,0.576,0.575,1817.0
2019-11-05,0.575,0.58,9536.0
2019-11-06,0.579,0.576,5283.0
2019-11-07,0.577,0.579,89096.0
2019-11-08,0.579,0.575,24745.0
2019-11-11,0.573,0.566,32715.0
2019-11-12,0.567,0.566,30202.0
2019-11-13,0.564,0.564,15017.0
2019-11-14,0.564,0.563,13234.0
2019-11-15,0.561,0.562,5297.0
2019-11-18,0.559,0.568,72368.0
2019-11-19,0.569,0.575,14588.0
2019-11-20,0.573,0.572,14474.0
2019-11-21,0.569,0.57,1323.0
2019-11-22,0.571,0.57,10850.0
2019-11-25,0.573,0.578,6251.0
2019-11-26,0.578,0.578,4938.0
2019-11-27,0.576,0.576,4160.0
2019-11-28,0.576,0.574,3109.0
2019-11-29,0.573,0.573,10249.0
2019-12-02,0.574,0.574,14683.0
2019-12-03,0.573,0.575,4874.0
2019-12-04,0.575,0.574,869.0
2019-12-05,0.576,0.576,468.0
2019-12-06,0.576,0.577,1334.0
2019-12-09,0.579,0.581,3535.0
2019-12-10,0.579,0.58,7922.0
2019-12-11,0.581,0.58,94036.0
2019-12-12,0.581,0.582,11619.0
2019-12-13,0.582,0.586,49355.0
2019-12-16,0.585,0.589,13877.0
2019-12-17,0.585,0.594,106056.0
2019-12-18,0.589,0.593,175713.0
2019-12-19,0.594,0.594,130299.0
2019-12-20,0.595,0.594,82159.0
2019-12-23,0.593,0.588,80727.0
2019-12-24,0.588,0.589,21697.0
2019-12-25,0.588,0.588,26357.0
2019-12-26,0.589,0.592,4030.0
2019-12-27,0.594,0.594,18372.0
2019-12-30,0.596,0.603,72124.0
2019-12-31,0.603,0.606,157902.0
2020-01-02,0.603,0.614,76885.0
2020-01-03,0.614,0.612,70568.0
2020-01-06,0.614,0.611,121321.0
2020-01-07,0.612,0.613,56562.0
2020-01-08,0.612,0.605,40401.0
2020-01-09,0.614,0.611,59845.0
2020-01-10,0.613,0.609,27058.0
2020-01-13,0.607,0.611,22002.0
2020-01-14,0.612,0.612,36876.0
2020-01-15,0.612,0.608,23523.0
2020-01-16,0.608,0.604,17115.0
2020-01-17,0.605,0.603,24071.0
2020-01-20,0.603,0.603,16570.0
2020-01-21,0.604,0.593,9754.0
2020-01-22,0.592,0.594,33587.0
2020-01-23,0.588,0.578,13167.0
2020-02-03,0.565,0.524,22880.0
2020-02-04,0.529,0.543,67132.0
2020-02-05,0.542,0.547,7023.0
2020-02-06,0.547,0.553,9592.0
2020-02-07,0.56,0.55,15774.0
2020-02-10,0.55,0.558,4752.0
2020-02-11,0.557,0.561,10005.0
2020-02-12,0.561,0.564,3881.0
2020-02-13,0.564,0.562,12043.0
2020-02-14,0.563,0.565,4077.0
2020-02-17,0.565,0.576,9207.0
2020-02-18,0.573,0.573,18734.0
2020-02-19,0.573,0.572,12713.0
2020-02-20,0.573,0.579,180420.0
2020-02-21,0.574,0.579,25554.0
2020-02-24,0.579,0.572,41004.0
2020-02-25,0.56,0.567,23463.0
2020-02-26,0.561,0.57,23723.0
2020-02-27,0.573,0.574,21949.0
2020-02-28,0.57,0.56,36003.0
2020-03-02,0.565,0.58,14932.0
2020-03-03,0.585,0.58,13078.0
2020-03-04,0.585,0.588,19250.0
2020-03-05,0.588,0.595,5210.0
2020-03-06,0.59,0.586,13204.0
2020-03-09,0.58,0.571,13636.0
2020-03-10,0.571,0.578,21441.0
2020-03-11,0.575,0.573,17998.0
2020-03-12,0.572,0.565,29857.0
2020-03-13,0.559,0.555,16230.0
2020-03-16,0.555,0.541,31696.0
2020-03-17,0.547,0.541,24689.0
2020-03-18,0.542,0.532,18183.0
2020-03-19,0.53,0.522,57969.0
2020-03-20,0.527,0.533,17940.0
2020-03-23,0.527,0.517,49148.0
2020-03-24,0.52,0.53,22263.0
2020-03-25,0.533,0.542,31859.0
2020-03-26,0.536,0.538,17710.0
2020-03-27,0.541,0.542,7080.0
2020-03-30,0.535,0.538,20093.0
2020-03-31,0.542,0.536,24972.0
2020-04-01,0.537,0.533,24703.0
2020-04-02,0.532,0.539,9946.0
2020-04-03,0.538,0.537,10364.0
2020-04-07,0.544,0.545,1908.0
2020-04-08,0.545,0.544,11757.0
2020-04-09,0.545,0.545,10536.0
2020-04-10,0.545,0.543,7638.0
2020-04-13,0.541,0.543,9203.0
2020-04-14,0.545,0.547,635.0
2020-04-15,0.546,0.544,11417.0
2020-04-16,0.542,0.543,13126.0
2020-04-17,0.545,0.546,28643.0
2020-04-20,0.546,0.548,26344.0
2020-04-21,0.546,0.543,49627.0
2020-04-22,0.541,0.543,6825.0
2020-04-23,0.545,0.543,4408.0
2020-04-24,0.542,0.539,5652.0
2020-04-27,0.543,0.544,9375.0
2020-04-28,0.547,0.544,1902.0
2020-04-29,0.548,0.554,28884.0
2020-04-30,0.554,0.559,2754.0
2020-05-06,0.559,0.558,40886.0
2020-05-07,0.556,0.558,18762.0
2020-05-08,0.559,0.561,11763.0
2020-05-11,0.563,0.565,66356.0
2020-05-12,0.559,0.561,13929.0
2020-05-13,0.559,0.562,14271.0
2020-05-14,0.56,0.556,24313.0
2020-05-15,0.558,0.554,3219.0
2020-05-18,0.554,0.557,17408.0
2020-05-19,0.551,0.558,2597.0
2020-05-20,0.558,0.556,14249.0
2020-05-21,0.557,0.556,26346.0
2020-05-22,0.552,0.546,19258.0
2020-05-25,0.544,0.548,36008.0
2020-05-26,0.549,0.55,48617.0
2020-05-27,0.551,0.551,6296.0
2020-05-28,0.555,0.553,15250.0
2020-05-29,0.548,0.552,40254.0
2020-06-01,0.556,0.561,34155.0
2020-06-02,0.565,0.563,16283.0
2020-06-03,0.565,0.563,21320.0
2020-06-04,0.563,0.565,74873.0
2020-06-05,0.565,0.563,27252.0
2020-06-08,0.563,0.566,25038.0
2020-06-09,0.567,0.569,30203.0
2020-06-10,0.569,0.569,21600.0
2020-06-11,0.568,0.563,27779.0
2020-06-12,0.558,0.564,31731.0
2020-06-15,0.564,0.559,38328.0
2020-06-16,0.561,0.565,20340.0
2020-06-17,0.565,0.568,20223.0
2020-06-18,0.566,0.57,28553.0
2020-06-19,0.571,0.572,75724.0
2020-06-22,0.572,0.568,42782.0
2020-06-23,0.568,0.566,29144.0
2020-06-24,0.566,0.569,67014.0
2020-06-29,0.569,0.566,17322.0
2020-06-30,0.569,0.571,57500.0
2020-07-01,0.573,0.587,67359.0
2020-07-02,0.587,0.603,66628.0
2020-07-03,0.604,0.612,68792.0
2020-07-06,0.613,0.652,90350.0
2020-07-07,0.653,0.651,79218.0
2020-07-08,0.661,0.652,25717.0
2020-07-09,0.652,0.658,48018.0
2020-07-10,0.659,0.643,70846.0
2020-07-13,0.643,0.66,46888.0
2020-07-14,0.66,0.656,70687.0
2020-07-15,0.66,0.649,98192.0
2020-07-16,0.651,0.641,55673.0
2020-07-17,0.641,0.638,29387.0
2020-07-20,0.638,0.664,14873.0
2020-07-21,0.664,0.663,31687.0
2020-07-22,0.663,0.663,23074.0
2020-07-23,0.663,0.657,16733.0
2020-07-24,0.655,0.637,10573.0
2020-07-27,0.64,0.633,40279.0
2020-07-28,0.636,0.637,5059.0
2020-07-29,0.634,0.645,4207.0
2020-07-30,0.646,0.651,11535.0
2020-07-31,0.651,0.656,63964.0
2020-08-03,0.656,0.673,32638.0
2020-08-04,0.673,0.675,6778.0
2020-08-05,0.67,0.671,3805.0
2020-08-06,0.67,0.669,1014.0
2020-08-07,0.669,0.671,899.0
2020-08-10,0.671,0.677,1808.0
2020-08-11,0.68,0.674,18960.0
2020-08-12,0.675,0.67,2150.0
2020-08-13,0.672,0.676,2564.0
2020-08-14,0.674,0.68,9999.0
2020-08-17,0.684,0.699,11204.0
2020-08-18,0.699,0.699,7186.0
2020-08-19,0.7,0.696,35213.0
2020-08-20,0.693,0.688,12616.0
2020-08-21,0.688,0.687,14886.0
2020-08-24,0.689,0.691,12681.0
2020-08-25,0.694,0.688,14206.0
2020-08-26,0.688,0.679,22323.0
2020-08-27,0.679,0.678,4939.0
2020-08-28,0.677,0.688,35206.0
2020-08-31,0.691,0.684,7759.0
2020-09-01,0.678,0.68,73712.0
2020-09-02,0.681,0.677,8894.0
2020-09-03,0.675,0.674,108315.0
2020-09-04,0.674,0.67,13192.0
2020-09-07,0.67,0.662,14333.0
2020-09-08,0.663,0.666,7517.0
2020-09-09,0.666,0.655,963.0
2020-09-10,0.659,0.653,5825.0
2020-09-11,0.651,0.653,266.0
2020-09-14,0.655,0.653,3432.0
2020-09-15,0.653,0.655,1038.0
2020-09-16,0.655,0.657,861.0
2020-09-17,0.658,0.659,26104.0
2020-09-18,0.663,0.674,5519.0
2020-09-21,0.674,0.669,1097.0
2020-09-22,0.664,0.659,1136.0
2020-09-23,0.659,0.658,12108.0
2020-09-24,0.656,0.649,27925.0
2020-09-25,0.649,0.645,13563.0
2020-09-28,0.649,0.648,52771.0
2020-09-29,0.646,0.648,30296.0
2020-09-30,0.648,0.644,3729.0
2020-10-09,0.652,0.654,3208.0
2020-10-12,0.655,0.665,3751.0
2020-10-13,0.656,0.666,20026.0
2020-10-14,0.667,0.664,5259.0
2020-10-15,0.664,0.663,15442.0
2020-10-16,0.664,0.667,31098.0
2020-10-19,0.671,0.664,18602.0
2020-10-20,0.662,0.664,5335.0
2020-10-21,0.664,0.666,27525.0
2020-10-22,0.662,0.663,5163.0
2020-10-23,0.663,0.66,1657.0
2020-10-26,0.658,0.658,1020.0
2020-10-27,0.656,0.655,325.0
2020-10-28,0.65,0.654,490.0
2020-10-29,0.654,0.66,733.0
2020-10-30,0.66,0.65,2252.0
2020-11-02,0.651,0.657,1083.0
2020-11-03,0.659,0.663,271.0
2020-11-04,0.663,0.668,2507.0
2020-11-05,0.671,0.676,10524.0
2020-11-06,0.676,0.679,1726.0
2020-11-09,0.683,0.689,7897.0
2020-11-10,0.691,0.689,4653.0
2020-11-11,0.689,0.693,4484.0
2020-11-12,0.69,0.695,2208.0
2020-11-13,0.695,0.683,297.0
2020-11-16,0.692,0.706,6304.0
2020-11-17,0.707,0.706,12490.0
2020-11-18,0.707,0.71,15032.0
2020-11-19,0.71,0.705,2916.0
2020-11-20,0.703,0.708,7710.0
2020-11-23,0.71,0.72,7169.0
2020-11-24,0.72,0.715,12297.0
2020-11-25,0.715,0.705,20562.0
2020-11-26,0.706,0.707,2479.0
2020-11-27,0.709,0.711,1197.0
2020-11-30,0.716,0.717,720.0
2020-12-01,0.716,0.713,1676.0
2020-12-02,0.712,0.714,697.0
2020-12-03,0.714,0.705,174.0
2020-12-04,0.705,0.704,887.0
2020-12-07,0.705,0.695,1161.0
2020-12-08,0.695,0.693,662.0
2020-12-09,0.694,0.686,776.0
2020-12-10,0.686,0.683,80.0
2020-12-11,0.684,0.684,26280.0
2020-12-14,0.68,0.678,884.0
2020-12-15,0.678,0.676,928.0
2020-12-16,0.676,0.674,701.0
2020-12-17,0.674,0.676,714.0
2020-12-18,0.676,0.682,2127.0
2020-12-21,0.682,0.68,3490.0
2020-12-22,0.674,0.666,868.0
2020-12-23,0.666,0.665,1779.0
2020-12-24,0.665,0.66,911.0
2020-12-25,0.66,0.666,9576.0
2020-12-28,0.666,0.662,1753.0
2020-12-29,0.662,0.66,716.0
2020-12-30,0.657,0.662,126.0
2020-12-31,0.662,0.664,8114.0
2021-01-04,0.666,0.66,4878.0
2021-01-05,0.659,0.66,3639.0
2021-01-06,0.659,0.666,18084.0
2021-01-07,0.667,0.667,17780.0
2021-01-08,0.667,0.668,9128.0
2021-01-11,0.668,0.662,11663.0
2021-01-12,0.663,0.663,13957.0
2021-01-13,0.663,0.662,3761.0
2021-01-14,0.662,0.661,4664.0
2021-01-15,0.66,0.666,19021.0
2021-01-18,0.668,0.669,12119.0
2021-01-19,0.669,0.676,16124.0
2021-01-20,0.676,0.669,29503.0
2021-01-21,0.668,0.669,18574.0
2021-01-22,0.669,0.658,5600.0
2021-01-25,0.659,0.652,5613.0
2021-01-26,0.652,0.65,4545.0
2021-01-27,0.65,0.651,8897.0
2021-01-28,0.651,0.643,1714.0
2021-01-29,0.643,0.642,6663.0
2021-02-01,0.644,0.649,3893.0
2021-02-02,0.65,0.647,7048.0
2021-02-03,0.645,0.646,127324.0
2021-02-04,0.642,0.642,6861.0
2021-02-05,0.646,0.652,27662.0
2021-02-08,0.651,0.652,2480.0
2021-02-09,0.652,0.654,7451.0
2021-02-10,0.659,0.658,5342.0
2021-02-18,0.658,0.672,15629.0
2021-02-19,0.671,0.683,37827.0
2021-02-22,0.683,0.691,14638.0
2021-02-23,0.691,0.683,11440.0
2021-02-24,0.683,0.682,4412.0
2021-02-25,0.683,0.698,20377.0
2021-02-26,0.699,0.685,17374.0
2021-03-01,0.685,0.693,10996.0
2021-03-02,0.694,0.69,10257.0
2021-03-03,0.691,0.705,39833.0
2021-03-04,0.705,0.706,41909.0
2021-03-05,0.704,0.695,5275.0
2021-03-08,0.696,0.691,10133.0
2021-03-09,0.691,0.686,5890.0
2021-03-10,0.685,0.68,2597.0
2021-03-11,0.687,0.695,5514.0
2021-03-12,0.695,0.71,10496.0
2021-03-15,0.71,0.714,8116.0
2021-03-16,0.715,0.717,2266.0
2021-03-17,0.717,0.713,5258.0
2021-03-18,0.713,0.714,5714.0
2021-03-19,0.714,0.706,3088.0
2021-03-22,0.706,0.714,15905.0
2021-03-23,0.713,0.704,791.0
2021-03-24,0.703,0.697,2312.0
2021-03-25,0.697,0.696,399.0
2021-03-26,0.695,0.701,364.0
2021-03-29,0.704,0.713,1396.0
2021-03-30,0.704,0.711,2009.0
2021-03-31,0.71,0.71,725.0
2021-04-01,0.71,0.714,516.0
2021-04-02,0.715,0.708,591.0
2021-04-06,0.709,0.708,609.0
2021-04-07,0.708,0.714,1346.0
2021-04-08,0.715,0.713,611.0
2021-04-09,0.711,0.713,2239.0
2021-04-12,0.713,0.713,626.0
2021-04-13,0.713,0.709,765.0
2021-04-14,0.708,0.712,534.0
2021-04-15,0.713,0.713,577.0
2021-04-16,0.713,0.724,6588.0
2021-04-19,0.724,0.722,25358.0
2021-04-20,0.721,0.719,18733.0
2021-04-21,0.717,0.722,21855.0
2021-04-22,0.722,0.722,16037.0
2021-04-23,0.72,0.716,8735.0
2021-04-26,0.719,0.714,19906.0
2021-04-27,0.714,0.711,13331.0
2021-04-28,0.72,0.717,36410.0
2021-04-29,0.717,0.725,1525.0
2021-04-30,0.724,0.719,1630.0
2021-05-06,0.719,0.727,3535.0
2021-05-07,0.729,0.732,8556.0
2021-05-10,0.734,0.739,4093.0
2021-05-11,0.739,0.734,5108.0
2021-05-12,0.734,0.741,6656.0
2021-05-13,0.742,0.739,11282.0
2021-05-14,0.741,0.738,3965.0
2021-05-17,0.738,0.742,6307.0
2021-05-18,0.742,0.744,2379.0
2021-05-19,0.744,0.743,1417.0
2021-05-20,0.734,0.733,2385.0
2021-05-21,0.733,0.736,337.0
2021-05-24,0.736,0.741,5850.0
2021-05-25,0.741,0.752,6097.0
2021-05-26,0.756,0.756,16637.0
2021-05-27,0.756,0.761,11263.0
2021-05-28,0.763,0.764,15809.0
2021-05-31,0.763,0.769,44606.0
2021-06-01,0.769,0.769,9292.0
2021-06-02,0.767,0.77,4579.0
2021-06-03,0.77,0.768,3199.0
2021-06-04,0.762,0.767,7399.0
2021-06-07,0.767,0.759,2743.0
2021-06-08,0.76,0.761,25077.0
2021-06-09,0.761,0.762,1340.0
2021-06-10,0.761,0.762,707.0
2021-06-11,0.762,0.76,7736.0
2021-06-15,0.763,0.752,2178.0
2021-06-16,0.752,0.751,1528.0
2021-06-17,0.751,0.751,2605.0
2021-06-18,0.751,0.747,2223.0
2021-06-21,0.734,0.746,5396.0
2021-06-22,0.746,0.75,3578.0
2021-06-23,0.75,0.759,24587.0
2021-06-24,0.758,0.759,29533.0
2021-06-25,0.757,0.759,62747.0
2021-06-28,0.759,0.748,19692.0
2021-06-29,0.748,0.746,11847.0
2021-06-30,0.746,0.75,14576.0
2021-07-01,0.75,0.757,3512.0
2021-07-02,0.757,0.748,7448.0
2021-07-05,0.748,0.745,3857.0
2021-07-06,0.745,0.747,16744.0
2021-07-07,0.747,0.745,15582.0
2021-07-08,0.745,0.734,5557.0
2021-07-09,0.734,0.739,1660.0
2021-07-12,0.741,0.736,23409.0
2021-07-13,0.736,0.74,32413.0
2021-07-14,0.739,0.746,26577.0
2021-07-15,0.741,0.745,13227.0
2021-07-16,0.745,0.749,12898.0
2021-07-19,0.765,0.751,16526.0
2021-07-20,0.751,0.749,19630.0
2021-07-21,0.752,0.747,45662.0
2021-07-22,0.745,0.751,34730.0
2021-07-23,0.752,0.748,14076.0
2021-07-26,0.748,0.731,12448.0
2021-07-27,0.731,0.711,9864.0
2021-07-28,0.713,0.71,17828.0
2021-07-29,0.71,0.711,18650.0
2021-07-30,0.711,0.711,22973.0
2021-08-02,0.712,0.709,14226.0
2021-08-03,0.708,0.703,6839.0
2021-08-04,0.704,0.709,8892.0
2021-08-05,0.713,0.709,10773.0
2021-08-06,0.709,0.713,16513.0
2021-08-09,0.713,0.724,18994.0
2021-08-10,0.724,0.724,20685.0
2021-08-11,0.724,0.743,9823.0
2021-08-12,0.743,0.752,24511.0
2021-08-13,0.751,0.751,6811.0
2021-08-16,0.756,0.757,26262.0
2021-08-17,0.757,0.746,25612.0
2021-08-18,0.745,0.749,13247.0
2021-08-19,0.747,0.741,12549.0
2021-08-20,0.739,0.742,14864.0
2021-08-23,0.748,0.749,3385.0
2021-08-24,0.751,0.751,25407.0
2021-08-25,0.752,0.756,25100.0
2021-08-26,0.756,0.766,44985.0
2021-08-27,0.766,0.77,9543.0
2021-08-30,0.773,0.774,15111.0
2021-08-31,0.774,0.8,13026.0
2021-09-01,0.797,0.794,20090.0
2021-09-02,0.794,0.809,18044.0
2021-09-03,0.809,0.807,25100.0
2021-09-06,0.808,0.813,20170.0
2021-09-07,0.819,0.83,12469.0
2021-09-08,0.822,0.846,22084.0
2021-09-09,0.846,0.872,23290.0
2021-09-10,0.872,0.865,31036.0
2021-09-13,0.867,0.887,17142.0
2021-09-14,0.886,0.869,18786.0
2021-09-15,0.869,0.865,19187.0
2021-09-16,0.865,0.86,9858.0
2021-09-17,0.859,0.843,17474.0
2021-09-22,0.844,0.868,13244.0
2021-09-23,0.87,0.868,10910.0
2021-09-24,0.868,0.836,6299.0
2021-09-27,0.838,0.819,12544.0
2021-09-28,0.824,0.84,24084.0
2021-09-29,0.84,0.818,13503.0
2021-09-30,0.818,0.829,2168.0
2021-10-08,0.837,0.821,3226.0
2021-10-11,0.822,0.829,6410.0
2021-10-12,0.829,0.824,13495.0
2021-10-13,0.824,0.809,11491.0
2021-10-14,0.809,0.803,14343.0
2021-10-15,0.802,0.807,23229.0
2021-10-18,0.807,0.823,18309.0
2021-10-19,0.823,0.823,13672.0
2021-10-20,0.823,0.807,82984.0
2021-10-21,0.806,0.82,32801.0
2021-10-25,0.87,0.801,49350.0
2021-10-26,0.801,0.796,72199.0
2021-10-27,0.795,0.782,20190.0
2021-10-28,0.78,0.759,31980.0
2021-10-29,0.76,0.755,94326.0
2021-11-01,0.756,0.762,208767.0
2021-11-02,0.762,0.744,70170.0
2021-11-03,0.744,0.76,28257.0
2021-11-04,0.76,0.757,26425.0
2021-11-05,0.761,0.742,14483.0
2021-11-08,0.743,0.743,11306.0
2021-11-09,0.742,0.742,2943.0
2021-11-10,0.737,0.74,10027.0
2021-11-11,0.745,0.755,39812.0
2021-11-12,0.755,0.751,72285.0
2021-11-15,0.756,0.749,2957.0
2021-11-16,0.748,0.744,12868.0
2021-11-17,0.744,0.743,7945.0
2021-11-18,0.748,0.741,9677.0
2021-11-19,0.739,0.752,16480.0
2021-11-22,0.752,0.752,6637.0
2021-11-23,0.752,0.759,11711.0
2021-11-24,0.759,0.769,26835.0
2021-11-25,0.769,0.767,31836.0
2021-11-26,0.767,0.756,4360.0
2021-11-29,0.752,0.749,16455.0
2021-11-30,0.751,0.748,31765.0
2021-12-01,0.749,0.758,44838.0
2021-12-02,0.76,0.763,33842.0
2021-12-03,0.763,0.776,39857.0
2021-12-06,0.775,0.773,17685.0
2021-12-07,0.773,0.784,17327.0
2021-12-08,0.784,0.785,5381.0
2021-12-09,0.783,0.787,17864.0
2021-12-10,0.785,0.784,78636.0
2021-12-13,0.784,0.779,43403.0
2021-12-14,0.776,0.769,5591.0
2021-12-15,0.769,0.776,44615.0
2021-12-16,0.776,0.787,35781.0
2021-12-17,0.788,0.788,34027.0
2021-12-20,0.788,0.784,41300.0
2021-12-21,0.786,0.798,45066.0
2021-12-22,0.795,0.795,20924.0
2021-12-23,0.795,0.799,33473.0
2021-12-24,0.795,0.793,18740.0
2021-12-27,0.796,0.797,1547.0
2021-12-28,0.796,0.791,28263.0
2021-12-29,0.786,0.788,57290.0
2021-12-30,0.785,0.789,40024.0
2021-12-31,0.792,0.795,70693.0
2022-01-04,0.795,0.809,56662.0
2022-01-05,0.809,0.812,57766.0
2022-01-06,0.812,0.818,47527.0
2022-01-07,0.82,0.825,49588.0
2022-01-10,0.825,0.829,69076.0
2022-01-11,0.832,0.832,50064.0
2022-01-12,0.831,0.827,27315.0
2022-01-13,0.826,0.835,83799.0
2022-01-14,0.838,0.81,118698.0
2022-01-17,0.81,0.813,45345.0
2022-01-18,0.813,0.82,63537.0
2022-01-19,0.822,0.835,97117.0
2022-01-20,0.835,0.829,65803.0
2022-01-21,0.829,0.821,64965.0
2022-01-24,0.825,0.822,59143.0
2022-01-25,0.817,0.8,36616.0
2022-01-26,0.8,0.806,55176.0
2022-01-27,0.804,0.797,69186.0
2022-01-28,0.797,0.791,58655.0
2022-02-07,0.791,0.811,40293.0
2022-02-08,0.811,0.83,86440.0
2022-02-09,0.83,0.834,58277.0
2022-02-10,0.835,0.845,85349.0
2022-02-11,0.847,0.848,119080.0
2022-02-14,0.848,0.831,58147.0
2022-02-15,0.831,0.824,73943.0
2022-02-16,0.827,0.834,45019.0
2022-02-17,0.834,0.83,56061.0
2022-02-18,0.83,0.85,109507.0
2022-02-21,0.848,0.85,87153.0
2022-02-22,0.852,0.843,145404.0
2022-02-23,0.843,0.838,134017.0
2022-02-24,0.834,0.82,108227.0
2022-02-25,0.82,0.817,96021.0
2022-02-28,0.809,0.818,133682.0
2022-03-01,0.818,0.827,139454.0
2022-03-02,0.83,0.834,154975.0
2022-03-03,0.835,0.843,130598.0
2022-03-04,0.844,0.836,149590.0
2022-03-07,0.836,0.832,102429.0
2022-03-08,0.832,0.806,126394.0
2022-03-09,0.805,0.796,164682.0
2022-03-10,0.812,0.804,125532.0
2022-03-11,0.78,0.806,136307.0
2022-03-14,0.8,0.792,131456.0
2022-03-15,0.793,0.747,117078.0
2022-03-16,0.749,0.763,148744.0
2022-03-17,0.77,0.773,154002.0
2022-03-18,0.77,0.796,221593.0
2022-03-21,0.804,0.792,106287.0
2022-03-22,0.788,0.804,135627.0
2022-03-23,0.804,0.805,166060.0
2022-03-24,0.805,0.803,116308.0
2022-03-25,0.803,0.803,122997.0
2022-03-28,0.803,0.823,199041.0
2022-03-29,0.821,0.819,174712.0
2022-03-30,0.819,0.827,139096.0
2022-03-31,0.83,0.842,237093.0
2022-04-01,0.839,0.855,189964.0
2022-04-06,0.855,0.869,211071.0
2022-04-07,0.868,0.852,327672.0
2022-04-08,0.852,0.866,203779.0
2022-04-11,0.864,0.859,238755.0
2022-04-12,0.853,0.851,314505.0
2022-04-13,0.846,0.849,228376.0
2022-04-14,0.844,0.862,208689.0
2022-04-15,0.864,0.858,201207.0
2022-04-18,0.858,0.844,231688.0
2022-04-19,0.844,0.853,182973.0
2022-04-20,0.85,0.835,241139.0
2022-04-21,0.84,0.819,286175.0
2022-04-22,0.82,0.832,217030.0
2022-04-25,0.827,0.799,279553.0
2022-04-26,0.796,0.799,232869.0
2022-04-27,0.797,0.803,244171.0
2022-04-28,0.798,0.82,245408.0
2022-04-29,0.82,0.833,226394.0
2022-05-05,0.833,0.833,208370.0
2022-05-06,0.823,0.811,208302.0
2022-05-09,0.8,0.815,208237.0
2022-05-10,0.809,0.823,243735.0
2022-05-11,0.817,0.824,220075.0
2022-05-12,0.815,0.822,341099.0
2022-05-13,0.822,0.837,622197.0
2022-05-16,0.843,0.844,234792.0
2022-05-17,0.844,0.836,244268.0
2022-05-18,0.836,0.832,204201.0
2022-05-19,0.82,0.837,255944.0
2022-05-20,0.837,0.84,257236.0
2022-05-23,0.84,0.834,224291.0
2022-05-24,0.834,0.819,231006.0
2022-05-25,0.818,0.832,214399.0
2022-05-26,0.835,0.841,212482.0
2022-05-27,0.841,0.845,233431.0
2022-05-30,0.846,0.846,262579.0
2022-05-31,0.846,0.844,228625.0
2022-06-01,0.84,0.845,194879.0
2022-06-02,0.846,0.839,212971.0
2022-06-06,0.838,0.838,231472.0
2022-06-07,0.839,0.839,195137.0
2022-06-08,0.835,0.844,268066.0
2022-06-09,0.844,0.847,252358.0
2022-06-10,0.844,0.849,212802.0
2022-06-13,0.848,0.835,262953.0
2022-06-14,0.831,0.846,257117.0
2022-06-15,0.846,0.852,336723.0
2022-06-16,0.851,0.839,314592.0
2022-06-17,0.838,0.836,274465.0
2022-06-20,0.836,0.833,213117.0
2022-06-21,0.833,0.836,365930.0
2022-06-22,0.836,0.825,214429.0
2022-06-23,0.828,0.828,242069.0
2022-06-24,0.828,0.825,254773.0
2022-06-27,0.825,0.835,233148.0
2022-06-28,0.834,0.839,208639.0
2022-06-29,0.84,0.845,285536.0
2022-06-30,0.845,0.848,261410.0
2022-07-01,0.85,0.848,263594.0
2022-07-04,0.849,0.847,246902.0
2022-07-05,0.842,0.85,290145.0
2022-07-06,0.849,0.832,264430.0
2022-07-07,0.831,0.834,182630.0
2022-07-08,0.836,0.834,216047.0
2022-07-11,0.834,0.829,208441.0
2022-07-12,0.832,0.836,259710.0
2022-07-13,0.836,0.836,185257.0
2022-07-14,0.836,0.822,291493.0
2022-07-15,0.824,0.81,246205.0
2022-07-18,0.807,0.826,244192.0
2022-07-19,0.826,0.827,204747.0
2022-07-20,0.827,0.831,201488.0
2022-07-21,0.828,0.818,228768.0
2022-07-22,0.818,0.815,190207.0
2022-07-25,0.814,0.816,179080.0
2022-07-26,0.816,0.825,212011.0
2022-07-27,0.825,0.822,177782.0
2022-07-28,0.823,0.824,229410.0
2022-07-29,0.825,0.817,215710.0
2022-08-01,0.817,0.817,183272.0
2022-08-02,0.81,0.801,295412.0
2022-08-03,0.801,0.79,237341.0
2022-08-04,0.791,0.795,223538.0
2022-08-05,0.796,0.799,229265.0
2022-08-08,0.799,0.807,207689.0
2022-08-09,0.807,0.811,199494.0
2022-08-10,0.811,0.808,193494.0
2022-08-11,0.807,0.816,253481.0
2022-08-12,0.815,0.823,199203.0
2022-08-15,0.821,0.823,256750.0
2022-08-16,0.819,0.825,387036.0
2022-08-17,0.824,0.827,246174.0
2022-08-18,0.826,0.821,213898.0
2022-08-19,0.821,0.829,236800.0
2022-08-22,0.832,0.833,192400.0
2022-08-23,0.835,0.835,242678.0
2022-08-24,0.839,0.828,216013.0
2022-08-25,0.828,0.844,328760.0
2022-08-26,0.846,0.844,299325.0
2022-08-29,0.844,0.85,260938.0
2022-08-30,0.851,0.852,231340.0
2022-08-31,0.854,0.847,293811.0
2022-09-01,0.848,0.854,308949.0
2022-09-02,0.854,0.854,282524.0
2022-09-05,0.854,0.869,272539.0
2022-09-06,0.874,0.88,271866.0
2022-09-07,0.88,0.882,281396.0
2022-09-08,0.881,0.883,240695.0
2022-09-09,0.883,0.894,265900.0
2022-09-13,0.894,0.889,259375.0
2022-09-14,0.889,0.88,255958.0
2022-09-15,0.881,0.889,346944.0
2022-09-16,0.89,0.861,294241.0
2022-09-19,0.859,0.86,302042.0
2022-09-20,0.859,0.855,247433.0
2022-09-21,0.849,0.864,254720.0
2022-09-22,0.862,0.86,255370.0
2022-09-23,0.855,0.852,285875.0
2022-09-26,0.845,0.838,286908.0
2022-09-27,0.834,0.845,260849.0
2022-09-28,0.845,0.84,252742.0
2022-09-29,0.841,0.832,256342.0
2022-09-30,0.829,0.835,268367.0
2022-10-10,0.835,0.842,229583.0
2022-10-11,0.841,0.838,228940.0
2022-10-12,0.837,0.845,286527.0
2022-10-13,0.849,0.846,236805.0
2022-10-14,0.844,0.847,242049.0
2022-10-17,0.84,0.843,231055.0
2022-10-18,0.846,0.841,213221.0
2022-10-19,0.84,0.836,256261.0
2022-10-20,0.834,0.83,223158.0
2022-10-21,0.827,0.833,252989.0
2022-10-24,0.825,0.815,245929.0
2022-10-25,0.814,0.809,216741.0
2022-10-26,0.813,0.803,229925.0
2022-10-27,0.803,0.806,215194.0
2022-10-28,0.808,0.792,250576.0
2022-10-31,0.793,0.772,256495.0
2022-11-01,0.772,0.78,245764.0
2022-11-02,0.779,0.791,254714.0
2022-11-03,0.79,0.785,214420.0
2022-11-04,0.785,0.795,262456.0
2022-11-07,0.797,0.802,382606.0
2022-11-08,0.801,0.8,153801.0
2022-11-09,0.8,0.801,139273.0
2022-11-10,0.8,0.801,263042.0
2022-11-11,0.803,0.824,270782.0
2022-11-14,0.823,0.818,232247.0
2022-11-15,0.818,0.824,199034.0
2022-11-16,0.824,0.821,254557.0
2022-11-17,0.821,0.819,172532.0
2022-11-18,0.818,0.816,169283.0
2022-11-21,0.816,0.81,204227.0
2022-11-22,0.81,0.819,273641.0
2022-11-23,0.823,0.827,261021.0
2022-11-24,0.828,0.829,210002.0
2022-11-25,0.83,0.849,257509.0
2022-11-28,0.84,0.84,224100.0
2022-11-29,0.841,0.864,223879.0
2022-11-30,0.86,0.864,250299.0
2022-12-01,0.862,0.858,331294.0
2022-12-02,0.855,0.851,211326.0
2022-12-05,0.85,0.866,177918.0
2022-12-06,0.862,0.861,197018.0
2022-12-07,0.86,0.856,207782.0
2022-12-08,0.855,0.861,427889.0
2022-12-09,0.864,0.857,210308.0
2022-12-12,0.85,0.84,426581.0
2022-12-13,0.84,0.843,150771.0
2022-12-14,0.843,0.839,148791.0
2022-12-15,0.84,0.832,153363.0
2022-12-16,0.831,0.838,173115.0
2022-12-19,0.839,0.826,157749.0
2022-12-20,0.825,0.818,142187.0
2022-12-21,0.819,0.818,142447.0
2022-12-22,0.82,0.814,145078.0
2022-12-23,0.811,0.809,135462.0
2022-12-26,0.81,0.809,139597.0
2022-12-27,0.81,0.819,158362.0
2022-12-28,0.82,0.818,144006.0
2022-12-29,0.817,0.814,140782.0
2022-12-30,0.814,0.818,135264.0
2023-01-03,0.819,0.822,199669.0
2023-01-04,0.822,0.827,197511.0
2023-01-05,0.827,0.826,186023.0
2023-01-06,0.827,0.827,161330.0
2023-01-09,0.826,0.826,178548.0
2023-01-10,0.825,0.82,206143.0
2023-01-11,0.82,0.824,209443.0
2023-01-12,0.823,0.822,190372.0
2023-01-13,0.823,0.831,276154.0
2023-01-16,0.83,0.832,209664.0
2023-01-17,0.832,0.83,226767.0
2023-01-18,0.83,0.834,224446.0
2023-01-19,0.834,0.837,170435.0
2023-01-20,0.837,0.845,214552.0
2023-01-30,0.848,0.84,231988.0
2023-01-31,0.841,0.844,219378.0
2023-02-01,0.845,0.849,311054.0
2023-02-02,0.85,0.848,289992.0
2023-02-03,0.848,0.843,374438.0
2023-02-06,0.843,0.84,287838.0
2023-02-07,0.842,0.843,249878.0
2023-02-08,0.85,0.84,207712.0
2023-02-09,0.835,0.847,210340.0
2023-02-10,0.846,0.851,229430.0
2023-02-13,0.85,0.854,172190.0
2023-02-14,0.854,0.857,188376.0
2023-02-15,0.857,0.855,143574.0
2023-02-16,0.855,0.852,238989.0
2023-02-17,0.851,0.849,142736.0
2023-02-20,0.848,0.867,256677.0
2023-02-21,0.865,0.876,154928.0
2023-02-22,0.872,0.878,428351.0
2023-02-23,0.882,0.874,395176.0
2023-02-24,0.872,0.875,192069.0
2023-02-27,0.876,0.871,205968.0
2023-02-28,0.869,0.875,241790.0
2023-03-01,0.873,0.88,203994.0
2023-03-02,0.881,0.888,219764.0
2023-03-03,0.888,0.895,183586.0
2023-03-06,0.894,0.895,141280.0
2023-03-07,0.895,0.892,144245.0
2023-03-08,0.885,0.89,204127.0
2023-03-09,0.889,0.889,160756.0
2023-03-10,0.889,0.871,145306.0
2023-03-13,0.867,0.883,140803.0
2023-03-14,0.883,0.879,129975.0
2023-03-15,0.881,0.893,149674.0
2023-03-16,0.89,0.886,147338.0
2023-03-17,0.887,0.9,169395.0
2023-03-20,0.896,0.894,203102.0
2023-03-21,0.892,0.892,138582.0
2023-03-22,0.891,0.897,148016.0
2023-03-23,0.895,0.897,106683.0
2023-03-24,0.897,0.89,134080.0
2023-03-27,0.891,0.883,147986.0
2023-03-28,0.88,0.886,94232.0
2023-03-29,0.886,0.881,117190.0
2023-03-30,0.883,0.883,154171.0
2023-03-31,0.883,0.887,206599.0
2023-04-03,0.889,0.896,140668.0
2023-04-04,0.896,0.902,273478.0
2023-04-06,0.902,0.896,140914.0
2023-04-07,0.896,0.893,227287.0
2023-04-10,0.893,0.892,237585.0
2023-04-11,0.892,0.904,247408.0
2023-04-12,0.905,0.922,340621.0
2023-04-13,0.923,0.923,574355.0
2023-04-14,0.923,0.919,269309.0
2023-04-17,0.919,0.929,513421.0
2023-04-18,0.929,0.932,945981.0
2023-04-19,0.932,0.934,476435.0
2023-04-20,0.934,0.941,637988.0
2023-04-21,0.941,0.928,702798.0
2023-04-24,0.929,0.93,469814.0
2023-04-25,0.925,0.936,521261.0
2023-04-26,0.932,0.938,496674.0
2023-04-27,0.935,0.94,412990.0
2023-04-28,0.94,0.96,570396.0
2023-05-04,0.961,0.989,1278591.0
2023-05-05,0.988,0.984,1326977.0
2023-05-08,0.985,1.011,1140562.0
2023-05-09,1.011,0.998,826848.0
2023-05-10,0.995,0.973,2106985.0
2023-05-11,0.972,0.98,1579554.0
2023-05-12,0.972,0.963,666389.0
2023-05-15,0.959,0.959,1508861.0
2023-05-16,0.953,0.947,520636.0
2023-05-17,0.944,0.946,362776.0
2023-05-18,0.949,0.956,876529.0
2023-05-19,0.952,0.941,952828.0
2023-05-22,0.939,0.939,331878.0
2023-05-23,0.941,0.926,574354.0
2023-05-24,0.924,0.913,610148.0
2023-05-25,0.912,0.907,454978.0
2023-05-26,0.905,0.922,593418.0
2023-05-29,0.926,0.924,541708.0
2023-05-30,0.921,0.931,565200.0
2023-05-31,0.928,0.923,393655.0
2023-06-01,0.918,0.927,594082.0
2023-06-02,0.933,0.927,319570.0
2023-06-05,0.93,0.939,487664.0
2023-06-06,0.939,0.931,382539.0
2023-06-07,0.931,0.941,311409.0
2023-06-08,0.941,0.946,2233486.0
2023-06-09,0.947,0.949,1108457.0
2023-06-12,0.949,0.94,1115995.0
2023-06-13,0.938,0.938,610875.0
2023-06-14,0.936,0.931,2636715.0
2023-06-15,0.931,0.933,609893.0
2023-06-16,0.935,0.933,493320.0
2023-06-19,0.933,0.918,1213656.0
2023-06-20,0.916,0.912,543298.0
2023-06-21,0.911,0.906,671249.0
2023-06-26,0.898,0.887,471533.0
2023-06-27,0.887,0.905,703178.0
2023-06-28,0.905,0.909,657745.0
2023-06-29,0.91,0.906,375427.0
2023-06-30,0.906,0.911,231358.0
2023-07-03,0.912,0.922,319082.0
2023-07-04,0.922,0.921,683172.0
2023-07-05,0.921,0.919,316453.0
2023-07-06,0.919,0.916,340199.0
2023-07-07,0.913,0.918,527494.0
2023-07-10,0.922,0.92,343299.0
2023-07-11,0.92,0.921,371123.0
2023-07-12,0.922,0.922,770355.0
2023-07-13,0.924,0.933,272497.0
2023-07-14,0.934,0.937,454509.0
2023-07-17,0.935,0.93,458063.0
2023-07-18,0.93,0.928,225837.0
2023-07-19,0.929,0.935,479536.0
2023-07-20,0.938,0.929,307699.0
2023-07-21,0.927,0.928,345009.0
2023-07-24,0.931,0.93,451886.0
2023-07-25,0.935,0.947,566480.0
2023-07-26,0.947,0.945,1748027.0
2023-07-27,0.945,0.947,766675.0
2023-07-28,0.946,0.963,805660.0
2023-07-31,0.966,0.969,1111660.0
2023-08-01,0.969,0.969,512988.0
2023-08-02,0.97,0.959,531006.0
2023-08-03,0.958,0.961,596197.0
2023-08-04,0.968,0.962,675189.0
2023-08-07,0.962,0.953,469225.0
2023-08-08,0.952,0.957,454301.0
2023-08-09,0.955,0.95,515513.0
2023-08-10,0.951,0.95,369059.0
2023-08-11,0.951,0.94,946159.0
2023-08-14,0.932,0.938,729020.0
2023-08-15,0.938,0.944,1531771.0
2023-08-16,0.942,0.939,588434.0
2023-08-17,0.935,0.938,1086156.0
2023-08-18,0.937,0.936,585370.0
2023-08-21,0.936,0.929,492497.0
2023-08-22,0.93,0.942,511704.0
2023-08-23,0.936,0.939,726416.0
2023-08-24,0.941,0.935,966008.0
2023-08-25,0.932,0.934,911844.0
2023-08-28,0.97,0.945,741041.0
2023-08-29,0.945,0.946,905475.0
2023-08-30,0.947,0.937,1107853.0
2023-08-31,0.937,0.932,698036.0
2023-09-01,0.932,0.937,409737.0
2023-09-04,0.938,0.956,947639.0
2023-09-05,0.955,0.947,820348.0
2023-09-06,0.946,0.943,797330.0
2023-09-07,0.945,0.942,703455.0
2023-09-08,0.941,0.938,673450.0
2023-09-11,0.937,0.944,605973.0
2023-09-12,0.944,0.942,409944.0
2023-09-13,0.941,0.943,953486.0
2023-09-14,0.945,0.949,1048418.0
2023-09-15,0.951,0.95,1149402.0
2023-09-18,0.948,0.95,752061.0
2023-09-19,0.949,0.955,833981.0
2023-09-20,0.954,0.961,2396196.0
2023-09-21,0.958,0.953,910773.0
2023-09-22,0.95,0.958,1587467.0
2023-09-25,0.959,0.958,744079.0
2023-09-26,0.958,0.956,693900.0
2023-09-27,0.955,0.953,871525.0
2023-09-28,0.953,0.952,650308.0
2023-10-09,0.948,0.949,985705.0
2023-10-10,0.95,0.936,914472.0
2023-10-11,0.939,0.936,793693.0
2023-10-12,0.94,0.948,1214038.0
2023-10-13,0.941,0.947,703115.0
2023-10-16,0.946,0.951,552985.0
2023-10-17,0.95,0.956,767631.0
2023-10-18,0.957,0.951,788700.0
2023-10-19,0.948,0.931,1087348.0
2023-10-20,0.928,0.934,913773.0
2023-10-23,0.927,0.915,1423713.0
2023-10-24,0.916,0.92,685155.0
2023-10-25,0.925,0.931,718959.0
2023-10-26,0.927,0.934,779473.0
2023-10-27,0.933,0.938,665017.0
2023-10-30,0.935,0.922,2494343.0
2023-10-31,0.92,0.922,600812.0
2023-11-01,0.922,0.923,775697.0
2023-11-02,0.922,0.925,632090.0
2023-11-03,0.924,0.919,843963.0
2023-11-06,0.92,0.917,1356043.0
2023-11-07,0.916,0.919,1412989.0
2023-11-08,0.918,0.919,1138706.0
2023-11-09,0.918,0.921,738458.0
2023-11-10,0.92,0.916,822109.0
2023-11-13,0.916,0.919,565769.0
2023-11-14,0.919,0.92,1129553.0
2023-11-15,0.922,0.927,599199.0
2023-11-16,0.925,0.926,1516081.0
2023-11-17,0.925,0.924,400324.0
2023-11-20,0.925,0.928,697365.0
2023-11-21,0.927,0.931,1222884.0
2023-11-22,0.928,0.927,942104.0
2023-11-23,0.926,0.933,696007.0
2023-11-24,0.932,0.933,561937.0
2023-11-27,0.931,0.926,660349.0
2023-11-28,0.926,0.926,577189.0
2023-11-29,0.926,0.919,683804.0
2023-11-30,0.917,0.921,577157.0
2023-12-01,0.92,0.932,840639.0
2023-12-04,0.928,0.928,950195.0
2023-12-05,0.927,0.916,1644495.0
2023-12-06,0.912,0.913,737463.0
2023-12-07,0.911,0.912,703695.0
2023-12-08,0.912,0.911,752788.0
2023-12-11,0.909,0.92,923386.0
2023-12-12,0.921,0.925,715243.0
2023-12-13,0.922,0.919,897795.0
2023-12-14,0.919,0.918,425394.0
2023-12-15,0.917,0.913,456735.0
2023-12-18,0.91,0.912,433974.0
2023-12-19,0.912,0.911,585921.0
2023-12-20,0.91,0.908,628929.0
2023-12-21,0.908,0.906,703163.0
2023-12-22,0.904,0.907,757919.0
2023-12-25,0.908,0.906,581641.0
2023-12-26,0.906,0.905,1663328.0
2023-12-27,0.904,0.912,655904.0
2023-12-28,0.913,0.91,1003049.0
2023-12-29,0.909,0.914,926120.0
2024-01-02,0.913,0.925,1418845.0
2024-01-03,0.922,0.935,5676371.0
2024-01-04,0.936,0.946,2787012.0
2024-01-05,0.949,0.947,7835173.0
2024-01-08,0.943,0.936,2466271.0
2024-01-09,0.935,0.943,1732291.0
2024-01-10,0.941,0.938,1006328.0
2024-01-11,0.936,0.93,2876757.0
2024-01-12,0.928,0.934,1064067.0
2024-01-15,0.935,0.941,1735592.0
2024-01-16,0.941,0.947,2247587.0
2024-01-17,0.945,0.934,2764283.0
2024-01-18,0.936,0.928,3131709.0
2024-01-19,0.925,0.922,1494269.0
2024-01-22,0.922,0.898,3573096.0
2024-01-23,0.893,0.904,1888937.0
2024-01-24,0.904,0.925,1847208.0
2024-01-25,0.925,0.953,2342443.0
2024-01-26,0.953,0.969,2515718.0
2024-01-29,0.97,0.969,2420622.0
2024-01-30,0.965,0.962,2093586.0
2024-01-31,0.957,0.956,2237214.0
2024-02-01,0.955,0.946,1315366.0
2024-02-02,0.946,0.948,8634193.0
2024-02-05,0.943,0.95,3960890.0
2024-02-06,0.941,0.963,2893650.0
2024-02-07,0.963,0.974,3177168.0
2024-02-08,0.974,0.973,1988240.0
2024-02-19,0.974,0.996,2566606.0
2024-02-20,0.998,1.004,1802413.0
2024-02-21,0.997,1.009,3645283.0
2024-02-22,1.007,1.021,1619079.0
2024-02-23,1.019,1.023,1503529.0
2024-02-26,1.02,0.997,3543459.0
2024-02-27,0.996,1.004,1572080.0
2024-02-28,1.003,0.996,1959590.0
2024-02-29,0.995,1.004,1393833.0
2024-03-01,1.001,1.004,1320196.0
2024-03-04,1.004,1.009,1525870.0
2024-03-05,1.007,1.018,2495958.0
2024-03-06,1.016,1.018,1305557.0
2024-03-07,1.018,1.021,1175573.0
2024-03-08,1.023,1.027,2036054.0
2024-03-11,1.024,1.02,3933511.0
2024-03-12,1.016,0.995,4469738.0
2024-03-13,0.991,0.993,3095790.0
2024-03-14,0.991,0.996,1577178.0
2024-03-15,0.996,0.997,3053210.0
2024-03-18,0.997,0.998,1485705.0
2024-03-19,0.998,0.994,897343.0
2024-03-20,0.995,1.0,1129729.0
2024-03-21,0.998,1.006,1660843.0
2024-03-22,1.004,1.001,1356711.0
2024-03-25,1.0,1.003,1452677.0
2024-03-26,1.003,1.004,1358722.0
2024-03-27,1.003,0.998,2162568.0
2024-03-28,0.998,1.0,1146622.0
2024-03-29,0.998,1.015,2350912.0
2024-04-01,1.014,1.015,1390671.0
2024-04-02,1.016,1.023,935867.0
2024-04-03,1.025,1.033,4966159.0
2024-04-08,1.029,1.036,6237070.0
2024-04-09,1.033,1.029,1193677.0
2024-04-10,1.029,1.03,1693053.0
2024-04-11,1.029,1.043,2300679.0
2024-04-12,1.041,1.04,1703722.0
2024-04-15,1.041,1.063,3268639.0
2024-04-16,1.064,1.061,2742182.0
2024-04-17,1.061,1.082,3737670.0
2024-04-18,1.078,1.082,4505033.0
2024-04-19,1.074,1.084,2772687.0
2024-04-22,1.084,1.062,3500655.0
2024-04-23,1.056,1.046,3619366.0
2024-04-24,1.042,1.043,2128627.0
2024-04-25,1.043,1.052,1877485.0
2024-04-26,1.047,1.039,5013460.0
2024-04-29,1.035,1.036,12983285.0
2024-04-30,1.03,1.04,2877419.0
2024-05-06,1.042,1.047,2236476.0
2024-05-07,1.048,1.048,1704702.0
2024-05-08,1.044,1.053,2637057.0
2024-05-09,1.051,1.061,1675034.0
2024-05-10,1.06,1.066,2123880.0
2024-05-13,1.062,1.072,2951282.0
2024-05-14,1.068,1.068,1950948.0
2024-05-15,1.066,1.066,3559273.0
2024-05-16,1.068,1.068,1761702.0
2024-05-17,1.068,1.075,1605503.0
2024-05-20,1.076,1.087,2443983.0
2024-05-21,1.085,1.089,2371600.0
2024-05-22,1.089,1.088,1989113.0
2024-05-23,1.085,1.076,2449222.0
2024-05-24,1.074,1.076,2484445.0
2024-05-27,1.077,1.095,2066873.0
2024-05-28,1.095,1.09,2528860.0
2024-05-29,1.089,1.092,2145286.0
2024-05-30,1.087,1.083,2031720.0
2024-05-31,1.083,1.085,1345787.0
2024-06-03,1.084,1.071,1869284.0
2024-06-04,1.069,1.076,2023143.0
2024-06-05,1.076,1.06,2070208.0
2024-06-06,1.06,1.066,2074641.0
2024-06-07,1.065,1.075,1964046.0
2024-06-11,1.073,1.055,2282032.0
2024-06-12,1.053,1.066,1657816.0
2024-06-13,1.068,1.055,1702315.0
2024-06-14,1.054,1.058,1323256.0
2024-06-17,1.057,1.044,1790828.0
2024-06-18,1.043,1.047,1785188.0
2024-06-19,1.047,1.051,2029810.0
2024-06-20,1.05,1.05,1407511.0
2024-06-21,1.048,1.05,1214234.0
2024-06-24,1.048,1.036,1450021.0
2024-06-25,1.036,1.042,1600879.0
2024-06-26,1.04,1.047,1938458.0
2024-06-27,1.045,1.046,2339638.0
2024-06-28,1.046,1.059,3273726.0
2024-07-01,1.058,1.078,2014583.0
2024-07-02,1.077,1.08,2133977.0
2024-07-03,1.078,1.068,2199186.0
2024-07-04,1.068,1.064,1325878.0
2024-07-05,1.064,1.057,1867090.0
2024-07-08,1.057,1.052,2165033.0
2024-07-09,1.051,1.065,2164721.0
2024-07-10,1.062,1.044,3848583.0
2024-07-11,1.047,1.046,1609355.0
2024-07-12,1.046,1.047,3618035.0
2024-07-15,1.045,1.057,2038330.0
2024-07-16,1.055,1.053,1288408.0
2024-07-17,1.054,1.047,1096736.0
2024-07-18,1.045,1.051,1670942.0
2024-07-19,1.048,1.043,1981984.0
2024-07-22,1.042,1.033,2268352.0
2024-07-23,1.031,1.029,1540971.0
2024-07-24,1.027,1.029,1835225.0
2024-07-25,1.026,1.024,1705425.0
2024-07-26,1.022,1.016,1526349.0
2024-07-29,1.014,1.021,1328579.0
2024-07-30,1.019,1.013,1421796.0
2024-07-31,1.012,1.024,2131880.0
2024-08-01,1.023,1.025,1497218.0
2024-08-02,1.021,1.023,1612700.0
2024-08-05,1.022,1.013,2036130.0
2024-08-06,1.014,1.007,1948766.0
2024-08-07,1.006,1.012,1219792.0
2024-08-08,1.012,1.012,935344.0
2024-08-09,1.015,1.014,1087281.0
2024-08-12,1.013,1.017,1093747.0
2024-08-13,1.018,1.02,1203526.0
2024-08-14,1.018,1.017,1087149.0
2024-08-15,1.017,1.029,1593611.0
2024-08-16,1.027,1.033,1829661.0
2024-08-19,1.033,1.048,2191189.0
2024-08-20,1.048,1.039,1344896.0
2024-08-21,1.038,1.028,1807241.0
2024-08-22,1.027,1.031,1830956.0
2024-08-23,1.032,1.03,1734854.0
2024-08-26,1.027,1.031,2412149.0
2024-08-27,1.029,1.037,1463106.0
2024-08-28,1.035,1.031,1591946.0
2024-08-29,1.028,1.008,2945602.0
2024-08-30,1.009,1.003,2846214.0
2024-09-02,1.002,1.006,1685976.0
2024-09-03,1.005,0.995,1932464.0
2024-09-04,0.991,0.993,1321946.0
2024-09-05,0.991,0.99,1037923.0
2024-09-06,0.99,0.982,1564553.0
2024-09-09,0.981,0.966,2392488.0
2024-09-10,0.966,0.967,1999749.0
2024-09-11,0.964,0.944,2450383.0
2024-09-12,0.944,0.949,2544108.0
2024-09-13,0.951,0.946,2020806.0
2024-09-18,0.946,0.962,1812908.0
2024-09-19,0.96,0.962,1386529.0
2024-09-20,0.959,0.96,1559812.0
2024-09-23,0.958,0.971,2051718.0
2024-09-24,0.976,1.015,4495070.0
2024-09-25,1.025,1.031,3633597.0
2024-09-26,1.029,1.062,3788704.0
2024-09-27,1.07,1.062,3011192.0
2024-09-30,1.072,1.127,8563937.0
2024-10-08,1.222,1.142,4960306.0
2024-10-09,1.121,1.054,6026260.0
2024-10-10,1.054,1.102,5258854.0
2024-10-11,1.108,1.082,4553454.0
2024-10-14,1.089,1.113,3860666.0
2024-10-15,1.108,1.089,2202471.0
2024-10-16,1.084,1.108,2429611.0
2024-10-17,1.111,1.096,1860674.0
2024-10-18,1.093,1.102,4284343.0
2024-10-21,1.102,1.092,3922116.0
2024-10-22,1.088,1.096,1288379.0
2024-10-23,1.095,1.095,2551642.0
2024-10-24,1.091,1.089,780740.0
2024-10-25,1.087,1.087,1017512.0
2024-10-28,1.084,1.089,1609062.0
2024-10-29,1.089,1.073,1869235.0
2024-10-30,1.071,1.066,1635226.0
2024-10-31,1.064,1.063,3094210.0
2024-11-01,1.061,1.076,2057483.0
2024-11-04,1.08,1.085,1106048.0
2024-11-05,1.084,1.098,2131836.0
2024-11-06,1.098,1.095,2040750.0
2024-11-07,1.091,1.114,2833873.0
2024-11-08,1.116,1.099,2312510.0
2024-11-11,1.097,1.089,1500151.0
2024-11-12,1.086,1.079,2946644.0
2024-11-13,1.08,1.086,1452414.0
2024-11-14,1.082,1.078,1121125.0
2024-11-15,1.078,1.076,1384668.0
2024-11-18,1.081,1.095,3283326.0
2024-11-19,1.096,1.096,1527630.0
2024-11-20,1.094,1.098,1286981.0
2024-11-21,1.098,1.097,1814177.0
2024-11-22,1.097,1.068,2195338.0
2024-11-25,1.068,1.071,2663888.0
2024-11-26,1.068,1.073,2468478.0
2024-11-27,1.07,1.085,3514486.0
2024-11-28,1.086,1.083,988231.0
2024-11-29,1.083,1.085,1314755.0
2024-12-02,1.087,1.086,1879928.0
2024-12-03,1.087,1.099,3984755.0
2024-12-04,1.098,1.101,4748495.0
2024-12-05,1.1,1.101,4568294.0
2024-12-06,1.101,1.115,10718208.0
2024-12-09,1.115,1.119,5541493.0
2024-12-10,1.14,1.119,6454014.0
2024-12-11,1.118,1.122,2090417.0
2024-12-12,1.121,1.123,2364056.0
2024-12-13,1.121,1.104,2228306.0
2024-12-16,1.104,1.122,3878200.0
2024-12-17,1.119,1.114,5316433.0
2024-12-18,1.117,1.122,5096041.0
2024-12-19,1.116,1.108,5110160.0
2024-12-20,1.107,1.101,4558593.0
2024-12-23,1.101,1.106,3362035.0
2024-12-24,1.104,1.115,3657738.0
2024-12-25,1.116,1.122,3535162.0
2024-12-26,1.121,1.119,2361162.0
2024-12-27,1.116,1.123,3964643.0
2024-12-30,1.121,1.131,3633875.0
2024-12-31,1.131,1.124,4981641.0
2025-01-02,1.121,1.101,7048268.0
2025-01-03,1.101,1.086,5434431.0
2025-01-06,1.085,1.087,5208762.0
2025-01-07,1.087,1.091,3145316.0
2025-01-08,1.087,1.095,3164004.0
2025-01-09,1.093,1.084,3062338.0
2025-01-10,1.081,1.07,3149556.0
2025-01-13,1.067,1.058,3405709.0
2025-01-14,1.061,1.074,2732172.0
2025-01-15,1.073,1.078,2407234.0
2025-01-16,1.08,1.087,1474926.0
2025-01-17,1.086,1.084,2218250.0
2025-01-20,1.088,1.085,1918106.0
2025-01-21,1.088,1.076,2199804.0
2025-01-22,1.076,1.061,3288491.0
2025-01-23,1.069,1.078,3050142.0
2025-01-24,1.078,1.082,3222629.0
2025-01-27,1.085,1.097,2825034.0
2025-02-05,1.098,1.077,4061203.0
2025-02-06,1.077,1.078,3407471.0
2025-02-07,1.076,1.079,4614307.0
2025-02-10,1.078,1.079,3035317.0
2025-02-11,1.078,1.089,4218663.0
2025-02-12,1.088,1.091,3626286.0
2025-02-13,1.09,1.094,3400605.0
2025-02-14,1.091,1.094,3827126.0
2025-02-17,1.094,1.093,3689230.0
2025-02-18,1.092,1.095,4277275.0
2025-02-19,1.093,1.094,2624857.0
2025-02-20,1.091,1.09,3552135.0
2025-02-21,1.09,1.082,6919308.0
2025-02-24,1.08,1.079,2749712.0
2025-02-25,1.078,1.071,2460890.0
2025-02-26,1.072,1.079,3280706.0
2025-02-27,1.079,1.089,4632600.0
2025-02-28,1.088,1.084,3542247.0
2025-03-03,1.084,1.083,3837587.0
2025-03-04,1.08,1.084,1545811.0
2025-03-05,1.084,1.091,2201456.0
2025-03-06,1.091,1.087,4039856.0
2025-03-07,1.085,1.085,3810758.0
2025-03-10,1.085,1.079,2286356.0
2025-03-11,1.076,1.084,3266735.0
2025-03-12,1.084,1.086,1858186.0
2025-03-13,1.085,1.091,2722476.0
2025-03-14,1.091,1.1,2614531.0
2025-03-17,1.102,1.104,1999759.0
2025-03-18,1.105,1.102,2015759.0
2025-03-19,1.102,1.108,1700682.0
2025-03-20,1.109,1.105,3960304.0
2025-03-21,1.103,1.103,4079126.0
2025-03-24,1.101,1.108,2079479.0
2025-03-25,1.109,1.115,2773623.0
2025-03-26,1.114,1.112,3869195.0
2025-03-27,1.111,1.115,3381137.0
2025-03-28,1.115,1.112,3658647.0
2025-03-31,1.112,1.112,3728184.0
2025-04-01,1.111,1.115,2949802.0
2025-04-02,1.114,1.121,2553192.0
2025-04-03,1.118,1.125,3688667.0
2025-04-07,1.107,1.064,9033686.0
2025-04-08,1.065,1.088,5530893.0
2025-04-09,1.076,1.085,6359361.0
2025-04-10,1.088,1.09,4430997.0
2025-04-11,1.087,1.087,3542016.0
2025-04-14,1.089,1.095,2783425.0
2025-04-15,1.095,1.106,2331842.0
2025-04-16,1.104,1.116,3864371.0
2025-04-17,1.114,1.117,2406760.0
2025-04-18,1.116,1.12,2328792.0
2025-04-21,1.12,1.114,4548786.0
2025-04-22,1.115,1.121,2599283.0
2025-04-23,1.122,1.116,2740210.0
2025-04-24,1.115,1.126,3337050.0
2025-04-25,1.126,1.125,2450984.0
2025-04-28,1.124,1.13,4245755.0
2025-04-29,1.128,1.127,2492052.0
2025-04-30,1.126,1.109,7275387.0
2025-05-06,1.109,1.109,3644964.0
2025-05-07,1.113,1.118,2478784.0
2025-05-08,1.117,1.124,2688679.0
2025-05-09,1.123,1.132,3414349.0
2025-05-12,1.132,1.133,3641030.0
2025-05-13,1.134,1.144,2903447.0
2025-05-14,1.144,1.152,3371641.0
2025-05-15,1.151,1.148,2961505.0
2025-05-16,1.146,1.14,2708058.0
2025-05-19,1.139,1.142,1927285.0
2025-05-20,1.143,1.147,2413843.0
2025-05-21,1.147,1.155,2145223.0
2025-05-22,1.155,1.159,2312349.0
2025-05-23,1.159,1.15,3512245.0
2025-05-26,1.15,1.147,5154227.0
2025-05-27,1.148,1.149,2537202.0
2025-05-28,1.149,1.154,1860115.0
2025-05-29,1.154,1.152,4568498.0
2025-05-30,1.153,1.159,2741563.0
2025-06-03,1.157,1.169,2737945.0
2025-06-04,1.168,1.174,2275469.0
2025-06-05,1.174,1.165,7290635.0
2025-06-06,1.166,1.168,2281475.0
2025-06-09,1.169,1.169,5100966.0
2025-06-10,1.169,1.169,3009587.0
2025-06-11,1.169,1.173,1452589.0
2025-06-12,1.173,1.176,2143303.0
2025-06-13,1.176,1.169,7943733.0
2025-06-16,1.168,1.175,2333022.0
2025-06-17,1.175,1.172,2200686.0
2025-06-18,1.172,1.179,2896925.0
2025-06-19,1.177,1.177,2447781.0
2025-06-20,1.177,1.182,2566441.0
2025-06-23,1.181,1.19,2653469.0
2025-06-24,1.188,1.191,2604297.0
2025-06-25,1.191,1.201,2940735.0
2025-06-26,1.198,1.206,2749692.0
2025-06-27,1.206,1.188,7838908.0
2025-06-30,1.184,1.186,4212252.0
2025-07-01,1.188,1.197,3188777.0
2025-07-02,1.196,1.2,3436876.0
2025-07-03,1.2,1.201,3877320.0
2025-07-04,1.2,1.211,3853610.0
2025-07-07,1.211,1.218,3201919.0
2025-07-08,1.218,1.215,3488584.0
2025-07-09,1.213,1.223,4007273.0
2025-07-10,1.223,1.23,2608495.0
2025-07-11,1.23,1.219,7453726.0
2025-07-14,1.219,1.227,4879193.0
2025-07-15,1.227,1.216,5996822.0
2025-07-16,1.218,1.21,6124285.0
2025-07-17,1.209,1.208,6808947.0
2025-07-18,1.209,1.213,4452948.0
2025-07-21,1.213,1.213,4173355.0
2025-07-22,1.214,1.214,6377247.0
2025-07-23,1.216,1.217,4743945.0
2025-07-24,1.215,1.208,5796508.0
2025-07-25,1.207,1.199,5081028.0
2025-07-28,1.197,1.197,3788642.0
2025-07-29,1.195,1.189,4310558.0
2025-07-30,1.189,1.194,4335966.0
2025-07-31,1.194,1.18,5292901.0
2025-08-01,1.18,1.181,3575665.0
2025-08-04,1.176,1.187,4689917.0
2025-08-05,1.188,1.2,3992834.0
2025-08-06,1.201,1.201,3802381.0
2025-08-07,1.201,1.206,2982263.0
2025-08-08,1.205,1.207,2818922.0
2025-08-11,1.207,1.2,6401540.0
2025-08-12,1.198,1.202,2744768.0
2025-08-13,1.203,1.198,3705458.0
2025-08-14,1.197,1.199,3536393.0
2025-08-15,1.199,1.195,4575554.0
2025-08-18,1.193,1.197,5079024.0
2025-08-19,1.198,1.196,3514857.0
2025-08-20,1.195,1.207,3721719.0
2025-08-21,1.207,1.214,3916371.0
2025-08-22,1.212,1.209,3156459.0
2025-08-25,1.209,1.219,4499530.0
2025-08-26,1.219,1.216,3035343.0
2025-08-27,1.214,1.197,5072787.0
2025-08-28,1.196,1.197,3799989.0
2025-08-29,1.195,1.194,3285454.0
2025-09-01,1.194,1.191,4034757.0
2025-09-02,1.192,1.2,4048948.0
2025-09-03,1.2,1.187,4832740.0
2025-09-04,1.186,1.19,4805634.0
2025-09-05,1.189,1.185,3445357.0
2025-09-08,1.182,1.185,3027758.0
2025-09-09,1.185,1.191,2819114.0
2025-09-10,1.188,1.188,2204608.0
2025-09-11,1.188,1.192,3333541.0
2025-09-12,1.19,1.184,3039295.0
2025-09-15,1.184,1.174,4383281.0
2025-09-16,1.175,1.17,3846358.0
2025-09-17,1.17,1.175,3654209.0
2025-09-18,1.174,1.153,5756448.0
2025-09-19,1.153,1.159,3098748.0
2025-09-22,1.158,1.15,2838516.0
2025-09-23,1.15,1.157,4768138.0
2025-09-24,1.155,1.157,2965063.0
2025-09-25,1.157,1.149,2506558.0
2025-09-26,1.147,1.149,3064401.0
2025-09-29,1.148,1.147,3813359.0
2025-09-30,1.146,1.139,4841918.0
2025-10-09,1.138,1.142,3855682.0
2025-10-10,1.142,1.15,5451031.0
2025-10-13,1.146,1.156,10060687.0
2025-10-14,1.155,1.177,10123358.0
2025-10-15,1.176,1.182,9723090.0
2025-10-16,1.182,1.19,6641678.0
2025-10-17,1.189,1.185,10410989.0
2025-10-20,1.186,1.187,7444227.0
2025-10-21,1.184,1.19,5811620.0
2025-10-22,1.189,1.199,4210273.0
2025-10-23,1.199,1.206,3893271.0
2025-10-24,1.204,1.197,7254640.0
2025-10-27,1.194,1.198,8211433.0
2025-10-28,1.198,1.198,3646976.0
2025-10-29,1.196,1.187,5805445.0
2025-10-30,1.185,1.19,4435020.0
2025-10-31,1.189,1.188,4510713.0
2025-11-03,1.189,1.204,4588786.0
2025-11-04,1.204,1.217,7514109.0
2025-11-05,1.216,1.217,4830508.0
2025-11-06,1.216,1.216,3750806.0
2025-11-07,1.215,1.217,4024036.0
2025-11-10,1.217,1.227,4970860.0
2025-11-11,1.227,1.232,3913158.0
2025-11-12,1.232,1.243,5601328.0
2025-11-13,1.242,1.239,5095052.0
2025-11-14,1.237,1.235,4355600.0
2025-11-17,1.234,1.224,5085945.0
2025-11-18,1.222,1.217,6242098.0
2025-11-19,1.215,1.219,8773761.0
2025-11-20,1.217,1.228,7238702.0
2025-11-21,1.222,1.209,9356392.0
2025-11-24,1.212,1.202,4471537.0
2025-11-25,1.202,1.209,6934672.0
2025-11-26,1.209,1.203,5695181.0
2025-11-27,1.201,1.205,4216893.0
2025-11-28,1.203,1.204,4166746.0
2025-12-01,1.204,1.211,6444586.0
2025-12-02,1.211,1.208,4214352.0
2025-12-03,1.208,1.203,6457395.0
2025-12-04,1.203,1.198,4941449.0
2025-12-05,1.198,1.193,6553025.0
2025-12-08,1.191,1.19,4434785.0
2025-12-09,1.19,1.181,8161288.0
2025-12-10,1.181,1.176,3655979.0
2025-12-11,1.177,1.173,5626899.0
2025-12-12,1.174,1.174,5209792.0
2025-12-15,1.17,1.175,4931181.0
2025-12-16,1.176,1.169,5148522.0
2025-12-17,1.168,1.171,4226664.0
2025-12-18,1.17,1.181,5226024.0
2025-12-19,1.182,1.181,6132646.0
2025-12-22,1.181,1.173,6357585.0
2025-12-23,1.174,1.173,4337250.0
2025-12-24,1.173,1.177,4398274.0
2025-12-25,1.177,1.178,4429043.0
2025-12-26,1.177,1.175,3933813.0
2025-12-29,1.176,1.176,4846698.0
2025-12-30,1.174,1.175,4073740.0
2025-12-31,1.175,1.176,5660129.0
2026-01-05,1.176,1.173,8092287.0
2026-01-06,1.173,1.174,10032780.0
2026-01-07,1.174,1.17,4592864.0
2026-01-08,1.169,1.161,6509507.0
2026-01-09,1.161,1.162,6631652.0
2026-01-12,1.162,1.164,8296798.0
2026-01-13,1.164,1.166,9470158.0
2026-01-14,1.167,1.156,8290457.0
2026-01-15,1.157,1.153,5218086.0
2026-01-16,1.153,1.143,9197519.0
2026-01-19,1.143,1.144,6576319.0
2026-01-20,1.144,1.16,9913432.0
2026-01-21,1.16,1.151,7879853.0
2026-01-22,1.149,1.152,5914032.0
2026-01-23,1.151,1.148,5650693.0
2026-01-26,1.148,1.156,6298648.0
2026-01-27,1.155,1.148,7648733.0
2026-01-28,1.147,1.152,6196813.0
2026-01-29,1.15,1.169,7554576.0
2026-01-30,1.169,1.168,8147957.0
2026-02-02,1.165,1.154,8253242.0
2026-02-03,1.154,1.15,7543115.0
2026-02-04,1.149,1.166,6182244.0
2026-02-05,1.166,1.181,7544416.0
2026-02-06,1.179,1.178,6821132.0
2026-02-09,1.177,1.181,6036145.0
2026-02-10,1.182,1.186,4070762.0
2026-02-11,1.185,1.188,3963651.0
2026-02-12,1.187,1.177,5988615.0
2026-02-13,1.176,1.167,6457655.0
2026-02-24,1.17,1.172,4393234.0
2026-02-25,1.172,1.169,8081199.0
2026-02-26,1.171,1.168,4992802.0
2026-02-27,1.168,1.172,4455340.0
2026-03-02,1.17,1.183,7777120.0
2026-03-03,1.183,1.196,12015156.0
2026-03-04,1.194,1.18,11109682.0
2026-03-05,1.179,1.182,5721435.0
2026-03-06,1.18,1.188,5805774.0
2026-03-09,1.19,1.187,11680920.0
2026-03-10,1.184,1.185,4527513.0
2026-03-11,1.184,1.196,6019153.0
2026-03-12,1.196,1.202,4795029.0
2026-03-13,1.201,1.205,5583094.0
2026-03-16,1.205,1.205,7622685.0
2026-03-17,1.203,1.21,4753267.0
2026-03-18,1.21,1.204,7544368.0
2026-03-19,1.202,1.201,5873747.0
2026-03-20,1.199,1.196,5743151.0
2026-03-23,1.19,1.158,12345276.0
2026-03-24,1.161,1.178,7750521.0
2026-03-25,1.177,1.188,8438105.0
2026-03-26,1.186,1.185,5264498.0
2026-03-27,1.182,1.183,6031973.0
2026-03-30,1.179,1.193,6215118.0
2026-03-31,1.193,1.198,6383125.0
2026-04-01,1.199,1.197,5824470.0
2026-04-02,1.196,1.201,7076669.0
2026-04-03,1.201,1.188,9041118.0
2026-04-07,1.188,1.18,5622955.0
2026-04-08,1.18,1.19,7059633.0
2026-04-09,1.189,1.183,4827044.0
2026-04-10,1.182,1.181,5183802.0
2026-04-13,1.181,1.176,5911433.0
2026-04-14,1.177,1.181,4521595.0
2026-04-15,1.182,1.189,6669198.0
2026-04-16,1.188,1.189,4883968.0
2026-04-17,1.188,1.184,5409391.0
2026-04-20,1.184,1.19,5538224.0
2026-04-21,1.19,1.197,5004676.0
2026-04-22,1.196,1.192,3267805.0
2026-04-23,1.192,1.198,5038457.0
2026-04-24,1.198,1.198,6349638.0
2026-04-27,1.197,1.189,7054988.0
2026-04-28,1.188,1.192,4919056.0
2026-04-29,1.194,1.195,5064006.0
2026-04-30,1.196,1.188,7508592.0
2026-05-06,1.188,1.183,7710497.0
2026-05-07,1.182,1.178,7595759.0
2026-05-08,1.178,1.177,4717912.0
2026-05-11,1.176,1.178,6552670.0
2026-05-12,1.178,1.176,6080718.0
2026-05-13,1.175,1.177,5106468.0
2026-05-14,1.177,1.176,4758781.0
2026-05-15,1.175,1.167,7292359.0
2026-05-18,1.164,1.16,6970855.0
2026-05-19,1.159,1.169,4559820.0
2026-05-20,1.168,1.164,4453389.0
2026-05-21,1.163,1.161,3862617.0
2026-05-22,1.159,1.155,8157214.0
2026-05-25,1.154,1.152,5209176.0
2026-05-26,1.151,1.156,5158246.0
2026-05-27,1.156,1.15,6381913.0
2026-05-28,1.149,1.144,6535306.0
2026-05-29,1.144,1.167,7962365.0
2026-06-01,1.166,1.181,8183643.0
2026-06-02,1.179,1.182,7373936.0
2026-06-03,1.18,1.173,8019358.0
2026-06-04,1.17,1.158,6075092.0
2026-06-05,1.159,1.159,5178363.0
2026-06-08,1.158,1.165,7202209.0
2026-06-09,1.163,1.164,5800056.0
2026-06-10,1.163,1.172,8484262.0
2026-06-11,1.173,1.162,5146642.0
2026-06-12,1.16,1.172,6670172.0
2026-06-15,1.171,1.161,8545227.0
2026-06-16,1.158,1.145,8886490.0
2026-06-17,1.146,1.14,7246282.0
2026-06-18,1.138,1.115,14195527.0
2026-06-22,1.11,1.114,10285645.0
2026-06-23,1.111,1.118,8854411.0
2026-06-24,1.118,1.099,7918908.0
2026-06-25,1.093,1.086,6858951.0
2026-06-26,1.086,1.081,6395364.0
2026-06-29,1.079,1.089,8286960.0
2026-06-30,1.087,1.067,9762906.0
2026-07-01,1.067,1.079,8012457.0
2026-07-02,1.082,1.087,7260147.0
2026-07-03,1.087,1.09,6109692.0
2026-07-06,1.089,1.112,9159142.0
2026-07-07,1.112,1.104,6588376.0
2026-07-08,1.103,1.12,8732696.0
2026-07-09,1.116,1.105,8054445.0
2026-07-10,1.101,1.113,6720953.0
2026-07-13,1.111,1.126,8977096.0
2026-07-14,1.123,1.139,8145272.0
2026-07-15,1.132,1.152,7337892.0
2026-07-16,1.151,1.141,8011018.0
2026-07-17,1.141,1.146,9874210.0
2026-07-20,1.145,1.172,11894172.0
2026-07-21,1.171,1.16,13687022.0
2026-07-22,1.158,1.168,9641875.0
2026-07-23,1.163,1.174,6118057.0
2026-07-24,1.174,1.162,6015747.0
2026-07-27,1.161,1.167,6679447.0
2026-07-28,1.168,1.176,6619789.0
2026-07-29,1.175,1.187,7579829.0
2026-07-30,1.186,1.207,13455631.0
2026-07-31,1.19,1.204,9250903.0
2026-08-03,1.199,1.203,5687572.0
2026-08-04,1.2,1.176,11447703.0
2026-08-05,1.174,1.164,15017610.0
2026-08-06,1.163,1.166,9216967.0
2026-08-07,1.162,1.158,7803085.0
2026-08-10,1.155,1.162,6792923.0
2026-08-11,1.162,1.163,5688970.0
2026-08-12,1.163,1.159,4470670.0
2026-08-13,1.156,1.157,4623306.0
2026-08-14,1.157,1.155,4802675.0
2026-08-17,1.155,1.156,5325025.0
2026-08-18,1.156,1.161,6040091.0
2026-08-19,1.164,1.175,7948070.0
2026-08-20,1.17,1.183,7375668.0
2026-08-21,1.182,1.176,5137059.0
2026-08-24,1.172,1.189,7167169.0
2026-08-25,1.189,1.185,8626670.0
2026-08-26,1.182,1.191,6983527.0
2026-08-27,1.189,1.183,9277138.0
2026-08-28,1.181,1.184,4331162.0
2026-08-31,1.184,1.192,6756973.0
2026-09-01,1.194,1.208,11256851.0
2026-09-02,1.21,1.201,8563613.0
2026-09-03,1.199,1.2,10515005.0
2026-09-04,1.199,1.207,5701368.0
2026-09-07,1.206,1.195,6293117.0
2026-09-08,1.195,1.207,6124526.0
2026-09-09,1.206,1.211,5850811.0
2026-09-10,1.213,1.214,5490684.0
2026-09-11,1.214,1.203,4883984.0
