role,id,scenario,cagr,max_dd,return_2021,return_2026,switches
c,v12r2_55420df78993194e846c,close_1bp,0.5438845287618115,-0.2016446047948912,0.15122730196182954,0.5712968410643964,329
c,v12r2_55420df78993194e846c,close_11bp,0.4657956835090582,-0.211178993105527,0.08627986335437532,0.48265083263043995,329
c,v12r2_55420df78993194e846c,lag1_1bp,0.42061660751743546,-0.2682432437967862,0.1951332160810615,0.17191175640841205,331
c,v12r2_55420df78993194e846c,lag1_11bp,0.34833708941102837,-0.29696963283229016,0.12770878908313033,0.10579738722781529,331
c4,v12r2_e4a678cf7dbb90a34118,close_1bp,0.5458111475385858,-0.20555291083802685,0.06042125074425253,0.749126373215494,326
c4,v12r2_e4a678cf7dbb90a34118,close_11bp,0.46831962216516976,-0.2197419054590637,0.0005967104789335043,0.660392392758572,326
c4,v12r2_e4a678cf7dbb90a34118,lag1_1bp,0.407986866727098,-0.24409302768021401,0.2999075367990889,0.3004919891703335,328
c4,v12r2_e4a678cf7dbb90a34118,lag1_11bp,0.33698255913915015,-0.2737674756131223,0.2265721800039966,0.2345174360914264,328
h,v12r2_2b63e64ab0b9e24b8cab,close_1bp,0.5331044487823025,-0.23883339122470115,0.21463602882797983,0.4547058602611418,315
h,v12r2_2b63e64ab0b9e24b8cab,close_11bp,0.4587792415770985,-0.2554158840961791,0.13924704059745574,0.38090796700904583,315
h,v12r2_2b63e64ab0b9e24b8cab,lag1_1bp,0.3817989638706443,-0.3512536935218221,0.20323189489091176,-0.060151830624633584,317
h,v12r2_2b63e64ab0b9e24b8cab,lag1_11bp,0.3143942902292667,-0.3729659278014614,0.12855072867353035,-0.10783075787133412,317
simple,v12r2_c03a5dc306d9bf5b3e82,close_1bp,0.5013274220535505,-0.2168241959895013,0.22750652309780794,0.7526752643965555,269
simple,v12r2_c03a5dc306d9bf5b3e82,close_11bp,0.4389474363923054,-0.22772525646887376,0.17695950239094338,0.6571115285120666,269
simple,v12r2_c03a5dc306d9bf5b3e82,lag1_1bp,0.3290288895457287,-0.35138613259435736,0.020058342916350114,-0.07397988761834973,269
simple,v12r2_c03a5dc306d9bf5b3e82,lag1_11bp,0.27380788854659643,-0.3838739081232354,-0.021946248677573887,-0.12447066776514171,269
highest_2021,v12r2_7743224871bb70b78781,close_1bp,0.5020900522412874,-0.23883339122470137,0.2259721964436927,0.3703292761409547,333
highest_2021,v12r2_7743224871bb70b78781,close_11bp,0.42521549031532613,-0.25541588409617855,0.14987960467542116,0.2956127626600602,333
highest_2021,v12r2_7743224871bb70b78781,lag1_1bp,0.3743377366835807,-0.3769448046304714,0.19914093281906453,-0.052286424126928965,333
highest_2021,v12r2_7743224871bb70b78781,lag1_11bp,0.30400133355766723,-0.4002040923322031,0.12471368093006507,-0.10396002944255134,333
highest_cagr,v12r2_08b522c2e1aa291f054d,close_1bp,0.5526937725744602,-0.2055529108380264,0.070841887098126,0.7491263732154936,310
highest_cagr,v12r2_08b522c2e1aa291f054d,close_11bp,0.47858472777299094,-0.21974190545906414,0.016517588672774863,0.6603923927585738,310
highest_cagr,v12r2_08b522c2e1aa291f054d,lag1_1bp,0.39718422205293424,-0.28304212076913804,0.28328637821206937,0.3004919891703366,312
highest_cagr,v12r2_08b522c2e1aa291f054d,lag1_11bp,0.33007780945907833,-0.3098068917027367,0.21818467364193594,0.2345174360914284,312
main_three_gates_1,v12r2_9a8799a5f7dd7581608e,close_1bp,0.5504471356427667,-0.2016446047948911,0.18698299493558435,0.46817975194027794,323
main_three_gates_1,v12r2_9a8799a5f7dd7581608e,close_11bp,0.47342038890231236,-0.21556830145230055,0.11777788455603999,0.3770540291621398,323
main_three_gates_1,v12r2_9a8799a5f7dd7581608e,lag1_1bp,0.38361694087051507,-0.35977425418289255,0.14614830602555284,-0.02054953990780306,325
main_three_gates_1,v12r2_9a8799a5f7dd7581608e,lag1_11bp,0.3144635673998365,-0.38859134811880636,0.07932399567885762,-0.0813412317856761,325
