parent_id,kind,axis,label,id,cagr_delta_pp,return_2021_delta_pp,return_2026_delta_pp
v12r2_08b522c2e1aa291f054d,neighbors,window,20,v12r2_9b77032dd4b41ea9fca9,-3.202283574739395,11.957240236919663,-28.094662127521563
v12r2_08b522c2e1aa291f054d,neighbors,window,30,v12r2_9f874d7cbf96b95cdf5d,-5.617151837754436,-2.9984542966858596,-2.591286589139874
v12r2_08b522c2e1aa291f054d,neighbors,smooth,3,v12r2_fa45d0465176fbd7cf32,-0.4211673713652164,2.7152269048553945,-17.782953215109675
v12r2_08b522c2e1aa291f054d,neighbors,smooth,5,v12r2_f0df6d2a8f97bf7ffacc,-1.6282718472127922,-1.2147739509414057,-4.742614438982917
v12r2_08b522c2e1aa291f054d,neighbors,panic,1.25,v12r2_e4a678cf7dbb90a34118,-0.6882625035874335,-1.042063635387347,4.440892098500626e-14
v12r2_08b522c2e1aa291f054d,neighbors,panic,1.5,v12r2_7543f0344ab8af4bff59,-2.5327646134302495,-3.684718063825998,-29.78791773756926
v12r2_08b522c2e1aa291f054d,neighbors,min_hold,0,v12r2_a7bee09a0c0c7e7eae8f,-2.2070828618621974,3.0287845486658194,3.281532644040075
v12r2_08b522c2e1aa291f054d,neighbors,min_hold,3,v12r2_aa805bc73385c668d7a0,-0.2796047230111176,1.9935989815391686,-7.792800254219157
v12r2_08b522c2e1aa291f054d,neighbors,buffer,uniform2,v12r2_ef1411ab3d87788a409c,-1.1762954260545078,1.3322676295501878e-13,-7.912650384215869
v12r2_08b522c2e1aa291f054d,neighbors,risk_context,current20,v12r2_f465f93117b4dc3a9bae,-4.593425396837548,-1.0475548086419373,-29.78791773756928
v12r2_08b522c2e1aa291f054d,neighbors,risk_context,prior20,v12r2_52b752bf89ab9a819b7b,-1.95882929890272,2.7311405552894463,-21.275659125771874
v12r2_08b522c2e1aa291f054d,neighbors,risk_context,prior60,v12r2_30f11888f35a1ccbcdc6,-1.6281603208377238,-3.679363457716134,0.07043958846235654
v12r2_08b522c2e1aa291f054d,restore_one_C4_axis,panic,C4,v12r2_e4a678cf7dbb90a34118,-0.6882625035874335,-1.042063635387347,4.440892098500626e-14
v12r2_7743224871bb70b78781,neighbors,window,25,v12r2_5def0c7130d5aa55e8ba,-3.0263665323331077,-12.605257326913243,6.805711555038818
v12r2_7743224871bb70b78781,neighbors,smooth,4,v12r2_ea98b7aad415ed0aef65,-2.081897825222312,-0.5212616905240441,0.0
v12r2_7743224871bb70b78781,neighbors,panic,1.25,v12r2_d75cc093f82d49372a88,1.9041617831961788,-2.995667785906053,8.613897697483065
v12r2_7743224871bb70b78781,neighbors,panic,1.5,v12r2_f7fdf2ac8e8f378f7944,1.826027423024268,0.0,-6.661338147750939e-14
v12r2_7743224871bb70b78781,neighbors,min_hold,2,v12r2_b95b043bd2d24a7fba4d,2.7758380830372076,-2.328177501567086,-2.823568181952485
v12r2_7743224871bb70b78781,neighbors,buffer,uniform2,v12r2_b71e1d55817f7aeaad70,-0.7986113098796432,-0.887112106428356,-6.199058363876753
v12r2_7743224871bb70b78781,neighbors,risk_context,prior20,v12r2_75cd0a9c04acfcb41587,1.646731841198612,-0.36955322255074474,11.910538394666737
v12r2_7743224871bb70b78781,neighbors,risk_context,prior60,v12r2_6ffe2993042d52f8566c,2.0407563062101786,-8.254848420970195,14.742451195414198
v12r2_7743224871bb70b78781,neighbors,risk_context,prior_max20_60,v12r2_235843138fb5087ce91f,2.0923194896982356,-3.409392368660513,15.5148108615895
v12r2_7743224871bb70b78781,restore_one_C4_axis,window,C4,v12r2_5def0c7130d5aa55e8ba,-3.0263665323331077,-12.605257326913243,6.805711555038818
v12r2_7743224871bb70b78781,restore_one_C4_axis,smooth,C4,v12r2_ea98b7aad415ed0aef65,-2.081897825222312,-0.5212616905240441,0.0
v12r2_7743224871bb70b78781,restore_one_C4_axis,panic,C4,v12r2_d75cc093f82d49372a88,1.9041617831961788,-2.995667785906053,8.613897697483065
v12r2_7743224871bb70b78781,restore_one_C4_axis,min_hold,C4,v12r2_b95b043bd2d24a7fba4d,2.7758380830372076,-2.328177501567086,-2.823568181952485
v12r2_7743224871bb70b78781,restore_one_C4_axis,risk_context,C4,v12r2_235843138fb5087ce91f,2.0923194896982356,-3.409392368660513,15.5148108615895
v12r2_9a8799a5f7dd7581608e,neighbors,window,25,v12r2_f0df6d2a8f97bf7ffacc,-1.4036081540434453,-12.82888473468724,23.352047688538647
v12r2_9a8799a5f7dd7581608e,neighbors,smooth,4,v12r2_9b77032dd4b41ea9fca9,-2.9776198815700483,0.34312945317382937,0.0
v12r2_9a8799a5f7dd7581608e,neighbors,panic,1.25,v12r2_5fc61828cf6bd6321ee1,-1.7851086387242643,-3.666465806444008,8.881784197001252e-14
v12r2_9a8799a5f7dd7581608e,neighbors,panic,1.5,v12r2_60a34d3712b73dc7b13c,-1.6253187518822432,-6.56803655314786,-12.608615761884767
v12r2_9a8799a5f7dd7581608e,neighbors,min_hold,0,v12r2_235843138fb5087ce91f,-2.7433888504496906,0.489527782150323,5.729763281657174
v12r2_9a8799a5f7dd7581608e,neighbors,min_hold,3,v12r2_c6b548295d3cc806a7c1,-2.860689068102795,-5.016020581918168,-18.06618581497663
v12r2_9a8799a5f7dd7581608e,neighbors,buffer,uniform2,v12r2_f4a8e27df38c38d06e99,-1.2119487329691259,-0.8588995639434938,-6.641711688865204
v12r2_9a8799a5f7dd7581608e,neighbors,risk_context,current20,v12r2_b95b043bd2d24a7fba4d,-2.0598702571107186,1.5707426492437504,-12.608615761884812
v12r2_9a8799a5f7dd7581608e,neighbors,risk_context,prior20,v12r2_2ba60949aaafd855898a,-0.6208793667526913,3.027353930552712,-3.468894333858197
v12r2_9a8799a5f7dd7581608e,neighbors,risk_context,prior60,v12r2_387848d3d0009556c1bd,-3.594028966460472,-6.52734240932491,-3.6539637863470142
v12r2_9a8799a5f7dd7581608e,restore_one_C4_axis,window,C4,v12r2_f0df6d2a8f97bf7ffacc,-1.4036081540434453,-12.82888473468724,23.352047688538647
v12r2_9a8799a5f7dd7581608e,restore_one_C4_axis,smooth,C4,v12r2_9b77032dd4b41ea9fca9,-2.9776198815700483,0.34312945317382937,0.0
v12r2_9a8799a5f7dd7581608e,restore_one_C4_axis,panic,C4,v12r2_5fc61828cf6bd6321ee1,-1.7851086387242643,-3.666465806444008,8.881784197001252e-14
