role,id,scenario,year,total_return,max_dd,sessions
c,v12r2_55420df78993194e846c,close_11bp,2014,0.6216326891699722,-0.057315424086930467,245
c,v12r2_55420df78993194e846c,close_11bp,2015,0.7696426105647147,-0.21117899310552712,244
c,v12r2_55420df78993194e846c,close_11bp,2016,0.16028681293042268,-0.13880954838799453,244
c,v12r2_55420df78993194e846c,close_11bp,2017,0.2000765378577931,-0.09858969311570753,244
c,v12r2_55420df78993194e846c,close_11bp,2018,0.3658839894248924,-0.12014696677407555,243
c,v12r2_55420df78993194e846c,close_11bp,2019,0.4244302008825127,-0.12314026026752767,244
c,v12r2_55420df78993194e846c,close_11bp,2020,0.7842520309356866,-0.14998942097999846,243
c,v12r2_55420df78993194e846c,close_11bp,2021,0.08627986335437532,-0.13752361351326892,243
c,v12r2_55420df78993194e846c,close_11bp,2022,0.25486407726451077,-0.18867487413127326,242
c,v12r2_55420df78993194e846c,close_11bp,2023,0.29896110101831064,-0.13870992527618864,242
c,v12r2_55420df78993194e846c,close_11bp,2024,0.7553190656511555,-0.17803894879104054,242
c,v12r2_55420df78993194e846c,close_11bp,2025,1.005646882004132,-0.12770300067694396,243
c,v12r2_55420df78993194e846c,close_11bp,2026,0.48265083263043995,-0.18576072246193287,178
c,v12r2_55420df78993194e846c,close_1bp,2014,0.6544316071773131,-0.05542589797766384,245
c,v12r2_55420df78993194e846c,close_1bp,2015,0.8754475312707564,-0.20164460479489132,244
c,v12r2_55420df78993194e846c,close_1bp,2016,0.20528119260768718,-0.13362062605828395,244
c,v12r2_55420df78993194e846c,close_1bp,2017,0.2616815883606358,-0.08769445095312833,244
c,v12r2_55420df78993194e846c,close_1bp,2018,0.4274001440652051,-0.10772738267075521,243
c,v12r2_55420df78993194e846c,close_1bp,2019,0.5005539907520646,-0.10898053264804941,244
c,v12r2_55420df78993194e846c,close_1bp,2020,0.925317005034844,-0.13799107867032334,243
c,v12r2_55420df78993194e846c,close_1bp,2021,0.15122730196182954,-0.11818435101107916,243
c,v12r2_55420df78993194e846c,close_1bp,2022,0.3009184638958462,-0.17785555007032516,242
c,v12r2_55420df78993194e846c,close_1bp,2023,0.3629104871757052,-0.12655236700629435,242
c,v12r2_55420df78993194e846c,close_1bp,2024,0.8752274550349126,-0.16309158584036432,242
c,v12r2_55420df78993194e846c,close_1bp,2025,1.1170667858511716,-0.1224471581749117,243
c,v12r2_55420df78993194e846c,close_1bp,2026,0.5712968410643964,-0.17261220410192968,178
c,v12r2_55420df78993194e846c,lag1_11bp,2014,0.6337418453823023,-0.05523694536673718,245
c,v12r2_55420df78993194e846c,lag1_11bp,2015,0.585798218528208,-0.24650629010854386,244
c,v12r2_55420df78993194e846c,lag1_11bp,2016,0.07309935006351309,-0.1397042692890338,244
c,v12r2_55420df78993194e846c,lag1_11bp,2017,0.08147478274390219,-0.10364477249833959,244
c,v12r2_55420df78993194e846c,lag1_11bp,2018,0.2695724313112111,-0.11140674527084704,243
c,v12r2_55420df78993194e846c,lag1_11bp,2019,0.6418618485581746,-0.07677098120337489,244
c,v12r2_55420df78993194e846c,lag1_11bp,2020,0.4377022019973331,-0.22337559590364253,243
c,v12r2_55420df78993194e846c,lag1_11bp,2021,0.12770878908313033,-0.11230530346773804,243
c,v12r2_55420df78993194e846c,lag1_11bp,2022,0.14384614450848332,-0.20736606362179788,242
c,v12r2_55420df78993194e846c,lag1_11bp,2023,0.2592737131085421,-0.11273339667346927,242
c,v12r2_55420df78993194e846c,lag1_11bp,2024,0.5972173225245001,-0.17814342714241105,242
c,v12r2_55420df78993194e846c,lag1_11bp,2025,0.7179407158403879,-0.18835861589013358,243
c,v12r2_55420df78993194e846c,lag1_11bp,2026,0.10579738722781529,-0.2969696328322913,178
c,v12r2_55420df78993194e846c,lag1_1bp,2014,0.6667856815048245,-0.05523694536673718,245
c,v12r2_55420df78993194e846c,lag1_1bp,2015,0.6873553112281305,-0.22508424523750004,244
c,v12r2_55420df78993194e846c,lag1_1bp,2016,0.11471271587109166,-0.13104771065396115,244
c,v12r2_55420df78993194e846c,lag1_1bp,2017,0.13471706109000103,-0.09462537218316014,244
c,v12r2_55420df78993194e846c,lag1_1bp,2018,0.32941029572312974,-0.1096256403305198,243
c,v12r2_55420df78993194e846c,lag1_1bp,2019,0.7296055275935152,-0.07306621358101506,244
c,v12r2_55420df78993194e846c,lag1_1bp,2020,0.5513685565093105,-0.21556096373531575,243
c,v12r2_55420df78993194e846c,lag1_1bp,2021,0.1951332160810615,-0.08478629184106734,243
c,v12r2_55420df78993194e846c,lag1_1bp,2022,0.18582609559672325,-0.19617762252510562,242
c,v12r2_55420df78993194e846c,lag1_1bp,2023,0.321269242377511,-0.10020916616456366,242
c,v12r2_55420df78993194e846c,lag1_1bp,2024,0.7063255526961487,-0.17484545062807377,242
c,v12r2_55420df78993194e846c,lag1_1bp,2025,0.813377649974369,-0.18510163126378731,243
c,v12r2_55420df78993194e846c,lag1_1bp,2026,0.17191175640841205,-0.2682432437967871,178
c4,v12r2_e4a678cf7dbb90a34118,close_11bp,2014,0.6216326891699722,-0.057315424086930467,245
c4,v12r2_e4a678cf7dbb90a34118,close_11bp,2015,0.7151612941483199,-0.21117899310552735,244
c4,v12r2_e4a678cf7dbb90a34118,close_11bp,2016,0.18998331856054418,-0.1388095483879941,244
c4,v12r2_e4a678cf7dbb90a34118,close_11bp,2017,0.1865377202891585,-0.10361433437553036,244
c4,v12r2_e4a678cf7dbb90a34118,close_11bp,2018,0.3712976906424621,-0.11764041915693657,243
c4,v12r2_e4a678cf7dbb90a34118,close_11bp,2019,0.4462686458786389,-0.10969681236562356,244
c4,v12r2_e4a678cf7dbb90a34118,close_11bp,2020,0.9182251931290071,-0.14998942097999823,243
c4,v12r2_e4a678cf7dbb90a34118,close_11bp,2021,0.0005967104789335043,-0.18674711622871742,243
c4,v12r2_e4a678cf7dbb90a34118,close_11bp,2022,0.21489324079345717,-0.21974190545906358,242
c4,v12r2_e4a678cf7dbb90a34118,close_11bp,2023,0.2539224845881123,-0.13914776461974898,242
c4,v12r2_e4a678cf7dbb90a34118,close_11bp,2024,0.6845833290108174,-0.17803894879103932,242
c4,v12r2_e4a678cf7dbb90a34118,close_11bp,2025,1.0571204081856025,-0.12770300067694362,243
c4,v12r2_e4a678cf7dbb90a34118,close_11bp,2026,0.660392392758572,-0.1510971246260564,178
c4,v12r2_e4a678cf7dbb90a34118,close_1bp,2014,0.6544316071773131,-0.05542589797766384,245
c4,v12r2_e4a678cf7dbb90a34118,close_1bp,2015,0.8177088388570974,-0.2016446047948911,244
c4,v12r2_e4a678cf7dbb90a34118,close_1bp,2016,0.2311887294736319,-0.13362062605828384,244
c4,v12r2_e4a678cf7dbb90a34118,close_1bp,2017,0.24744776550379233,-0.09277982447093358,244
c4,v12r2_e4a678cf7dbb90a34118,close_1bp,2018,0.43305766546359314,-0.10518545382770206,243
c4,v12r2_e4a678cf7dbb90a34118,close_1bp,2019,0.5235595165900087,-0.09531999693616566,244
c4,v12r2_e4a678cf7dbb90a34118,close_1bp,2020,1.065741643653808,-0.137991078670323,243
c4,v12r2_e4a678cf7dbb90a34118,close_1bp,2021,0.06042125074425253,-0.16529918311446912,243
c4,v12r2_e4a678cf7dbb90a34118,close_1bp,2022,0.26453476056483627,-0.20555291083802663,242
c4,v12r2_e4a678cf7dbb90a34118,close_1bp,2023,0.318291677346092,-0.1269963866803714,242
c4,v12r2_e4a678cf7dbb90a34118,close_1bp,2024,0.7996596577063517,-0.1630915858403642,242
c4,v12r2_e4a678cf7dbb90a34118,close_1bp,2025,1.1713998260324763,-0.1224471581749117,243
c4,v12r2_e4a678cf7dbb90a34118,close_1bp,2026,0.749126373215494,-0.140751851050396,178
c4,v12r2_e4a678cf7dbb90a34118,lag1_11bp,2014,0.6337418453823023,-0.05523694536673718,245
c4,v12r2_e4a678cf7dbb90a34118,lag1_11bp,2015,0.5835574794916192,-0.24650629010854497,244
c4,v12r2_e4a678cf7dbb90a34118,lag1_11bp,2016,0.04812325858910871,-0.1565208493874075,244
c4,v12r2_e4a678cf7dbb90a34118,lag1_11bp,2017,0.051128313848562534,-0.10839924333601958,244
c4,v12r2_e4a678cf7dbb90a34118,lag1_11bp,2018,0.24615220935688842,-0.11140674527084737,243
c4,v12r2_e4a678cf7dbb90a34118,lag1_11bp,2019,0.677532479619847,-0.07677098120337489,244
c4,v12r2_e4a678cf7dbb90a34118,lag1_11bp,2020,0.40771760102936416,-0.22337559590364253,243
c4,v12r2_e4a678cf7dbb90a34118,lag1_11bp,2021,0.2265721800039966,-0.08655284560070331,243
c4,v12r2_e4a678cf7dbb90a34118,lag1_11bp,2022,0.09518384918733602,-0.24288558617406142,242
c4,v12r2_e4a678cf7dbb90a34118,lag1_11bp,2023,0.13526731186839447,-0.14469834416528304,242
c4,v12r2_e4a678cf7dbb90a34118,lag1_11bp,2024,0.4756800044097822,-0.17814342714241127,242
c4,v12r2_e4a678cf7dbb90a34118,lag1_11bp,2025,0.7118112029923909,-0.18835861589013325,243
c4,v12r2_e4a678cf7dbb90a34118,lag1_11bp,2026,0.2345174360914264,-0.2007566177054294,178
c4,v12r2_e4a678cf7dbb90a34118,lag1_1bp,2014,0.6667856815048245,-0.05523694536673718,245
c4,v12r2_e4a678cf7dbb90a34118,lag1_1bp,2015,0.6849710716254598,-0.22508424523750048,244
c4,v12r2_e4a678cf7dbb90a34118,lag1_1bp,2016,0.084416498069118,-0.14803350432211626,244
c4,v12r2_e4a678cf7dbb90a34118,lag1_1bp,2017,0.10287659975995633,-0.0994276839598528,244
c4,v12r2_e4a678cf7dbb90a34118,lag1_1bp,2018,0.30488622492077555,-0.1096256403305198,243
c4,v12r2_e4a678cf7dbb90a34118,lag1_1bp,2019,0.7671824532716407,-0.07306621358101495,244
c4,v12r2_e4a678cf7dbb90a34118,lag1_1bp,2020,0.5159747048297829,-0.2155609637353152,243
c4,v12r2_e4a678cf7dbb90a34118,lag1_1bp,2021,0.2999075367990889,-0.08104906147536695,243
c4,v12r2_e4a678cf7dbb90a34118,lag1_1bp,2022,0.13993394646108492,-0.22911745942158435,242
c4,v12r2_e4a678cf7dbb90a34118,lag1_1bp,2023,0.1935454282014757,-0.13262531554889911,242
c4,v12r2_e4a678cf7dbb90a34118,lag1_1bp,2024,0.5764858442352361,-0.174845450628074,242
c4,v12r2_e4a678cf7dbb90a34118,lag1_1bp,2025,0.8069076236799224,-0.18510163126378754,243
c4,v12r2_e4a678cf7dbb90a34118,lag1_1bp,2026,0.3004919891703335,-0.19656219857198787,178
h,v12r2_2b63e64ab0b9e24b8cab,close_11bp,2014,0.5922893710725516,-0.057315424086930244,245
h,v12r2_2b63e64ab0b9e24b8cab,close_11bp,2015,0.9384696013137592,-0.22284993832217181,244
h,v12r2_2b63e64ab0b9e24b8cab,close_11bp,2016,0.12950405515788166,-0.13880954838799442,244
h,v12r2_2b63e64ab0b9e24b8cab,close_11bp,2017,0.19358407007826162,-0.09858969311570764,244
h,v12r2_2b63e64ab0b9e24b8cab,close_11bp,2018,0.24782914729011885,-0.1401622969745724,243
h,v12r2_2b63e64ab0b9e24b8cab,close_11bp,2019,0.47114674315766925,-0.12714327729195862,244
h,v12r2_2b63e64ab0b9e24b8cab,close_11bp,2020,0.7440176404653165,-0.17923009944649326,243
h,v12r2_2b63e64ab0b9e24b8cab,close_11bp,2021,0.13924704059745574,-0.10298356670704745,243
h,v12r2_2b63e64ab0b9e24b8cab,close_11bp,2022,0.2846641627026789,-0.18158295998693985,242
h,v12r2_2b63e64ab0b9e24b8cab,close_11bp,2023,0.3144972701700488,-0.1387099252761893,242
h,v12r2_2b63e64ab0b9e24b8cab,close_11bp,2024,0.8073783032041912,-0.172773471889209,242
h,v12r2_2b63e64ab0b9e24b8cab,close_11bp,2025,0.8857887453411659,-0.13532062664293332,243
h,v12r2_2b63e64ab0b9e24b8cab,close_11bp,2026,0.38090796700904583,-0.25541588409617944,178
h,v12r2_2b63e64ab0b9e24b8cab,close_1bp,2014,0.6244947951951385,-0.05542589797766395,245
h,v12r2_2b63e64ab0b9e24b8cab,close_1bp,2015,1.0257736452027109,-0.20235414559248033,244
h,v12r2_2b63e64ab0b9e24b8cab,close_1bp,2016,0.1733047204230731,-0.13362062605828384,244
h,v12r2_2b63e64ab0b9e24b8cab,close_1bp,2017,0.25485583450073257,-0.08769445095312822,244
h,v12r2_2b63e64ab0b9e24b8cab,close_1bp,2018,0.31188554303879856,-0.12277133876961177,243
h,v12r2_2b63e64ab0b9e24b8cab,close_1bp,2019,0.5435730314419251,-0.11482244975775568,244
h,v12r2_2b63e64ab0b9e24b8cab,close_1bp,2020,0.8519952046843613,-0.16764450455228241,243
h,v12r2_2b63e64ab0b9e24b8cab,close_1bp,2021,0.21463602882797983,-0.08853656179194613,243
h,v12r2_2b63e64ab0b9e24b8cab,close_1bp,2022,0.32914807595073925,-0.17003057694546098,242
h,v12r2_2b63e64ab0b9e24b8cab,close_1bp,2023,0.3847460713514106,-0.1265523670062948,242
h,v12r2_2b63e64ab0b9e24b8cab,close_1bp,2024,0.9308429345553906,-0.15773035623316567,242
h,v12r2_2b63e64ab0b9e24b8cab,close_1bp,2025,0.9865682613186952,-0.12311522665648267,243
h,v12r2_2b63e64ab0b9e24b8cab,close_1bp,2026,0.4547058602611418,-0.23883339122470149,178
h,v12r2_2b63e64ab0b9e24b8cab,lag1_11bp,2014,0.6635662202512742,-0.05523694536673718,245
h,v12r2_2b63e64ab0b9e24b8cab,lag1_11bp,2015,0.7166167151089149,-0.25994564136120935,244
h,v12r2_2b63e64ab0b9e24b8cab,lag1_11bp,2016,0.025856407072952114,-0.14041488417887926,244
h,v12r2_2b63e64ab0b9e24b8cab,lag1_11bp,2017,0.07560937550236946,-0.10364477249834003,244
h,v12r2_2b63e64ab0b9e24b8cab,lag1_11bp,2018,0.2680049043950117,-0.11140674527084704,243
h,v12r2_2b63e64ab0b9e24b8cab,lag1_11bp,2019,0.6290221071176973,-0.0852528575096192,244
h,v12r2_2b63e64ab0b9e24b8cab,lag1_11bp,2020,0.15746478460358282,-0.3085010626377639,243
h,v12r2_2b63e64ab0b9e24b8cab,lag1_11bp,2021,0.12855072867353035,-0.13334481869903692,243
h,v12r2_2b63e64ab0b9e24b8cab,lag1_11bp,2022,0.1741293311916412,-0.19133783462956544,242
h,v12r2_2b63e64ab0b9e24b8cab,lag1_11bp,2023,0.24223219025507325,-0.11273339667346871,242
h,v12r2_2b63e64ab0b9e24b8cab,lag1_11bp,2024,0.6339651749360293,-0.14934128303548355,242
h,v12r2_2b63e64ab0b9e24b8cab,lag1_11bp,2025,0.7774605007003097,-0.18835861589013358,243
h,v12r2_2b63e64ab0b9e24b8cab,lag1_11bp,2026,-0.10783075787133412,-0.3729659278014609,178
h,v12r2_2b63e64ab0b9e24b8cab,lag1_1bp,2014,0.6972132800461401,-0.05523694536673718,245
h,v12r2_2b63e64ab0b9e24b8cab,lag1_1bp,2015,0.8011277794607892,-0.244977404477434,244
h,v12r2_2b63e64ab0b9e24b8cab,lag1_1bp,2016,0.06563775437416042,-0.13104771065396026,244
h,v12r2_2b63e64ab0b9e24b8cab,lag1_1bp,2017,0.128562892936102,-0.09462537218316125,244
h,v12r2_2b63e64ab0b9e24b8cab,lag1_1bp,2018,0.3357690804395228,-0.10962564033051991,243
h,v12r2_2b63e64ab0b9e24b8cab,lag1_1bp,2019,0.7092207856657635,-0.07636557148525525,244
h,v12r2_2b63e64ab0b9e24b8cab,lag1_1bp,2020,0.2291270345779972,-0.2931008197981425,243
h,v12r2_2b63e64ab0b9e24b8cab,lag1_1bp,2021,0.20323189489091176,-0.11298004358577052,243
h,v12r2_2b63e64ab0b9e24b8cab,lag1_1bp,2022,0.21478576796874416,-0.179923146727464,242
h,v12r2_2b63e64ab0b9e24b8cab,lag1_1bp,2023,0.3086190319280342,-0.1002091661645631,242
h,v12r2_2b63e64ab0b9e24b8cab,lag1_1bp,2024,0.7455837041651019,-0.14592772820983935,242
h,v12r2_2b63e64ab0b9e24b8cab,lag1_1bp,2025,0.8724507849367078,-0.18510163126378754,243
h,v12r2_2b63e64ab0b9e24b8cab,lag1_1bp,2026,-0.060151830624633584,-0.3512536935218217,178
highest_2021,v12r2_7743224871bb70b78781,close_11bp,2014,0.5904874829077909,-0.057315424086930356,245
highest_2021,v12r2_7743224871bb70b78781,close_11bp,2015,1.0118883317701086,-0.19779131608888112,244
highest_2021,v12r2_7743224871bb70b78781,close_11bp,2016,0.12630897046312062,-0.13880954838799453,244
highest_2021,v12r2_7743224871bb70b78781,close_11bp,2017,0.22774864290872876,-0.09858969311570787,244
highest_2021,v12r2_7743224871bb70b78781,close_11bp,2018,0.2551203936689761,-0.14500720260996525,243
highest_2021,v12r2_7743224871bb70b78781,close_11bp,2019,0.5179039248592727,-0.1173051116169147,244
highest_2021,v12r2_7743224871bb70b78781,close_11bp,2020,0.5206180535823892,-0.22665976149906086,243
highest_2021,v12r2_7743224871bb70b78781,close_11bp,2021,0.14987960467542116,-0.09952000113014814,243
highest_2021,v12r2_7743224871bb70b78781,close_11bp,2022,0.23033512980709214,-0.200550553853462,242
highest_2021,v12r2_7743224871bb70b78781,close_11bp,2023,0.24597874467219438,-0.13870992527618808,242
highest_2021,v12r2_7743224871bb70b78781,close_11bp,2024,0.7475132992235569,-0.17277347188920844,242
highest_2021,v12r2_7743224871bb70b78781,close_11bp,2025,0.754747024771496,-0.1277030006769444,243
highest_2021,v12r2_7743224871bb70b78781,close_11bp,2026,0.2956127626600602,-0.2554158840961789,178
highest_2021,v12r2_7743224871bb70b78781,close_1bp,2014,0.6226564622901047,-0.05542589797766384,245
highest_2021,v12r2_7743224871bb70b78781,close_1bp,2015,1.1067132493874858,-0.19134013275892037,244
highest_2021,v12r2_7743224871bb70b78781,close_1bp,2016,0.1699857345926148,-0.13362062605828362,244
highest_2021,v12r2_7743224871bb70b78781,close_1bp,2017,0.2856152561199312,-0.08769445095312822,244
highest_2021,v12r2_7743224871bb70b78781,close_1bp,2018,0.31691145012620137,-0.12945915730537838,243
highest_2021,v12r2_7743224871bb70b78781,close_1bp,2019,0.5894462228849489,-0.10484541324700558,244
highest_2021,v12r2_7743224871bb70b78781,close_1bp,2020,0.6277498275614837,-0.2157436610029021,243
highest_2021,v12r2_7743224871bb70b78781,close_1bp,2021,0.2259721964436927,-0.09409434787906157,243
highest_2021,v12r2_7743224871bb70b78781,close_1bp,2022,0.28060761764467057,-0.1860125644746542,242
highest_2021,v12r2_7743224871bb70b78781,close_1bp,2023,0.3178329208243911,-0.12655236700629402,242
highest_2021,v12r2_7743224871bb70b78781,close_1bp,2024,0.8781370100373493,-0.157730356233165,242
highest_2021,v12r2_7743224871bb70b78781,close_1bp,2025,0.8746163372137008,-0.12244715817491147,243
highest_2021,v12r2_7743224871bb70b78781,close_1bp,2026,0.3703292761409547,-0.23883339122470126,178
highest_2021,v12r2_7743224871bb70b78781,lag1_11bp,2014,0.6250415288349296,-0.05523694536673718,245
highest_2021,v12r2_7743224871bb70b78781,lag1_11bp,2015,0.6032449380920009,-0.25750676793750926,244
highest_2021,v12r2_7743224871bb70b78781,lag1_11bp,2016,0.05671717133791576,-0.1397042692890339,244
highest_2021,v12r2_7743224871bb70b78781,lag1_11bp,2017,0.09551020910386487,-0.10364477249834003,244
highest_2021,v12r2_7743224871bb70b78781,lag1_11bp,2018,0.2768005410779528,-0.1114067452708466,243
highest_2021,v12r2_7743224871bb70b78781,lag1_11bp,2019,0.6445430966427768,-0.08015299316740587,244
highest_2021,v12r2_7743224871bb70b78781,lag1_11bp,2020,0.12504636291931037,-0.29402348205796847,243
highest_2021,v12r2_7743224871bb70b78781,lag1_11bp,2021,0.12471368093006507,-0.13406494318706175,243
highest_2021,v12r2_7743224871bb70b78781,lag1_11bp,2022,0.18054476206020897,-0.2025707879821882,242
highest_2021,v12r2_7743224871bb70b78781,lag1_11bp,2023,0.22257212635725332,-0.11273339667346882,242
highest_2021,v12r2_7743224871bb70b78781,lag1_11bp,2024,0.5434410826862865,-0.1549854250455639,242
highest_2021,v12r2_7743224871bb70b78781,lag1_11bp,2025,0.8162933867267681,-0.18835861589013358,243
highest_2021,v12r2_7743224871bb70b78781,lag1_11bp,2026,-0.10396002944255134,-0.40020409233220344,178
highest_2021,v12r2_7743224871bb70b78781,lag1_1bp,2014,0.65790939356086,-0.05523694536673718,245
highest_2021,v12r2_7743224871bb70b78781,lag1_1bp,2015,0.6788095540671348,-0.24097084074699893,244
highest_2021,v12r2_7743224871bb70b78781,lag1_1bp,2016,0.09769525803923851,-0.13104771065396092,244
highest_2021,v12r2_7743224871bb70b78781,lag1_1bp,2017,0.14484937403664255,-0.09462537218316125,244
highest_2021,v12r2_7743224871bb70b78781,lag1_1bp,2018,0.34234416211696495,-0.1096256403305198,243
highest_2021,v12r2_7743224871bb70b78781,lag1_1bp,2019,0.7220541896765424,-0.0763655714852558,244
highest_2021,v12r2_7743224871bb70b78781,lag1_1bp,2020,0.20430901035686144,-0.27540475049339797,243
highest_2021,v12r2_7743224871bb70b78781,lag1_1bp,2021,0.19914093281906453,-0.10874830055953655,243
highest_2021,v12r2_7743224871bb70b78781,lag1_1bp,2022,0.22878277522796497,-0.1896937223280717,242
highest_2021,v12r2_7743224871bb70b78781,lag1_1bp,2023,0.29307646947038624,-0.10020916616456366,242
highest_2021,v12r2_7743224871bb70b78781,lag1_1bp,2024,0.6588107349415855,-0.1515945192421546,242
highest_2021,v12r2_7743224871bb70b78781,lag1_1bp,2025,0.9403670203541614,-0.18510163126378731,243
highest_2021,v12r2_7743224871bb70b78781,lag1_1bp,2026,-0.052286424126928965,-0.3769448046304712,178
highest_cagr,v12r2_08b522c2e1aa291f054d,close_11bp,2014,0.6216326891699722,-0.057315424086930467,245
highest_cagr,v12r2_08b522c2e1aa291f054d,close_11bp,2015,0.8405256249259452,-0.21117899310552724,244
highest_cagr,v12r2_08b522c2e1aa291f054d,close_11bp,2016,0.18998331856054418,-0.13880954838799486,244
highest_cagr,v12r2_08b522c2e1aa291f054d,close_11bp,2017,0.18653772028915805,-0.10361433437553036,244
highest_cagr,v12r2_08b522c2e1aa291f054d,close_11bp,2018,0.3672850122922462,-0.1176404191569369,243
highest_cagr,v12r2_08b522c2e1aa291f054d,close_11bp,2019,0.44626864587863646,-0.10969681236562379,244
highest_cagr,v12r2_08b522c2e1aa291f054d,close_11bp,2020,1.0734174085393193,-0.13975449496362324,243
highest_cagr,v12r2_08b522c2e1aa291f054d,close_11bp,2021,0.016517588672774863,-0.20208432874484983,243
highest_cagr,v12r2_08b522c2e1aa291f054d,close_11bp,2022,0.21489324079345762,-0.2197419054590639,242
highest_cagr,v12r2_08b522c2e1aa291f054d,close_11bp,2023,0.2539224845881116,-0.13914776461974887,242
highest_cagr,v12r2_08b522c2e1aa291f054d,close_11bp,2024,0.6845833290108185,-0.178038948791039,242
highest_cagr,v12r2_08b522c2e1aa291f054d,close_11bp,2025,0.9127380501889379,-0.12770300067694396,243
highest_cagr,v12r2_08b522c2e1aa291f054d,close_11bp,2026,0.6603923927585738,-0.15109712462605596,178
highest_cagr,v12r2_08b522c2e1aa291f054d,close_1bp,2014,0.6544316071773131,-0.05542589797766384,245
highest_cagr,v12r2_08b522c2e1aa291f054d,close_1bp,2015,0.9350076604448976,-0.20164460479489144,244
highest_cagr,v12r2_08b522c2e1aa291f054d,close_1bp,2016,0.23118872947363345,-0.13362062605828384,244
highest_cagr,v12r2_08b522c2e1aa291f054d,close_1bp,2017,0.247447765503795,-0.0927798244709338,244
highest_cagr,v12r2_08b522c2e1aa291f054d,close_1bp,2018,0.42600596546703384,-0.10518545382770172,243
highest_cagr,v12r2_08b522c2e1aa291f054d,close_1bp,2019,0.5235595165900102,-0.09531999693616588,244
highest_cagr,v12r2_08b522c2e1aa291f054d,close_1bp,2020,1.192989030725713,-0.1310984417146419,243
highest_cagr,v12r2_08b522c2e1aa291f054d,close_1bp,2021,0.070841887098126,-0.17939935461892287,243
highest_cagr,v12r2_08b522c2e1aa291f054d,close_1bp,2022,0.26453476056483605,-0.2055529108380264,242
highest_cagr,v12r2_08b522c2e1aa291f054d,close_1bp,2023,0.3182916773460891,-0.12699638668037216,242
highest_cagr,v12r2_08b522c2e1aa291f054d,close_1bp,2024,0.7996596577063537,-0.16309158584036432,242
highest_cagr,v12r2_08b522c2e1aa291f054d,close_1bp,2025,1.0230434766490366,-0.12244715817491181,243
highest_cagr,v12r2_08b522c2e1aa291f054d,close_1bp,2026,0.7491263732154936,-0.14075185105039612,178
highest_cagr,v12r2_08b522c2e1aa291f054d,lag1_11bp,2014,0.6337418453823023,-0.05523694536673718,245
highest_cagr,v12r2_08b522c2e1aa291f054d,lag1_11bp,2015,0.5400679073921613,-0.28389854729863684,244
highest_cagr,v12r2_08b522c2e1aa291f054d,lag1_11bp,2016,0.048123258589108264,-0.1565208493874075,244
highest_cagr,v12r2_08b522c2e1aa291f054d,lag1_11bp,2017,0.05112831384856409,-0.10839924333602002,244
highest_cagr,v12r2_08b522c2e1aa291f054d,lag1_11bp,2018,0.2628244909400792,-0.11140674527084704,243
highest_cagr,v12r2_08b522c2e1aa291f054d,lag1_11bp,2019,0.6775324796198468,-0.07677098120337489,244
highest_cagr,v12r2_08b522c2e1aa291f054d,lag1_11bp,2020,0.4996299370412667,-0.21040336166816032,243
highest_cagr,v12r2_08b522c2e1aa291f054d,lag1_11bp,2021,0.21818467364193594,-0.10195802426137934,243
highest_cagr,v12r2_08b522c2e1aa291f054d,lag1_11bp,2022,0.09518384918733491,-0.24288558617406197,242
highest_cagr,v12r2_08b522c2e1aa291f054d,lag1_11bp,2023,0.13526731186839291,-0.1446983441652836,242
highest_cagr,v12r2_08b522c2e1aa291f054d,lag1_11bp,2024,0.47568000440978064,-0.17814342714241138,242
highest_cagr,v12r2_08b522c2e1aa291f054d,lag1_11bp,2025,0.5372606609274633,-0.18835861589013336,243
highest_cagr,v12r2_08b522c2e1aa291f054d,lag1_11bp,2026,0.2345174360914284,-0.20075661770542907,178
highest_cagr,v12r2_08b522c2e1aa291f054d,lag1_1bp,2014,0.6667856815048245,-0.05523694536673718,245
highest_cagr,v12r2_08b522c2e1aa291f054d,lag1_1bp,2015,0.6256234554296567,-0.2650127906452676,244
highest_cagr,v12r2_08b522c2e1aa291f054d,lag1_1bp,2016,0.08441649806911666,-0.14803350432211781,244
highest_cagr,v12r2_08b522c2e1aa291f054d,lag1_1bp,2017,0.10287659975995611,-0.09942768395985169,244
highest_cagr,v12r2_08b522c2e1aa291f054d,lag1_1bp,2018,0.3196990917624789,-0.10962564033051958,243
highest_cagr,v12r2_08b522c2e1aa291f054d,lag1_1bp,2019,0.7671824532716414,-0.07306621358101517,244
highest_cagr,v12r2_08b522c2e1aa291f054d,lag1_1bp,2020,0.5861118887760208,-0.2056458128351053,243
highest_cagr,v12r2_08b522c2e1aa291f054d,lag1_1bp,2021,0.28328637821206937,-0.09473617097098075,243
highest_cagr,v12r2_08b522c2e1aa291f054d,lag1_1bp,2022,0.13993394646108515,-0.22911745942158446,242
highest_cagr,v12r2_08b522c2e1aa291f054d,lag1_1bp,2023,0.19354542820147258,-0.13262531554890056,242
highest_cagr,v12r2_08b522c2e1aa291f054d,lag1_1bp,2024,0.5764858442352345,-0.174845450628074,242
highest_cagr,v12r2_08b522c2e1aa291f054d,lag1_1bp,2025,0.625912733681071,-0.18510163126378731,243
highest_cagr,v12r2_08b522c2e1aa291f054d,lag1_1bp,2026,0.3004919891703366,-0.19656219857198787,178
main_three_gates_1,v12r2_9a8799a5f7dd7581608e,close_11bp,2014,0.6235809298405448,-0.057315424086930244,245
main_three_gates_1,v12r2_9a8799a5f7dd7581608e,close_11bp,2015,0.9409325999206537,-0.21117899310552735,244
main_three_gates_1,v12r2_9a8799a5f7dd7581608e,close_11bp,2016,0.12630897046311884,-0.13880954838799442,244
main_three_gates_1,v12r2_9a8799a5f7dd7581608e,close_11bp,2017,0.22774864290872987,-0.09858969311570787,244
main_three_gates_1,v12r2_9a8799a5f7dd7581608e,close_11bp,2018,0.2551203936689761,-0.1450072026099649,243
main_three_gates_1,v12r2_9a8799a5f7dd7581608e,close_11bp,2019,0.44427111919437157,-0.12099602612600358,244
main_three_gates_1,v12r2_9a8799a5f7dd7581608e,close_11bp,2020,1.0101597744247672,-0.13975449496362324,243
main_three_gates_1,v12r2_9a8799a5f7dd7581608e,close_11bp,2021,0.11777788455603999,-0.11218725674093999,243
main_three_gates_1,v12r2_9a8799a5f7dd7581608e,close_11bp,2022,0.25661435647168984,-0.20055055385346088,242
main_three_gates_1,v12r2_9a8799a5f7dd7581608e,close_11bp,2023,0.251513487329744,-0.13870992527618842,242
main_three_gates_1,v12r2_9a8799a5f7dd7581608e,close_11bp,2024,0.8798173806456424,-0.17803894879104032,242
main_three_gates_1,v12r2_9a8799a5f7dd7581608e,close_11bp,2025,0.8950960364798863,-0.12770300067694396,243
main_three_gates_1,v12r2_9a8799a5f7dd7581608e,close_11bp,2026,0.3770540291621398,-0.21556830145230066,178
main_three_gates_1,v12r2_9a8799a5f7dd7581608e,close_1bp,2014,0.6564192526936563,-0.05542589797766395,245
main_three_gates_1,v12r2_9a8799a5f7dd7581608e,close_1bp,2015,1.040568953993672,-0.20164460479489144,244
main_three_gates_1,v12r2_9a8799a5f7dd7581608e,close_1bp,2016,0.16998573459261457,-0.13362062605828406,244
main_three_gates_1,v12r2_9a8799a5f7dd7581608e,close_1bp,2017,0.28561525611993166,-0.08769445095312822,244
main_three_gates_1,v12r2_9a8799a5f7dd7581608e,close_1bp,2018,0.31691145012620225,-0.12945915730537794,243
main_three_gates_1,v12r2_9a8799a5f7dd7581608e,close_1bp,2019,0.518411719756894,-0.10858842693792659,244
main_three_gates_1,v12r2_9a8799a5f7dd7581608e,close_1bp,2020,1.1303449430400452,-0.13109844171464213,243
main_three_gates_1,v12r2_9a8799a5f7dd7581608e,close_1bp,2021,0.18698299493558435,-0.10152354124617957,243
main_three_gates_1,v12r2_9a8799a5f7dd7581608e,close_1bp,2022,0.3079606347512911,-0.1860125644746543,242
main_three_gates_1,v12r2_9a8799a5f7dd7581608e,close_1bp,2023,0.31839633611333173,-0.12655236700629402,242
main_three_gates_1,v12r2_9a8799a5f7dd7581608e,close_1bp,2024,1.0082304303638674,-0.1630915858403652,242
main_three_gates_1,v12r2_9a8799a5f7dd7581608e,close_1bp,2025,1.0003744980376417,-0.12244715817491125,243
main_three_gates_1,v12r2_9a8799a5f7dd7581608e,close_1bp,2026,0.46817975194027794,-0.19488046998083186,178
main_three_gates_1,v12r2_9a8799a5f7dd7581608e,lag1_11bp,2014,0.6280490094087405,-0.05523694536673718,245
main_three_gates_1,v12r2_9a8799a5f7dd7581608e,lag1_11bp,2015,0.5869611661837424,-0.2626077873471647,244
main_three_gates_1,v12r2_9a8799a5f7dd7581608e,lag1_11bp,2016,0.05671717133791532,-0.139704269289034,244
main_three_gates_1,v12r2_9a8799a5f7dd7581608e,lag1_11bp,2017,0.0955102091038631,-0.10364477249833981,244
main_three_gates_1,v12r2_9a8799a5f7dd7581608e,lag1_11bp,2018,0.27680054107795393,-0.11140674527084671,243
main_three_gates_1,v12r2_9a8799a5f7dd7581608e,lag1_11bp,2019,0.5520932354937462,-0.0802466349199713,244
main_three_gates_1,v12r2_9a8799a5f7dd7581608e,lag1_11bp,2020,0.4040066771577213,-0.21040336166815943,243
main_three_gates_1,v12r2_9a8799a5f7dd7581608e,lag1_11bp,2021,0.07932399567885762,-0.132625727568765,243
main_three_gates_1,v12r2_9a8799a5f7dd7581608e,lag1_11bp,2022,0.16777451599899895,-0.20257078798218975,242
main_three_gates_1,v12r2_9a8799a5f7dd7581608e,lag1_11bp,2023,0.23400448520091865,-0.11273339667346827,242
main_three_gates_1,v12r2_9a8799a5f7dd7581608e,lag1_11bp,2024,0.6523927688771398,-0.154985425045564,242
main_three_gates_1,v12r2_9a8799a5f7dd7581608e,lag1_11bp,2025,0.6365019784779626,-0.18835861589013358,243
main_three_gates_1,v12r2_9a8799a5f7dd7581608e,lag1_11bp,2026,-0.0813412317856761,-0.38859134811880724,178
main_three_gates_1,v12r2_9a8799a5f7dd7581608e,lag1_1bp,2014,0.660977703019908,-0.05523694536673718,245
main_three_gates_1,v12r2_9a8799a5f7dd7581608e,lag1_1bp,2015,0.6751217801640557,-0.24316052909385888,244
main_three_gates_1,v12r2_9a8799a5f7dd7581608e,lag1_1bp,2016,0.0976952580392374,-0.13104771065396192,244
main_three_gates_1,v12r2_9a8799a5f7dd7581608e,lag1_1bp,2017,0.144849374036643,-0.09462537218316103,244
main_three_gates_1,v12r2_9a8799a5f7dd7581608e,lag1_1bp,2018,0.34234416211696495,-0.10962564033051991,243
main_three_gates_1,v12r2_9a8799a5f7dd7581608e,lag1_1bp,2019,0.6317688054606341,-0.07306621358101495,244
main_three_gates_1,v12r2_9a8799a5f7dd7581608e,lag1_1bp,2020,0.48795064090530404,-0.20564581283510575,243
main_three_gates_1,v12r2_9a8799a5f7dd7581608e,lag1_1bp,2021,0.14614830602555284,-0.10617802369838092,243
main_three_gates_1,v12r2_9a8799a5f7dd7581608e,lag1_1bp,2022,0.21549072659098045,-0.18969372232807213,242
main_three_gates_1,v12r2_9a8799a5f7dd7581608e,lag1_1bp,2023,0.29995162537761577,-0.10020916616456332,242
main_three_gates_1,v12r2_9a8799a5f7dd7581608e,lag1_1bp,2024,0.7652701137557105,-0.1515945192421544,242
main_three_gates_1,v12r2_9a8799a5f7dd7581608e,lag1_1bp,2025,0.727414738208281,-0.18510163126378731,243
main_three_gates_1,v12r2_9a8799a5f7dd7581608e,lag1_1bp,2026,-0.02054953990780306,-0.35977425418289244,178
simple,v12r2_c03a5dc306d9bf5b3e82,close_11bp,2014,0.6712699044953281,-0.057315424086930356,245
simple,v12r2_c03a5dc306d9bf5b3e82,close_11bp,2015,0.8343198635303666,-0.21644365720937309,244
simple,v12r2_c03a5dc306d9bf5b3e82,close_11bp,2016,0.09205751743995871,-0.13880954838799442,244
simple,v12r2_c03a5dc306d9bf5b3e82,close_11bp,2017,0.14969879652331985,-0.1128297467627355,244
simple,v12r2_c03a5dc306d9bf5b3e82,close_11bp,2018,0.2527629532542608,-0.1408398874107708,243
simple,v12r2_c03a5dc306d9bf5b3e82,close_11bp,2019,0.28835602365902746,-0.1270362162828762,244
simple,v12r2_c03a5dc306d9bf5b3e82,close_11bp,2020,0.7398478667821529,-0.22772525646887387,243
simple,v12r2_c03a5dc306d9bf5b3e82,close_11bp,2021,0.17695950239094338,-0.10682889788400252,243
simple,v12r2_c03a5dc306d9bf5b3e82,close_11bp,2022,0.220983368691146,-0.1987539513083747,242
simple,v12r2_c03a5dc306d9bf5b3e82,close_11bp,2023,0.2275479314244273,-0.14038500654411723,242
simple,v12r2_c03a5dc306d9bf5b3e82,close_11bp,2024,0.6649908843259427,-0.1407875533932662,242
simple,v12r2_c03a5dc306d9bf5b3e82,close_11bp,2025,0.9273653949043283,-0.1277030006769445,243
simple,v12r2_c03a5dc306d9bf5b3e82,close_11bp,2026,0.6571115285120666,-0.15034088819779756,178
simple,v12r2_c03a5dc306d9bf5b3e82,close_1bp,2014,0.6948607501870516,-0.05542589797766373,245
simple,v12r2_c03a5dc306d9bf5b3e82,close_1bp,2015,0.9054523485930748,-0.20855927375480898,244
simple,v12r2_c03a5dc306d9bf5b3e82,close_1bp,2016,0.13213678980344268,-0.1336206260582835,244
simple,v12r2_c03a5dc306d9bf5b3e82,close_1bp,2017,0.2014784860901384,-0.10390276846645397,244
simple,v12r2_c03a5dc306d9bf5b3e82,close_1bp,2018,0.30656551384389563,-0.13045531846187175,243
simple,v12r2_c03a5dc306d9bf5b3e82,close_1bp,2019,0.332967774537551,-0.1193828191959524,244
simple,v12r2_c03a5dc306d9bf5b3e82,close_1bp,2020,0.84756726732486,-0.21682419598950087,243
simple,v12r2_c03a5dc306d9bf5b3e82,close_1bp,2021,0.22750652309780794,-0.10144728285640059,243
simple,v12r2_c03a5dc306d9bf5b3e82,close_1bp,2022,0.2657943096933839,-0.18806903551205278,242
simple,v12r2_c03a5dc306d9bf5b3e82,close_1bp,2023,0.2751506078342838,-0.13173529769540637,242
simple,v12r2_c03a5dc306d9bf5b3e82,close_1bp,2024,0.7469603481742706,-0.13733967384430457,242
simple,v12r2_c03a5dc306d9bf5b3e82,close_1bp,2025,1.0263052864402962,-0.12244715817491147,243
simple,v12r2_c03a5dc306d9bf5b3e82,close_1bp,2026,0.7526752643965555,-0.14693134462479518,178
simple,v12r2_c03a5dc306d9bf5b3e82,lag1_11bp,2014,0.6213082828043448,-0.05523694536673718,245
simple,v12r2_c03a5dc306d9bf5b3e82,lag1_11bp,2015,0.5113367458197966,-0.28306892021958363,244
simple,v12r2_c03a5dc306d9bf5b3e82,lag1_11bp,2016,-0.0033035017920430843,-0.1397042692890338,244
simple,v12r2_c03a5dc306d9bf5b3e82,lag1_11bp,2017,0.039796389068760485,-0.120585267870148,244
simple,v12r2_c03a5dc306d9bf5b3e82,lag1_11bp,2018,0.20495392898187337,-0.11140674527084726,243
simple,v12r2_c03a5dc306d9bf5b3e82,lag1_11bp,2019,0.2692340012012968,-0.12737442610740712,244
simple,v12r2_c03a5dc306d9bf5b3e82,lag1_11bp,2020,0.7820249876870222,-0.21121541778904718,243
simple,v12r2_c03a5dc306d9bf5b3e82,lag1_11bp,2021,-0.021946248677573887,-0.19613737052266045,243
simple,v12r2_c03a5dc306d9bf5b3e82,lag1_11bp,2022,0.1403925272384392,-0.20819876880471588,242
simple,v12r2_c03a5dc306d9bf5b3e82,lag1_11bp,2023,0.28854085369179816,-0.10138449565805752,242
simple,v12r2_c03a5dc306d9bf5b3e82,lag1_11bp,2024,0.39326720971892626,-0.17814342714241116,242
simple,v12r2_c03a5dc306d9bf5b3e82,lag1_11bp,2025,0.778525928877398,-0.18835861589013347,243
simple,v12r2_c03a5dc306d9bf5b3e82,lag1_11bp,2026,-0.12447066776514171,-0.38387390812323563,178
simple,v12r2_c03a5dc306d9bf5b3e82,lag1_1bp,2014,0.6441938941681791,-0.05523694536673707,245
simple,v12r2_c03a5dc306d9bf5b3e82,lag1_1bp,2015,0.5699443750747326,-0.27585494052879045,244
simple,v12r2_c03a5dc306d9bf5b3e82,lag1_1bp,2016,0.0332759546719843,-0.13104771065396215,244
simple,v12r2_c03a5dc306d9bf5b3e82,lag1_1bp,2017,0.08445264912053818,-0.11351321071866094,244
simple,v12r2_c03a5dc306d9bf5b3e82,lag1_1bp,2018,0.2592221778255521,-0.10962564033051969,243
simple,v12r2_c03a5dc306d9bf5b3e82,lag1_1bp,2019,0.31318361608129597,-0.12387272186417086,244
simple,v12r2_c03a5dc306d9bf5b3e82,lag1_1bp,2020,0.8923557051541791,-0.20008131233253268,243
simple,v12r2_c03a5dc306d9bf5b3e82,lag1_1bp,2021,0.020058342916350114,-0.1815191273983543,243
simple,v12r2_c03a5dc306d9bf5b3e82,lag1_1bp,2022,0.18224572816472095,-0.19702208177564828,242
simple,v12r2_c03a5dc306d9bf5b3e82,lag1_1bp,2023,0.338508754519913,-0.09234235174634409,242
simple,v12r2_c03a5dc306d9bf5b3e82,lag1_1bp,2024,0.46185939677125587,-0.17484545062807388,242
simple,v12r2_c03a5dc306d9bf5b3e82,lag1_1bp,2025,0.8698252553892634,-0.1851016312637871,243
simple,v12r2_c03a5dc306d9bf5b3e82,lag1_1bp,2026,-0.07397988761834973,-0.3513861325943578,178
