2017-08-03,0.508,0.5,2528154.0
2017-08-04,0.5,0.5,129093.0
2017-08-07,0.5,0.498,80293.0
2017-08-08,0.497,0.497,49000.0
2017-08-09,0.499,0.49,55734.0
2017-08-10,0.49,0.488,70530.0
2017-08-11,0.485,0.482,62864.0
2017-08-14,0.478,0.482,53789.0
2017-08-15,0.482,0.487,42921.0
2017-08-16,0.485,0.484,16429.0
2017-08-17,0.484,0.485,25952.0
2017-08-18,0.481,0.485,26708.0
2017-08-21,0.485,0.485,23677.0
2017-08-22,0.484,0.488,33074.0
2017-08-23,0.488,0.494,92123.0
2017-08-24,0.495,0.495,102118.0
2017-08-25,0.497,0.509,862925.0
2017-08-28,0.51,0.513,777125.0
2017-08-29,0.512,0.513,181225.0
2017-08-30,0.513,0.509,168203.0
2017-08-31,0.509,0.505,264945.0
2017-09-01,0.504,0.502,160435.0
2017-09-04,0.501,0.505,199197.0
2017-09-05,0.505,0.509,157958.0
2017-09-06,0.507,0.506,58849.0
2017-09-07,0.506,0.501,70107.0
2017-09-08,0.501,0.502,62172.0
2017-09-11,0.502,0.502,87592.0
2017-09-12,0.502,0.502,125543.0
2017-09-13,0.502,0.501,62013.0
2017-09-14,0.5,0.496,115423.0
2017-09-15,0.495,0.496,94257.0
2017-09-18,0.494,0.496,84705.0
2017-09-19,0.495,0.494,155125.0
2017-09-20,0.495,0.495,75296.0
2017-09-21,0.495,0.497,79639.0
2017-09-22,0.496,0.497,72293.0
2017-09-25,0.496,0.499,86116.0
2017-09-26,0.498,0.497,64101.0
2017-09-27,0.496,0.493,185703.0
2017-09-28,0.493,0.491,94060.0
2017-09-29,0.491,0.494,83278.0
2017-10-09,0.509,0.5,221242.0
2017-10-10,0.5,0.501,103971.0
2017-10-11,0.501,0.502,63929.0
2017-10-12,0.503,0.503,102484.0
2017-10-13,0.503,0.502,38624.0
2017-10-16,0.502,0.505,155295.0
2017-10-17,0.503,0.504,59833.0
2017-10-18,0.504,0.506,80493.0
2017-10-19,0.506,0.506,121842.0
2017-10-20,0.505,0.504,30161.0
2017-10-23,0.504,0.501,102411.0
2017-10-24,0.5,0.502,47586.0
2017-10-25,0.501,0.501,25925.0
2017-10-26,0.501,0.497,66293.0
2017-10-27,0.498,0.505,162558.0
2017-10-30,0.505,0.503,50087.0
2017-10-31,0.502,0.5,34059.0
2017-11-01,0.5,0.497,100456.0
2017-11-02,0.496,0.496,68539.0
2017-11-03,0.495,0.497,46525.0
2017-11-06,0.495,0.492,42635.0
2017-11-07,0.492,0.498,66209.0
2017-11-08,0.498,0.498,83374.0
2017-11-09,0.499,0.498,37240.0
2017-11-10,0.5,0.496,93543.0
2017-11-13,0.495,0.503,199039.0
2017-11-14,0.502,0.5,54614.0
2017-11-15,0.5,0.5,33943.0
2017-11-16,0.5,0.497,99271.0
2017-11-17,0.497,0.511,275199.0
2017-11-20,0.507,0.519,198579.0
2017-11-21,0.514,0.522,132985.0
2017-11-22,0.523,0.533,124432.0
2017-11-23,0.532,0.524,144769.0
2017-11-24,0.525,0.529,65299.0
2017-11-27,0.529,0.523,152290.0
2017-11-28,0.521,0.517,80983.0
2017-11-29,0.518,0.517,59517.0
2017-11-30,0.515,0.515,70940.0
2017-12-01,0.513,0.513,88227.0
2017-12-04,0.511,0.513,53180.0
2017-12-05,0.513,0.522,293255.0
2017-12-06,0.52,0.516,58503.0
2017-12-07,0.515,0.512,77523.0
2017-12-08,0.511,0.511,146029.0
2017-12-11,0.511,0.513,84559.0
2017-12-12,0.512,0.506,47010.0
2017-12-13,0.506,0.508,48030.0
2017-12-14,0.507,0.506,60806.0
2017-12-15,0.506,0.5,75460.0
2017-12-18,0.499,0.502,68850.0
2017-12-19,0.501,0.509,59925.0
2017-12-20,0.508,0.508,22730.0
2017-12-21,0.508,0.51,50969.0
2017-12-22,0.51,0.507,28339.0
2017-12-25,0.507,0.506,57152.0
2017-12-26,0.508,0.511,52730.0
2017-12-27,0.512,0.507,41408.0
2017-12-28,0.506,0.506,35236.0
2017-12-29,0.506,0.509,50184.0
2018-01-02,0.509,0.515,111801.0
2018-01-03,0.515,0.516,98268.0
2018-01-04,0.516,0.515,62088.0
2018-01-05,0.516,0.517,85758.0
2018-01-08,0.517,0.515,146759.0
2018-01-09,0.515,0.515,108241.0
2018-01-10,0.515,0.527,172010.0
2018-01-11,0.526,0.527,127088.0
2018-01-12,0.527,0.529,86305.0
2018-01-15,0.527,0.539,131051.0
2018-01-16,0.54,0.541,113875.0
2018-01-17,0.542,0.546,236092.0
2018-01-18,0.549,0.557,342813.0
2018-01-19,0.56,0.565,339312.0
2018-01-22,0.56,0.558,265598.0
2018-01-23,0.558,0.575,410971.0
2018-01-24,0.577,0.578,371407.0
2018-01-25,0.575,0.573,262823.0
2018-01-26,0.573,0.575,261625.0
2018-01-29,0.574,0.571,280073.0
2018-01-30,0.568,0.56,163659.0
2018-01-31,0.56,0.571,167430.0
2018-02-01,0.571,0.577,297140.0
2018-02-02,0.576,0.573,200641.0
2018-02-05,0.57,0.594,378230.0
2018-02-06,0.584,0.583,600820.0
2018-02-07,0.59,0.566,605332.0
2018-02-08,0.56,0.546,409011.0
2018-02-09,0.529,0.529,534137.0
2018-02-12,0.525,0.523,478861.0
2018-02-13,0.527,0.531,198290.0
2018-02-14,0.529,0.531,158647.0
2018-02-22,0.54,0.543,218183.0
2018-02-23,0.541,0.547,194898.0
2018-02-26,0.548,0.547,153660.0
2018-02-27,0.547,0.536,235252.0
2018-02-28,0.53,0.528,212369.0
2018-03-01,0.527,0.53,157671.0
2018-03-02,0.528,0.525,154190.0
2018-03-05,0.525,0.524,132058.0
2018-03-06,0.526,0.526,285114.0
2018-03-07,0.529,0.529,387824.0
2018-03-08,0.529,0.529,152027.0
2018-03-09,0.529,0.53,173298.0
2018-03-12,0.531,0.528,293930.0
2018-03-13,0.528,0.527,297483.0
2018-03-14,0.526,0.523,193348.0
2018-03-15,0.522,0.522,139367.0
2018-03-16,0.523,0.517,157390.0
2018-03-19,0.517,0.519,171045.0
2018-03-20,0.517,0.521,208183.0
2018-03-21,0.523,0.522,240988.0
2018-03-22,0.522,0.519,172471.0
2018-03-23,0.508,0.506,425550.0
2018-03-26,0.502,0.495,224535.0
2018-03-27,0.499,0.493,274564.0
2018-03-28,0.493,0.493,256782.0
2018-03-29,0.494,0.501,402809.0
2018-03-30,0.501,0.497,214113.0
2018-04-02,0.497,0.493,230477.0
2018-04-03,0.49,0.488,326273.0
2018-04-04,0.489,0.488,249141.0
2018-04-09,0.488,0.489,187266.0
2018-04-10,0.489,0.503,544912.0
2018-04-11,0.503,0.509,505440.0
2018-04-12,0.506,0.501,163093.0
2018-04-13,0.503,0.498,149610.0
2018-04-16,0.496,0.484,541224.0
2018-04-17,0.486,0.482,297383.0
2018-04-18,0.488,0.486,502449.0
2018-04-19,0.484,0.488,414090.0
2018-04-20,0.488,0.483,225984.0
2018-04-23,0.483,0.486,386326.0
2018-04-24,0.487,0.495,475087.0
2018-04-25,0.493,0.49,278828.0
2018-04-26,0.49,0.487,350209.0
2018-04-27,0.487,0.489,315847.0
2018-05-02,0.493,0.489,251220.0
2018-05-03,0.489,0.488,246177.0
2018-05-04,0.486,0.483,225735.0
2018-05-07,0.483,0.486,373915.0
2018-05-08,0.486,0.492,501570.0
2018-05-09,0.492,0.493,180700.0
2018-05-10,0.491,0.493,182096.0
2018-05-11,0.494,0.495,365171.0
2018-05-14,0.496,0.499,329669.0
2018-05-15,0.5,0.497,244322.0
2018-05-16,0.496,0.492,273104.0
2018-05-17,0.491,0.49,177860.0
2018-05-18,0.488,0.495,295094.0
2018-05-21,0.497,0.496,218326.0
2018-05-22,0.496,0.493,247083.0
2018-05-23,0.492,0.487,187716.0
2018-05-24,0.486,0.484,242081.0
2018-05-25,0.485,0.483,175364.0
2018-05-28,0.484,0.482,169832.0
2018-05-29,0.482,0.48,385420.0
2018-05-30,0.477,0.472,263269.0
2018-05-31,0.474,0.476,233866.0
2018-06-01,0.475,0.476,135484.0
2018-06-04,0.477,0.48,261582.0
2018-06-05,0.477,0.48,307010.0
2018-06-06,0.479,0.475,468020.0
2018-06-07,0.476,0.477,427949.0
2018-06-08,0.476,0.469,437763.0
2018-06-11,0.469,0.468,448187.0
2018-06-12,0.469,0.469,215405.0
2018-06-13,0.469,0.467,170442.0
2018-06-14,0.466,0.467,211871.0
2018-06-15,0.467,0.472,380509.0
2018-06-19,0.469,0.467,502294.0
2018-06-20,0.463,0.464,214068.0
2018-06-21,0.465,0.462,294032.0
2018-06-22,0.46,0.463,145615.0
2018-06-25,0.465,0.454,257832.0
2018-06-26,0.452,0.446,411697.0
2018-06-27,0.445,0.439,427773.0
2018-06-28,0.438,0.436,259052.0
2018-06-29,0.437,0.443,311957.0
2018-07-02,0.443,0.428,540473.0
2018-07-03,0.428,0.43,486264.0
2018-07-04,0.429,0.429,368641.0
2018-07-05,0.429,0.431,235423.0
2018-07-06,0.431,0.435,321478.0
2018-07-09,0.435,0.449,439972.0
2018-07-10,0.45,0.448,153636.0
2018-07-11,0.444,0.442,184400.0
2018-07-12,0.441,0.451,237799.0
2018-07-13,0.452,0.449,198729.0
2018-07-16,0.45,0.443,289491.0
2018-07-17,0.443,0.441,255231.0
2018-07-18,0.443,0.44,336886.0
2018-07-19,0.44,0.44,195176.0
2018-07-20,0.44,0.459,482806.0
2018-07-23,0.459,0.467,519130.0
2018-07-24,0.467,0.469,865504.0
2018-07-25,0.47,0.469,195797.0
2018-07-26,0.469,0.467,236171.0
2018-07-27,0.465,0.465,309488.0
2018-07-30,0.466,0.471,411055.0
2018-07-31,0.47,0.472,231429.0
2018-08-01,0.472,0.463,358713.0
2018-08-02,0.46,0.455,541044.0
2018-08-03,0.455,0.455,390488.0
2018-08-06,0.456,0.458,266229.0
2018-08-07,0.458,0.467,340291.0
2018-08-08,0.467,0.462,166399.0
2018-08-09,0.46,0.469,252404.0
2018-08-10,0.468,0.467,235075.0
2018-08-13,0.461,0.459,323069.0
2018-08-14,0.457,0.457,203892.0
2018-08-15,0.457,0.449,181453.0
2018-08-16,0.447,0.45,233628.0
2018-08-17,0.452,0.447,177404.0
2018-08-20,0.449,0.454,260678.0
2018-08-21,0.454,0.458,299854.0
2018-08-22,0.456,0.455,126142.0
2018-08-23,0.456,0.457,208794.0
2018-08-24,0.455,0.467,441207.0
2018-08-27,0.468,0.472,434788.0
2018-08-28,0.47,0.47,270670.0
2018-08-29,0.47,0.469,397286.0
2018-08-30,0.469,0.465,349533.0
2018-08-31,0.465,0.467,355365.0
2018-09-03,0.467,0.468,194931.0
2018-09-04,0.468,0.473,368958.0
2018-09-05,0.471,0.463,352505.0
2018-09-06,0.461,0.461,201509.0
2018-09-07,0.461,0.463,301109.0
2018-09-10,0.462,0.46,132330.0
2018-09-11,0.46,0.457,209516.0
2018-09-12,0.456,0.458,187382.0
2018-09-13,0.461,0.462,448681.0
2018-09-14,0.464,0.463,178513.0
2018-09-17,0.462,0.459,247437.0
2018-09-18,0.459,0.466,242543.0
2018-09-19,0.465,0.469,188193.0
2018-09-20,0.469,0.47,119284.0
2018-09-21,0.47,0.489,635556.0
2018-09-25,0.482,0.483,203593.0
2018-09-26,0.484,0.489,350068.0
2018-09-27,0.486,0.487,154235.0
2018-09-28,0.488,0.494,817420.0
2018-10-08,0.484,0.476,480229.0
2018-10-09,0.476,0.476,376037.0
2018-10-10,0.477,0.478,355498.0
2018-10-11,0.468,0.46,567407.0
2018-10-12,0.461,0.47,594359.0
2018-10-15,0.471,0.464,458891.0
2018-10-16,0.465,0.467,466709.0
2018-10-17,0.471,0.47,687807.0
2018-10-18,0.468,0.461,256826.0
2018-10-19,0.459,0.476,575917.0
2018-10-22,0.48,0.489,2176035.0
2018-10-23,0.489,0.478,631398.0
2018-10-24,0.478,0.488,2119525.0
2018-10-25,0.478,0.492,1319218.0
2018-10-26,0.491,0.491,1023847.0
2018-10-29,0.493,0.482,1171885.0
2018-10-30,0.482,0.489,603986.0
2018-10-31,0.49,0.49,441262.0
2018-11-01,0.492,0.487,760820.0
2018-11-02,0.494,0.498,910314.0
2018-11-05,0.493,0.491,527753.0
2018-11-06,0.49,0.488,279399.0
2018-11-07,0.488,0.486,506956.0
2018-11-08,0.489,0.49,464478.0
2018-11-09,0.485,0.475,709702.0
2018-11-12,0.473,0.476,426808.0
2018-11-13,0.472,0.478,709074.0
2018-11-14,0.477,0.472,656303.0
2018-11-15,0.472,0.476,756655.0
2018-11-16,0.476,0.476,663838.0
2018-11-19,0.476,0.484,1057309.0
2018-11-20,0.48,0.476,730203.0
2018-11-21,0.474,0.475,337852.0
2018-11-22,0.476,0.474,294048.0
2018-11-23,0.473,0.469,555464.0
2018-11-26,0.469,0.47,340797.0
2018-11-27,0.471,0.468,354453.0
2018-11-28,0.468,0.471,424456.0
2018-11-29,0.473,0.47,300700.0
2018-11-30,0.469,0.472,258392.0
2018-12-03,0.481,0.481,979122.0
2018-12-04,0.481,0.482,297628.0
2018-12-05,0.478,0.479,307293.0
2018-12-06,0.478,0.474,414744.0
2018-12-07,0.474,0.473,260920.0
2018-12-10,0.47,0.469,236782.0
2018-12-11,0.469,0.469,198664.0
2018-12-12,0.471,0.469,156138.0
2018-12-13,0.469,0.473,499543.0
2018-12-14,0.471,0.468,349603.0
2018-12-17,0.467,0.467,342027.0
2018-12-18,0.465,0.463,298636.0
2018-12-19,0.464,0.459,208369.0
2018-12-20,0.458,0.451,359262.0
2018-12-21,0.45,0.445,466972.0
2018-12-24,0.443,0.445,302236.0
2018-12-25,0.442,0.443,372677.0
2018-12-26,0.443,0.442,268956.0
2018-12-27,0.446,0.444,300525.0
2018-12-28,0.444,0.447,386041.0
2019-01-02,0.447,0.44,361830.0
2019-01-03,0.438,0.443,326956.0
2019-01-04,0.439,0.453,481109.0
2019-01-07,0.454,0.451,374317.0
2019-01-08,0.451,0.449,208181.0
2019-01-09,0.45,0.453,461977.0
2019-01-10,0.453,0.452,155984.0
2019-01-11,0.451,0.456,201930.0
2019-01-14,0.456,0.453,255827.0
2019-01-15,0.453,0.458,201064.0
2019-01-16,0.457,0.458,128770.0
2019-01-17,0.459,0.457,216875.0
2019-01-18,0.457,0.464,291233.0
2019-01-21,0.464,0.465,197911.0
2019-01-22,0.465,0.461,183105.0
2019-01-23,0.46,0.463,155032.0
2019-01-24,0.463,0.466,153647.0
2019-01-25,0.468,0.474,320204.0
2019-01-28,0.476,0.474,228829.0
2019-01-29,0.472,0.477,215201.0
2019-01-30,0.476,0.475,153711.0
2019-01-31,0.476,0.484,326820.0
2019-02-01,0.485,0.485,296625.0
2019-02-11,0.483,0.485,299898.0
2019-02-12,0.485,0.485,319399.0
2019-02-13,0.484,0.492,548995.0
2019-02-14,0.489,0.488,369878.0
2019-02-15,0.487,0.479,536379.0
2019-02-18,0.481,0.489,533812.0
2019-02-19,0.489,0.488,646458.0
2019-02-20,0.489,0.49,329541.0
2019-02-21,0.489,0.486,573736.0
2019-02-22,0.485,0.493,1318072.0
2019-02-25,0.498,0.525,2983805.0
2019-02-26,0.524,0.514,2748899.0
2019-02-27,0.514,0.521,2514500.0
2019-02-28,0.52,0.518,1176288.0
2019-03-01,0.521,0.535,1682829.0
2019-03-04,0.538,0.538,2679395.0
2019-03-05,0.535,0.537,1081515.0
2019-03-06,0.536,0.54,1136717.0
2019-03-07,0.538,0.531,2107659.0
2019-03-08,0.52,0.51,1792607.0
2019-03-11,0.509,0.513,1075231.0
2019-03-12,0.516,0.514,1543860.0
2019-03-13,0.513,0.514,1646053.0
2019-03-14,0.513,0.514,840122.0
2019-03-15,0.515,0.517,1664349.0
2019-03-18,0.516,0.526,1398805.0
2019-03-19,0.526,0.522,929626.0
2019-03-20,0.52,0.522,839565.0
2019-03-21,0.523,0.52,885358.0
2019-03-22,0.52,0.518,1474755.0
2019-03-25,0.511,0.506,1188924.0
2019-03-26,0.507,0.503,574820.0
2019-03-27,0.505,0.508,715821.0
2019-03-28,0.507,0.504,744349.0
2019-03-29,0.505,0.52,1707131.0
2019-04-01,0.522,0.529,1630764.0
2019-04-02,0.531,0.53,1080241.0
2019-04-03,0.524,0.535,1308189.0
2019-04-04,0.535,0.543,1816162.0
2019-04-08,0.55,0.546,2740065.0
2019-04-09,0.545,0.542,1407543.0
2019-04-10,0.54,0.539,1663065.0
2019-04-11,0.539,0.534,999899.0
2019-04-12,0.534,0.536,524524.0
2019-04-15,0.55,0.538,1834048.0
2019-04-16,0.534,0.559,2420928.0
2019-04-17,0.558,0.556,1515000.0
2019-04-18,0.556,0.552,1448033.0
2019-04-19,0.553,0.557,962699.0
2019-04-22,0.557,0.541,1309357.0
2019-04-23,0.54,0.542,786337.0
2019-04-24,0.543,0.544,663070.0
2019-04-25,0.541,0.537,739529.0
2019-04-26,0.535,0.529,757354.0
2019-04-29,0.531,0.537,1105783.0
2019-04-30,0.536,0.54,629250.0
2019-05-06,0.526,0.524,1504628.0
2019-05-07,0.528,0.524,823252.0
2019-05-08,0.517,0.516,571876.0
2019-05-09,0.514,0.505,614473.0
2019-05-10,0.51,0.516,1078157.0
2019-05-13,0.51,0.508,477722.0
2019-05-14,0.505,0.507,479171.0
2019-05-15,0.509,0.515,671145.0
2019-05-16,0.513,0.515,343667.0
2019-05-17,0.515,0.509,602270.0
2019-05-20,0.507,0.509,680488.0
2019-05-21,0.509,0.513,455316.0
2019-05-22,0.514,0.511,325141.0
2019-05-23,0.511,0.508,458244.0
2019-05-24,0.509,0.512,434011.0
2019-05-27,0.511,0.513,902782.0
2019-05-28,0.511,0.513,948690.0
2019-05-29,0.512,0.512,412446.0
2019-05-30,0.511,0.511,350184.0
2019-05-31,0.51,0.51,516677.0
2019-06-03,0.509,0.511,506185.0
2019-06-04,0.51,0.511,268877.0
2019-06-05,0.513,0.514,512451.0
2019-06-06,0.513,0.513,252766.0
2019-06-10,0.514,0.52,721427.0
2019-06-11,0.523,0.527,697803.0
2019-06-12,0.525,0.525,408558.0
2019-06-13,0.525,0.524,415750.0
2019-06-14,0.524,0.522,263838.0
2019-06-17,0.523,0.526,349615.0
2019-06-18,0.527,0.528,334111.0
2019-06-19,0.535,0.535,1300285.0
2019-06-20,0.535,0.548,1809881.0
2019-06-21,0.549,0.545,1264243.0
2019-06-24,0.543,0.543,981379.0
2019-06-25,0.543,0.532,1461471.0
2019-06-26,0.529,0.53,933788.0
2019-06-27,0.531,0.536,907600.0
2019-06-28,0.535,0.534,595365.0
2019-07-01,0.541,0.541,1146880.0
2019-07-02,0.54,0.539,695769.0
2019-07-03,0.539,0.539,527345.0
2019-07-04,0.539,0.539,497284.0
2019-07-05,0.539,0.539,455568.0
2019-07-08,0.538,0.529,703793.0
2019-07-09,0.528,0.526,520530.0
2019-07-10,0.527,0.525,460191.0
2019-07-11,0.525,0.527,561121.0
2019-07-12,0.527,0.534,615056.0
2019-07-15,0.532,0.534,642173.0
2019-07-16,0.533,0.531,471157.0
2019-07-17,0.531,0.53,512467.0
2019-07-18,0.529,0.53,412569.0
2019-07-19,0.531,0.537,610365.0
2019-07-22,0.536,0.536,609282.0
2019-07-23,0.536,0.536,469751.0
2019-07-24,0.537,0.539,744716.0
2019-07-25,0.539,0.547,711191.0
2019-07-26,0.545,0.546,567518.0
2019-07-29,0.546,0.547,427458.0
2019-07-30,0.546,0.549,502751.0
2019-07-31,0.547,0.544,472298.0
2019-08-01,0.542,0.541,483313.0
2019-08-02,0.534,0.534,558505.0
2019-08-05,0.534,0.524,864910.0
2019-08-06,0.518,0.519,1122633.0
2019-08-07,0.52,0.518,543384.0
2019-08-08,0.52,0.526,591622.0
2019-08-09,0.526,0.525,444593.0
2019-08-12,0.525,0.532,610098.0
2019-08-13,0.53,0.525,442974.0
2019-08-14,0.529,0.524,625004.0
2019-08-15,0.518,0.524,526543.0
2019-08-16,0.523,0.523,850380.0
2019-08-19,0.523,0.525,1579194.0
2019-08-20,0.523,0.524,985802.0
2019-08-21,0.523,0.522,468438.0
2019-08-22,0.523,0.521,352642.0
2019-08-23,0.521,0.526,758456.0
2019-08-26,0.521,0.517,631268.0
2019-08-27,0.52,0.523,686196.0
2019-08-28,0.521,0.516,826667.0
2019-08-29,0.516,0.513,687209.0
2019-08-30,0.516,0.514,595749.0
2019-09-02,0.514,0.517,723604.0
2019-09-03,0.517,0.518,758090.0
2019-09-04,0.517,0.524,1206487.0
2019-09-05,0.526,0.53,1777720.0
2019-09-06,0.532,0.535,749842.0
2019-09-09,0.54,0.533,1621270.0
2019-09-10,0.533,0.532,1393775.0
2019-09-11,0.534,0.534,1216914.0
2019-09-12,0.535,0.536,1243234.0
2019-09-16,0.536,0.534,753576.0
2019-09-17,0.533,0.527,796942.0
2019-09-18,0.528,0.529,436566.0
2019-09-19,0.528,0.528,344742.0
2019-09-20,0.528,0.53,367690.0
2019-09-23,0.531,0.525,363155.0
2019-09-24,0.525,0.525,387632.0
2019-09-25,0.524,0.527,787792.0
2019-09-26,0.527,0.534,1731112.0
2019-09-27,0.534,0.535,613445.0
2019-09-30,0.534,0.53,942520.0
2019-10-08,0.529,0.537,656144.0
2019-10-09,0.533,0.543,1155336.0
2019-10-10,0.542,0.542,652326.0
2019-10-11,0.545,0.554,1163184.0
2019-10-14,0.558,0.564,2091062.0
2019-10-15,0.564,0.566,979956.0
2019-10-16,0.568,0.563,1916836.0
2019-10-17,0.562,0.561,865178.0
2019-10-18,0.563,0.554,972220.0
2019-10-21,0.551,0.56,917884.0
2019-10-22,0.56,0.558,665766.0
2019-10-23,0.557,0.557,496758.0
2019-10-24,0.557,0.564,1554273.0
2019-10-25,0.563,0.562,1186298.0
2019-10-28,0.562,0.56,856259.0
2019-10-29,0.56,0.557,624642.0
2019-10-30,0.555,0.556,704892.0
2019-10-31,0.556,0.553,466978.0
2019-11-01,0.553,0.564,1062345.0
2019-11-04,0.565,0.567,866134.0
2019-11-05,0.566,0.573,1343878.0
2019-11-06,0.573,0.576,741557.0
2019-11-07,0.575,0.575,625294.0
2019-11-08,0.579,0.567,1043258.0
2019-11-11,0.566,0.558,879501.0
2019-11-12,0.558,0.56,825102.0
2019-11-13,0.559,0.558,938129.0
2019-11-14,0.557,0.555,810960.0
2019-11-15,0.555,0.555,622679.0
2019-11-18,0.553,0.56,1024920.0
2019-11-19,0.56,0.561,701243.0
2019-11-20,0.561,0.552,1154915.0
2019-11-21,0.55,0.549,975409.0
2019-11-22,0.55,0.547,1099959.0
2019-11-25,0.548,0.554,1027524.0
2019-11-26,0.554,0.553,500633.0
2019-11-27,0.552,0.55,467229.0
2019-11-28,0.55,0.549,402632.0
2019-11-29,0.548,0.545,626055.0
2019-12-02,0.547,0.546,474232.0
2019-12-03,0.545,0.548,388708.0
2019-12-04,0.547,0.545,913465.0
2019-12-05,0.546,0.549,956939.0
2019-12-06,0.55,0.548,895913.0
2019-12-09,0.549,0.548,644422.0
2019-12-10,0.546,0.546,563387.0
2019-12-11,0.547,0.552,1074795.0
2019-12-12,0.552,0.55,726473.0
2019-12-13,0.553,0.56,1848710.0
2019-12-16,0.559,0.56,1297852.0
2019-12-17,0.559,0.566,3267765.0
2019-12-18,0.565,0.567,1696883.0
2019-12-19,0.568,0.568,1156882.0
2019-12-20,0.568,0.568,1025397.0
2019-12-23,0.568,0.562,1104174.0
2019-12-24,0.562,0.565,714099.0
2019-12-25,0.565,0.564,837169.0
2019-12-26,0.563,0.568,1189765.0
2019-12-27,0.567,0.568,1627508.0
2019-12-30,0.564,0.567,1863203.0
2019-12-31,0.566,0.566,1842976.0
2020-01-02,0.571,0.576,2799459.0
2020-01-03,0.576,0.577,1220828.0
2020-01-06,0.574,0.575,1402252.0
2020-01-07,0.574,0.577,976920.0
2020-01-08,0.575,0.566,1654056.0
2020-01-09,0.571,0.569,3122659.0
2020-01-10,0.57,0.569,892121.0
2020-01-13,0.568,0.572,1149335.0
2020-01-14,0.573,0.57,1297416.0
2020-01-15,0.57,0.563,1158458.0
2020-01-16,0.564,0.56,1583250.0
2020-01-17,0.56,0.559,1121814.0
2020-01-20,0.56,0.564,1878921.0
2020-01-21,0.561,0.555,1866257.0
2020-01-22,0.554,0.555,1408842.0
2020-01-23,0.55,0.543,2239507.0
2020-02-03,0.5,0.501,3937281.0
2020-02-04,0.504,0.515,2147917.0
2020-02-05,0.517,0.516,1857976.0
2020-02-06,0.516,0.519,2385996.0
2020-02-07,0.516,0.517,1658192.0
2020-02-10,0.514,0.516,1934659.0
2020-02-11,0.517,0.521,1948736.0
2020-02-12,0.519,0.522,1768648.0
2020-02-13,0.52,0.518,1208556.0
2020-02-14,0.517,0.522,1559673.0
2020-02-17,0.522,0.532,2780921.0
2020-02-18,0.531,0.527,2390377.0
2020-02-19,0.526,0.526,2350558.0
2020-02-20,0.526,0.533,3960666.0
2020-02-21,0.532,0.532,3840658.0
2020-02-24,0.531,0.525,2677607.0
2020-02-25,0.519,0.52,2758325.0
2020-02-26,0.515,0.523,2781200.0
2020-02-27,0.521,0.524,1763292.0
2020-02-28,0.518,0.511,2662400.0
2020-03-02,0.512,0.519,2107161.0
2020-03-03,0.523,0.52,2016928.0
2020-03-04,0.518,0.522,1617951.0
2020-03-05,0.524,0.536,4303263.0
2020-03-06,0.53,0.528,2344180.0
2020-03-09,0.518,0.513,2669211.0
2020-03-10,0.513,0.52,1825096.0
2020-03-11,0.52,0.515,1410317.0
2020-03-12,0.514,0.512,1551336.0
2020-03-13,0.498,0.51,2625148.0
2020-03-16,0.506,0.491,2170312.0
2020-03-17,0.493,0.49,2089200.0
2020-03-18,0.491,0.479,1767580.0
2020-03-19,0.477,0.468,2381483.0
2020-03-20,0.471,0.477,1849364.0
2020-03-23,0.465,0.465,963075.0
2020-03-24,0.475,0.478,1217076.0
2020-03-25,0.485,0.486,1205093.0
2020-03-26,0.484,0.489,1678879.0
2020-03-27,0.492,0.49,1140022.0
2020-03-30,0.486,0.488,713512.0
2020-03-31,0.49,0.484,837281.0
2020-04-01,0.484,0.483,1326385.0
2020-04-02,0.481,0.486,622339.0
2020-04-03,0.485,0.483,659830.0
2020-04-07,0.489,0.489,1249354.0
2020-04-08,0.487,0.486,821084.0
2020-04-09,0.487,0.486,1186969.0
2020-04-10,0.486,0.485,1180123.0
2020-04-13,0.484,0.482,463930.0
2020-04-14,0.483,0.487,735803.0
2020-04-15,0.486,0.485,592919.0
2020-04-16,0.483,0.483,584414.0
2020-04-17,0.485,0.487,1317363.0
2020-04-20,0.487,0.487,600819.0
2020-04-21,0.485,0.485,909037.0
2020-04-22,0.483,0.485,492315.0
2020-04-23,0.484,0.483,458771.0
2020-04-24,0.482,0.48,656323.0
2020-04-27,0.482,0.489,1908684.0
2020-04-28,0.489,0.491,728052.0
2020-04-29,0.491,0.501,1486287.0
2020-04-30,0.502,0.504,1053000.0
2020-05-06,0.5,0.5,1417040.0
2020-05-07,0.499,0.496,697281.0
2020-05-08,0.498,0.501,908956.0
2020-05-11,0.502,0.501,689861.0
2020-05-12,0.501,0.498,648188.0
2020-05-13,0.497,0.496,457864.0
2020-05-14,0.494,0.492,574132.0
2020-05-15,0.493,0.491,742406.0
2020-05-18,0.491,0.492,1030343.0
2020-05-19,0.495,0.495,793872.0
2020-05-20,0.494,0.497,1028622.0
2020-05-21,0.498,0.495,824217.0
2020-05-22,0.495,0.487,964435.0
2020-05-25,0.487,0.486,466007.0
2020-05-26,0.486,0.488,574510.0
2020-05-27,0.488,0.49,618483.0
2020-05-28,0.491,0.497,1143672.0
2020-05-29,0.495,0.495,562308.0
2020-06-01,0.496,0.501,1145619.0
2020-06-02,0.501,0.504,750635.0
2020-06-03,0.505,0.505,1842509.0
2020-06-04,0.506,0.504,526845.0
2020-06-05,0.503,0.504,770196.0
2020-06-08,0.505,0.504,634099.0
2020-06-09,0.504,0.505,902307.0
2020-06-10,0.505,0.502,620703.0
2020-06-11,0.501,0.496,1218328.0
2020-06-12,0.491,0.495,622747.0
2020-06-15,0.494,0.49,776730.0
2020-06-16,0.493,0.494,677595.0
2020-06-17,0.493,0.494,415935.0
2020-06-18,0.493,0.491,2015824.0
2020-06-19,0.491,0.494,2209728.0
2020-06-22,0.492,0.492,2478032.0
2020-06-23,0.491,0.49,1520298.0
2020-06-24,0.49,0.496,2475593.0
2020-06-29,0.5,0.494,2555203.0
2020-06-30,0.494,0.495,4316331.0
2020-07-01,0.495,0.503,4976499.0
2020-07-02,0.502,0.515,5856983.0
2020-07-03,0.518,0.529,6760090.0
2020-07-06,0.537,0.582,11325332.0
2020-07-07,0.61,0.573,14374297.0
2020-07-08,0.566,0.579,9152219.0
2020-07-09,0.575,0.572,9816043.0
2020-07-10,0.566,0.551,8403342.0
2020-07-13,0.544,0.551,7849886.0
2020-07-14,0.55,0.543,7199630.0
2020-07-15,0.546,0.533,6038092.0
2020-07-16,0.534,0.532,9136796.0
2020-07-17,0.534,0.532,5571793.0
2020-07-20,0.535,0.546,7516437.0
2020-07-21,0.546,0.541,4384127.0
2020-07-22,0.541,0.54,5352930.0
2020-07-23,0.536,0.532,5396257.0
2020-07-24,0.528,0.52,5828788.0
2020-07-27,0.52,0.515,4131526.0
2020-07-28,0.518,0.517,2956655.0
2020-07-29,0.515,0.524,5599996.0
2020-07-30,0.523,0.518,2739798.0
2020-07-31,0.518,0.519,3378045.0
2020-08-03,0.523,0.523,4227901.0
2020-08-04,0.524,0.535,12482780.0
2020-08-05,0.531,0.53,4057449.0
2020-08-06,0.53,0.533,4039361.0
2020-08-07,0.53,0.527,3427572.0
2020-08-10,0.526,0.533,4652669.0
2020-08-11,0.533,0.534,6978735.0
2020-08-12,0.536,0.538,5664212.0
2020-08-13,0.539,0.535,2385436.0
2020-08-14,0.534,0.544,3872205.0
2020-08-17,0.545,0.559,10169181.0
2020-08-18,0.558,0.554,4482402.0
2020-08-19,0.552,0.549,3496704.0
2020-08-20,0.546,0.539,3894454.0
2020-08-21,0.542,0.542,2003391.0
2020-08-24,0.542,0.539,1933078.0
2020-08-25,0.54,0.539,2170800.0
2020-08-26,0.539,0.535,2179936.0
2020-08-27,0.535,0.535,1754524.0
2020-08-28,0.534,0.546,4181045.0
2020-08-31,0.547,0.542,3295511.0
2020-09-01,0.54,0.542,2108719.0
2020-09-02,0.542,0.538,1826038.0
2020-09-03,0.538,0.535,1976539.0
2020-09-04,0.531,0.533,2273208.0
2020-09-07,0.533,0.531,2183534.0
2020-09-08,0.532,0.539,3318874.0
2020-09-09,0.536,0.536,2123671.0
2020-09-10,0.539,0.535,1874655.0
2020-09-11,0.534,0.531,2164861.0
2020-09-14,0.532,0.533,1263295.0
2020-09-15,0.532,0.535,1387212.0
2020-09-16,0.534,0.536,1504056.0
2020-09-17,0.536,0.534,1381714.0
2020-09-18,0.534,0.545,3329471.0
2020-09-21,0.546,0.542,1788341.0
2020-09-22,0.54,0.536,1979853.0
2020-09-23,0.536,0.534,3326817.0
2020-09-24,0.531,0.526,1926915.0
2020-09-25,0.527,0.527,1303606.0
2020-09-28,0.527,0.528,1217382.0
2020-09-29,0.53,0.523,2066967.0
2020-09-30,0.524,0.521,1767484.0
2020-10-09,0.524,0.523,1686658.0
2020-10-12,0.524,0.537,2999259.0
2020-10-13,0.534,0.536,1997135.0
2020-10-14,0.538,0.536,1564114.0
2020-10-15,0.536,0.544,5779794.0
2020-10-16,0.543,0.553,7269768.0
2020-10-19,0.557,0.554,5246782.0
2020-10-20,0.554,0.553,2755243.0
2020-10-21,0.553,0.562,3521715.0
2020-10-22,0.563,0.561,3442417.0
2020-10-23,0.56,0.565,6428517.0
2020-10-26,0.564,0.554,4070430.0
2020-10-27,0.552,0.552,1867202.0
2020-10-28,0.552,0.546,1862987.0
2020-10-29,0.541,0.547,2866848.0
2020-10-30,0.546,0.541,2580466.0
2020-11-02,0.541,0.541,2065476.0
2020-11-03,0.545,0.548,3139198.0
2020-11-04,0.553,0.555,3082529.0
2020-11-05,0.56,0.553,3911597.0
2020-11-06,0.553,0.551,2572272.0
2020-11-09,0.551,0.557,4550357.0
2020-11-10,0.561,0.56,3584068.0
2020-11-11,0.559,0.563,3126727.0
2020-11-12,0.562,0.557,2141671.0
2020-11-13,0.555,0.549,3411489.0
2020-11-16,0.548,0.55,1495793.0
2020-11-17,0.55,0.557,3012819.0
2020-11-18,0.554,0.568,5128524.0
2020-11-19,0.567,0.572,3043617.0
2020-11-20,0.568,0.57,1957336.0
2020-11-23,0.57,0.581,3122798.0
2020-11-24,0.579,0.578,2493412.0
2020-11-25,0.581,0.573,2777673.0
2020-11-26,0.572,0.582,2999807.0
2020-11-27,0.581,0.597,4261535.0
2020-11-30,0.606,0.59,9204223.0
2020-12-01,0.588,0.606,6166448.0
2020-12-02,0.605,0.603,4303318.0
2020-12-03,0.601,0.601,2949651.0
2020-12-04,0.598,0.595,4177756.0
2020-12-07,0.596,0.581,4881874.0
2020-12-08,0.58,0.578,3632388.0
2020-12-09,0.579,0.577,3964885.0
2020-12-10,0.575,0.574,2895746.0
2020-12-11,0.574,0.569,2921280.0
2020-12-14,0.571,0.573,2801534.0
2020-12-15,0.572,0.568,3388139.0
2020-12-16,0.568,0.569,3007679.0
2020-12-17,0.569,0.573,3975448.0
2020-12-18,0.571,0.564,4539719.0
2020-12-21,0.564,0.564,4176370.0
2020-12-22,0.563,0.553,4952676.0
2020-12-23,0.552,0.555,3691443.0
2020-12-24,0.556,0.558,3139115.0
2020-12-25,0.557,0.559,2607373.0
2020-12-28,0.557,0.564,3474735.0
2020-12-29,0.564,0.565,3351293.0
2020-12-30,0.563,0.566,4355337.0
2020-12-31,0.566,0.573,6953159.0
2021-01-04,0.569,0.562,10859582.0
2021-01-05,0.558,0.554,11188996.0
2021-01-06,0.553,0.566,9758282.0
2021-01-07,0.567,0.572,7452026.0
2021-01-08,0.573,0.573,5943667.0
2021-01-11,0.575,0.58,7619675.0
2021-01-12,0.58,0.589,4748680.0
2021-01-13,0.589,0.588,5364374.0
2021-01-14,0.586,0.586,4826010.0
2021-01-15,0.599,0.603,11269338.0
2021-01-18,0.604,0.615,6337304.0
2021-01-19,0.615,0.616,5642862.0
2021-01-20,0.615,0.61,4343301.0
2021-01-21,0.611,0.614,4637258.0
2021-01-22,0.612,0.602,4243459.0
2021-01-25,0.598,0.604,4178239.0
2021-01-26,0.6,0.6,3526213.0
2021-01-27,0.598,0.609,5267801.0
2021-01-28,0.604,0.603,3942992.0
2021-01-29,0.611,0.606,5047301.0
2021-02-01,0.603,0.621,6110836.0
2021-02-02,0.614,0.612,4541256.0
2021-02-03,0.61,0.621,6295378.0
2021-02-04,0.617,0.623,5929639.0
2021-02-05,0.626,0.643,8701296.0
2021-02-08,0.642,0.645,7935129.0
2021-02-09,0.644,0.647,6271645.0
2021-02-10,0.649,0.64,7018146.0
2021-02-18,0.647,0.653,5574074.0
2021-02-19,0.65,0.648,5273706.0
2021-02-22,0.648,0.637,5208004.0
2021-02-23,0.636,0.643,6382464.0
2021-02-24,0.643,0.633,3905080.0
2021-02-25,0.637,0.643,5272446.0
2021-02-26,0.635,0.62,4917368.0
2021-03-01,0.623,0.621,7579635.0
2021-03-02,0.623,0.616,2502125.0
2021-03-03,0.615,0.644,5544833.0
2021-03-04,0.64,0.64,4826925.0
2021-03-05,0.633,0.634,3094365.0
2021-03-08,0.634,0.623,2879544.0
2021-03-09,0.624,0.611,5351705.0
2021-03-10,0.613,0.61,2126841.0
2021-03-11,0.615,0.627,3711349.0
2021-03-12,0.627,0.634,2439331.0
2021-03-15,0.633,0.639,4140576.0
2021-03-16,0.64,0.647,2864952.0
2021-03-17,0.642,0.636,2952525.0
2021-03-18,0.635,0.639,2336570.0
2021-03-19,0.638,0.62,2795672.0
2021-03-22,0.619,0.632,2363035.0
2021-03-23,0.632,0.629,2635580.0
2021-03-24,0.627,0.619,1869704.0
2021-03-25,0.619,0.615,1649865.0
2021-03-26,0.618,0.622,1878429.0
2021-03-29,0.622,0.625,1796478.0
2021-03-30,0.625,0.629,2033946.0
2021-03-31,0.627,0.631,2267369.0
2021-04-01,0.63,0.629,1998948.0
2021-04-02,0.629,0.622,2649794.0
2021-04-06,0.622,0.623,1445332.0
2021-04-07,0.623,0.621,1647097.0
2021-04-08,0.62,0.619,1600622.0
2021-04-09,0.619,0.615,1496571.0
2021-04-12,0.615,0.614,2275860.0
2021-04-13,0.614,0.612,1799379.0
2021-04-14,0.612,0.605,2498461.0
2021-04-15,0.604,0.599,3660562.0
2021-04-16,0.598,0.601,1427900.0
2021-04-19,0.599,0.61,2140837.0
2021-04-20,0.607,0.611,1968892.0
2021-04-21,0.612,0.621,2843342.0
2021-04-22,0.621,0.617,2113898.0
2021-04-23,0.615,0.618,1750194.0
2021-04-26,0.624,0.612,2367078.0
2021-04-27,0.611,0.613,1129759.0
2021-04-28,0.613,0.612,1061711.0
2021-04-29,0.613,0.624,2043675.0
2021-04-30,0.623,0.613,2546102.0
2021-05-06,0.615,0.62,1779447.0
2021-05-07,0.62,0.628,1958138.0
2021-05-10,0.628,0.623,1639261.0
2021-05-11,0.62,0.625,1282649.0
2021-05-12,0.622,0.627,1693716.0
2021-05-13,0.625,0.623,2319713.0
2021-05-14,0.624,0.633,2398744.0
2021-05-17,0.632,0.634,2768470.0
2021-05-18,0.634,0.632,1364763.0
2021-05-19,0.631,0.624,1859970.0
2021-05-20,0.623,0.629,2129238.0
2021-05-21,0.629,0.622,1691125.0
2021-05-24,0.621,0.622,1499688.0
2021-05-25,0.622,0.643,3654515.0
2021-05-26,0.644,0.649,2425332.0
2021-05-27,0.648,0.646,2786752.0
2021-05-28,0.645,0.647,2495868.0
2021-05-31,0.644,0.643,1965994.0
2021-06-01,0.64,0.637,2793578.0
2021-06-02,0.638,0.638,2289350.0
2021-06-03,0.636,0.635,2437933.0
2021-06-04,0.635,0.642,3329167.0
2021-06-07,0.642,0.638,2338454.0
2021-06-08,0.637,0.637,2062707.0
2021-06-09,0.635,0.635,2217834.0
2021-06-10,0.635,0.634,2278200.0
2021-06-11,0.635,0.625,2839753.0
2021-06-15,0.622,0.619,1520319.0
2021-06-16,0.618,0.621,1914304.0
2021-06-17,0.621,0.619,1774007.0
2021-06-18,0.617,0.614,2171671.0
2021-06-21,0.614,0.607,2309242.0
2021-06-22,0.608,0.614,2279013.0
2021-06-23,0.613,0.613,1583261.0
2021-06-24,0.614,0.616,1934635.0
2021-06-25,0.616,0.624,2497328.0
2021-06-28,0.623,0.613,3545131.0
2021-06-29,0.611,0.61,2961067.0
2021-06-30,0.611,0.615,1921980.0
2021-07-01,0.617,0.624,3224133.0
2021-07-02,0.62,0.613,2104261.0
2021-07-05,0.612,0.611,2450127.0
2021-07-06,0.61,0.618,2167770.0
2021-07-07,0.617,0.617,1904678.0
2021-07-08,0.621,0.601,5771551.0
2021-07-09,0.599,0.596,2760013.0
2021-07-12,0.599,0.593,4130684.0
2021-07-13,0.593,0.597,2750090.0
2021-07-14,0.595,0.585,3572562.0
2021-07-15,0.585,0.6,3708267.0
2021-07-16,0.598,0.599,1584190.0
2021-07-19,0.598,0.599,1777281.0
2021-07-20,0.594,0.59,2230757.0
2021-07-21,0.592,0.588,3137172.0
2021-07-22,0.587,0.592,2770481.0
2021-07-23,0.59,0.589,2338505.0
2021-07-26,0.586,0.57,3659382.0
2021-07-27,0.57,0.557,2881617.0
2021-07-28,0.556,0.562,2012374.0
2021-07-29,0.564,0.558,2918175.0
2021-07-30,0.556,0.551,2411786.0
2021-08-02,0.549,0.558,3186891.0
2021-08-03,0.555,0.555,2073531.0
2021-08-04,0.555,0.551,2246550.0
2021-08-05,0.55,0.549,1579247.0
2021-08-06,0.547,0.551,1967985.0
2021-08-09,0.55,0.566,3992420.0
2021-08-10,0.564,0.576,4346788.0
2021-08-11,0.575,0.581,4399013.0
2021-08-12,0.58,0.578,1486483.0
2021-08-13,0.578,0.579,1335932.0
2021-08-16,0.585,0.578,1423714.0
2021-08-17,0.577,0.572,2637033.0
2021-08-18,0.572,0.591,3378374.0
2021-08-19,0.59,0.58,2490580.0
2021-08-20,0.579,0.576,2798819.0
2021-08-23,0.575,0.577,2897143.0
2021-08-24,0.576,0.58,2429769.0
2021-08-25,0.58,0.573,1834874.0
2021-08-26,0.573,0.565,3058205.0
2021-08-27,0.565,0.566,2533806.0
2021-08-30,0.566,0.557,3014391.0
2021-08-31,0.557,0.566,2212052.0
2021-09-01,0.564,0.578,3444225.0
2021-09-02,0.578,0.582,4163638.0
2021-09-03,0.584,0.583,4343063.0
2021-09-06,0.581,0.585,2997345.0
2021-09-07,0.584,0.593,4700574.0
2021-09-08,0.593,0.592,2810582.0
2021-09-09,0.59,0.592,2219022.0
2021-09-10,0.591,0.603,6253293.0
2021-09-13,0.601,0.604,2616194.0
2021-09-14,0.604,0.587,5046373.0
2021-09-15,0.584,0.582,2633903.0
2021-09-16,0.582,0.577,2369906.0
2021-09-17,0.576,0.578,3023244.0
2021-09-22,0.565,0.566,4636428.0
2021-09-23,0.569,0.567,2498796.0
2021-09-24,0.566,0.562,3789564.0
2021-09-27,0.561,0.561,5093803.0
2021-09-28,0.561,0.572,4704912.0
2021-09-29,0.568,0.576,3609779.0
2021-09-30,0.575,0.57,2735030.0
2021-10-08,0.572,0.578,3121921.0
2021-10-11,0.581,0.591,5721202.0
2021-10-12,0.59,0.592,5037378.0
2021-10-13,0.592,0.591,2764140.0
2021-10-14,0.589,0.584,2225454.0
2021-10-15,0.584,0.59,2177954.0
2021-10-18,0.589,0.585,2220509.0
2021-10-19,0.586,0.589,1913967.0
2021-10-20,0.59,0.586,1980444.0
2021-10-21,0.589,0.597,6121741.0
2021-10-22,0.599,0.599,2824927.0
2021-10-25,0.591,0.598,3051430.0
2021-10-26,0.597,0.598,2074055.0
2021-10-27,0.596,0.593,3002363.0
2021-10-28,0.591,0.591,1684133.0
2021-10-29,0.591,0.587,1503134.0
2021-11-01,0.586,0.594,2804533.0
2021-11-02,0.593,0.577,7191665.0
2021-11-03,0.576,0.577,1618890.0
2021-11-04,0.577,0.574,3030129.0
2021-11-05,0.572,0.571,2245714.0
2021-11-08,0.571,0.57,4408246.0
2021-11-09,0.57,0.57,3711298.0
2021-11-10,0.569,0.568,3805658.0
2021-11-11,0.568,0.581,4776609.0
2021-11-12,0.581,0.58,1934574.0
2021-11-15,0.58,0.583,1540049.0
2021-11-16,0.583,0.58,1946463.0
2021-11-17,0.578,0.577,1272066.0
2021-11-18,0.576,0.572,1335874.0
2021-11-19,0.571,0.578,1919676.0
2021-11-22,0.577,0.574,2162576.0
2021-11-23,0.574,0.574,1963552.0
2021-11-24,0.574,0.574,2266443.0
2021-11-25,0.573,0.572,1372204.0
2021-11-26,0.572,0.568,2132167.0
2021-11-29,0.565,0.565,2268544.0
2021-11-30,0.566,0.564,1716699.0
2021-12-01,0.564,0.567,1676596.0
2021-12-02,0.566,0.569,2244553.0
2021-12-03,0.569,0.572,2454990.0
2021-12-06,0.573,0.576,4615536.0
2021-12-07,0.58,0.582,3558981.0
2021-12-08,0.581,0.581,3147727.0
2021-12-09,0.581,0.586,4446030.0
2021-12-10,0.583,0.585,2433977.0
2021-12-13,0.586,0.581,3204275.0
2021-12-14,0.579,0.574,2640164.0
2021-12-15,0.573,0.575,1596263.0
2021-12-16,0.575,0.577,2394005.0
2021-12-17,0.577,0.575,1833793.0
2021-12-20,0.573,0.574,2271586.0
2021-12-21,0.573,0.577,2569130.0
2021-12-22,0.578,0.573,2082944.0
2021-12-23,0.573,0.572,1247649.0
2021-12-24,0.573,0.57,2700806.0
2021-12-27,0.57,0.568,2853019.0
2021-12-28,0.568,0.569,2123209.0
2021-12-29,0.57,0.564,2974674.0
2021-12-30,0.564,0.567,2654689.0
2021-12-31,0.567,0.566,2615540.0
2022-01-04,0.567,0.568,3768507.0
2022-01-05,0.568,0.577,6561101.0
2022-01-06,0.575,0.575,3138712.0
2022-01-07,0.575,0.582,3906267.0
2022-01-10,0.585,0.585,5205088.0
2022-01-11,0.586,0.592,3887491.0
2022-01-12,0.592,0.59,4394274.0
2022-01-13,0.589,0.591,5029992.0
2022-01-14,0.59,0.578,3289634.0
2022-01-17,0.577,0.577,2288980.0
2022-01-18,0.578,0.589,3417117.0
2022-01-19,0.588,0.592,3832629.0
2022-01-20,0.592,0.603,4711871.0
2022-01-21,0.602,0.601,3794265.0
2022-01-24,0.6,0.6,2098833.0
2022-01-25,0.598,0.591,3295290.0
2022-01-26,0.591,0.591,2573739.0
2022-01-27,0.59,0.588,2886752.0
2022-01-28,0.59,0.581,4259426.0
2022-02-07,0.587,0.598,5793363.0
2022-02-08,0.597,0.607,4904966.0
2022-02-09,0.607,0.604,3452982.0
2022-02-10,0.604,0.611,2629990.0
2022-02-11,0.609,0.614,4410157.0
2022-02-14,0.614,0.601,2942310.0
2022-02-15,0.601,0.594,2856263.0
2022-02-16,0.595,0.6,2360111.0
2022-02-17,0.6,0.601,2556159.0
2022-02-18,0.598,0.608,2235461.0
2022-02-21,0.606,0.606,2289882.0
2022-02-22,0.602,0.603,1935401.0
2022-02-23,0.603,0.598,2227616.0
2022-02-24,0.596,0.589,2618350.0
2022-02-25,0.591,0.586,2980686.0
2022-02-28,0.585,0.586,2024956.0
2022-03-01,0.587,0.592,2093915.0
2022-03-02,0.587,0.589,2095697.0
2022-03-03,0.59,0.593,2637472.0
2022-03-04,0.59,0.587,2271052.0
2022-03-07,0.583,0.576,3383084.0
2022-03-08,0.575,0.564,2962985.0
2022-03-09,0.565,0.555,5589468.0
2022-03-10,0.563,0.561,4669720.0
2022-03-11,0.555,0.563,3863720.0
2022-03-14,0.556,0.549,4510193.0
2022-03-15,0.545,0.524,6225958.0
2022-03-16,0.53,0.542,4887124.0
2022-03-17,0.548,0.548,4290421.0
2022-03-18,0.545,0.559,4225072.0
2022-03-21,0.558,0.552,2180904.0
2022-03-22,0.552,0.562,4137544.0
2022-03-23,0.562,0.558,1590895.0
2022-03-24,0.555,0.56,1748935.0
2022-03-25,0.56,0.559,1787341.0
2022-03-28,0.557,0.561,2065931.0
2022-03-29,0.563,0.563,1497060.0
2022-03-30,0.564,0.57,2615451.0
2022-03-31,0.569,0.578,3001781.0
2022-04-01,0.575,0.589,3662350.0
2022-04-06,0.585,0.598,3852512.0
2022-04-07,0.597,0.592,3076042.0
2022-04-08,0.591,0.596,3410308.0
2022-04-11,0.594,0.588,3616123.0
2022-04-12,0.587,0.588,2915172.0
2022-04-13,0.587,0.59,1758981.0
2022-04-14,0.594,0.588,3551377.0
2022-04-15,0.586,0.597,3792212.0
2022-04-18,0.59,0.581,2805599.0
2022-04-19,0.578,0.579,2340474.0
2022-04-20,0.578,0.574,1731533.0
2022-04-21,0.572,0.572,2112367.0
2022-04-22,0.568,0.582,2491554.0
2022-04-25,0.575,0.557,3534381.0
2022-04-26,0.558,0.556,3163786.0
2022-04-27,0.554,0.557,3425619.0
2022-04-28,0.556,0.565,2951278.0
2022-04-29,0.565,0.568,3565097.0
2022-05-05,0.564,0.563,2212640.0
2022-05-06,0.558,0.551,2667661.0
2022-05-09,0.549,0.544,1636701.0
2022-05-10,0.541,0.548,2663191.0
2022-05-11,0.547,0.546,2782328.0
2022-05-12,0.544,0.542,2049780.0
2022-05-13,0.545,0.549,2107051.0
2022-05-16,0.549,0.545,2322631.0
2022-05-17,0.545,0.549,2120341.0
2022-05-18,0.55,0.546,2608206.0
2022-05-19,0.541,0.543,2028446.0
2022-05-20,0.544,0.551,3077368.0
2022-05-23,0.55,0.548,1952605.0
2022-05-24,0.548,0.542,1908402.0
2022-05-25,0.542,0.545,1457201.0
2022-05-26,0.545,0.544,2961944.0
2022-05-27,0.544,0.547,2384900.0
2022-05-30,0.547,0.544,2047319.0
2022-05-31,0.543,0.545,2527577.0
2022-06-01,0.545,0.543,2178059.0
2022-06-02,0.542,0.54,2967747.0
2022-06-06,0.539,0.541,4945499.0
2022-06-07,0.539,0.545,5026512.0
2022-06-08,0.545,0.548,5924922.0
2022-06-09,0.546,0.554,5695676.0
2022-06-10,0.551,0.556,3317214.0
2022-06-13,0.553,0.545,3029615.0
2022-06-14,0.543,0.554,4518959.0
2022-06-15,0.555,0.563,6286305.0
2022-06-16,0.563,0.557,3500027.0
2022-06-17,0.555,0.557,3089379.0
2022-06-20,0.556,0.553,3266343.0
2022-06-21,0.553,0.558,2671810.0
2022-06-22,0.558,0.551,2321146.0
2022-06-23,0.551,0.555,3399992.0
2022-06-24,0.555,0.555,3620800.0
2022-06-27,0.555,0.56,7119411.0
2022-06-28,0.559,0.563,3706601.0
2022-06-29,0.562,0.564,4094402.0
2022-06-30,0.564,0.571,3291427.0
2022-07-01,0.57,0.567,2287902.0
2022-07-04,0.565,0.564,3089422.0
2022-07-05,0.565,0.564,2933308.0
2022-07-06,0.563,0.557,4356186.0
2022-07-07,0.557,0.556,1908579.0
2022-07-08,0.557,0.557,2087254.0
2022-07-11,0.556,0.557,3543847.0
2022-07-12,0.557,0.56,3495892.0
2022-07-13,0.559,0.547,6903189.0
2022-07-14,0.544,0.536,7899821.0
2022-07-15,0.536,0.531,4082500.0
2022-07-18,0.533,0.538,3602386.0
2022-07-19,0.537,0.54,2750050.0
2022-07-20,0.541,0.541,2207410.0
2022-07-21,0.541,0.535,3570817.0
2022-07-22,0.536,0.537,2218764.0
2022-07-25,0.536,0.538,2581367.0
2022-07-26,0.538,0.543,2337220.0
2022-07-27,0.542,0.54,1721042.0
2022-07-28,0.541,0.54,1772249.0
2022-07-29,0.539,0.533,4688270.0
2022-08-01,0.533,0.53,2917784.0
2022-08-02,0.528,0.522,3075728.0
2022-08-03,0.521,0.517,3701309.0
2022-08-04,0.519,0.521,3461775.0
2022-08-05,0.521,0.527,2650876.0
2022-08-08,0.526,0.524,1632817.0
2022-08-09,0.524,0.521,1806171.0
2022-08-10,0.521,0.517,2178035.0
2022-08-11,0.519,0.527,3704910.0
2022-08-12,0.525,0.528,2057889.0
2022-08-15,0.526,0.522,2116968.0
2022-08-16,0.522,0.523,1708283.0
2022-08-17,0.523,0.527,2935246.0
2022-08-18,0.526,0.522,1659221.0
2022-08-19,0.521,0.523,2308633.0
2022-08-22,0.522,0.524,2007396.0
2022-08-23,0.523,0.52,1994003.0
2022-08-24,0.519,0.517,2640178.0
2022-08-25,0.517,0.524,2991401.0
2022-08-26,0.523,0.525,1928025.0
2022-08-29,0.521,0.52,1996309.0
2022-08-30,0.52,0.522,2193818.0
2022-08-31,0.52,0.529,3763703.0
2022-09-01,0.528,0.528,1826905.0
2022-09-02,0.528,0.527,1631446.0
2022-09-05,0.527,0.528,1361276.0
2022-09-06,0.528,0.528,2061961.0
2022-09-07,0.526,0.524,1611908.0
2022-09-08,0.524,0.526,1992415.0
2022-09-09,0.526,0.535,3513266.0
2022-09-13,0.535,0.538,2778295.0
2022-09-14,0.535,0.534,1721155.0
2022-09-15,0.536,0.54,2649787.0
2022-09-16,0.538,0.531,2183341.0
2022-09-19,0.531,0.532,1654954.0
2022-09-20,0.532,0.527,1809890.0
2022-09-21,0.526,0.529,1712045.0
2022-09-22,0.526,0.527,1511206.0
2022-09-23,0.526,0.529,2276819.0
2022-09-26,0.527,0.521,2078742.0
2022-09-27,0.521,0.524,1768442.0
2022-09-28,0.523,0.524,2652060.0
2022-09-29,0.526,0.519,3411460.0
2022-09-30,0.519,0.521,3288852.0
2022-10-10,0.52,0.514,2123900.0
2022-10-11,0.514,0.513,1495539.0
2022-10-12,0.513,0.514,1907135.0
2022-10-13,0.513,0.507,2425526.0
2022-10-14,0.509,0.513,2844908.0
2022-10-17,0.509,0.511,2227360.0
2022-10-18,0.513,0.51,3114403.0
2022-10-19,0.509,0.505,3066927.0
2022-10-20,0.503,0.504,2503412.0
2022-10-21,0.504,0.502,2012898.0
2022-10-24,0.501,0.487,4676134.0
2022-10-25,0.487,0.487,2320251.0
2022-10-26,0.486,0.482,2968916.0
2022-10-27,0.483,0.482,2360474.0
2022-10-28,0.48,0.477,1825893.0
2022-10-31,0.475,0.472,2670739.0
2022-11-01,0.473,0.48,1995199.0
2022-11-02,0.478,0.48,3377237.0
2022-11-03,0.476,0.476,1264802.0
2022-11-04,0.476,0.484,2900354.0
2022-11-07,0.482,0.485,2461980.0
2022-11-08,0.484,0.484,2326697.0
2022-11-09,0.483,0.484,2638634.0
2022-11-10,0.482,0.485,1937542.0
2022-11-11,0.492,0.501,5083790.0
2022-11-14,0.506,0.511,4979517.0
2022-11-15,0.51,0.513,2276994.0
2022-11-16,0.512,0.508,1566089.0
2022-11-17,0.507,0.506,1795752.0
2022-11-18,0.507,0.504,1557522.0
2022-11-21,0.501,0.501,1314082.0
2022-11-22,0.502,0.51,2583099.0
2022-11-23,0.509,0.512,2180365.0
2022-11-24,0.514,0.511,1293187.0
2022-11-25,0.511,0.523,3394703.0
2022-11-28,0.517,0.514,2074465.0
2022-11-29,0.519,0.537,6355201.0
2022-11-30,0.537,0.534,2198088.0
2022-12-01,0.543,0.531,2349071.0
2022-12-02,0.531,0.527,1732531.0
2022-12-05,0.531,0.541,4499954.0
2022-12-06,0.539,0.54,1838071.0
2022-12-07,0.539,0.536,2332295.0
2022-12-08,0.535,0.539,1146631.0
2022-12-09,0.54,0.545,1891686.0
2022-12-12,0.542,0.534,1924240.0
2022-12-13,0.533,0.538,998809.0
2022-12-14,0.539,0.54,1192641.0
2022-12-15,0.539,0.534,2173250.0
2022-12-16,0.532,0.539,1616006.0
2022-12-19,0.54,0.531,1257632.0
2022-12-20,0.531,0.524,1337751.0
2022-12-21,0.524,0.527,1589099.0
2022-12-22,0.529,0.528,1683122.0
2022-12-23,0.526,0.527,1861962.0
2022-12-26,0.526,0.524,968210.0
2022-12-27,0.527,0.534,1188921.0
2022-12-28,0.533,0.539,1402611.0
2022-12-29,0.536,0.536,2073464.0
2022-12-30,0.536,0.539,1630533.0
2023-01-03,0.539,0.542,1207495.0
2023-01-04,0.541,0.552,2544148.0
2023-01-05,0.552,0.552,2086563.0
2023-01-06,0.552,0.551,1625014.0
2023-01-09,0.551,0.551,2304884.0
2023-01-10,0.551,0.545,1849029.0
2023-01-11,0.545,0.549,2496821.0
2023-01-12,0.551,0.55,1064591.0
2023-01-13,0.55,0.556,1475715.0
2023-01-16,0.556,0.557,2065961.0
2023-01-17,0.556,0.556,1819569.0
2023-01-18,0.556,0.557,1319923.0
2023-01-19,0.555,0.557,1765287.0
2023-01-20,0.558,0.558,1447865.0
2023-01-30,0.565,0.56,2690304.0
2023-01-31,0.56,0.555,1581673.0
2023-02-01,0.555,0.553,2328205.0
2023-02-02,0.554,0.549,2747915.0
2023-02-03,0.547,0.544,3272125.0
2023-02-06,0.541,0.538,2242641.0
2023-02-07,0.539,0.541,2784191.0
2023-02-08,0.541,0.54,1131027.0
2023-02-09,0.539,0.542,1888292.0
2023-02-10,0.541,0.542,1274513.0
2023-02-13,0.542,0.537,3101412.0
2023-02-14,0.537,0.538,2235097.0
2023-02-15,0.538,0.534,2000090.0
2023-02-16,0.533,0.534,2521568.0
2023-02-17,0.533,0.53,1634763.0
2023-02-20,0.53,0.542,3168888.0
2023-02-21,0.542,0.543,1907052.0
2023-02-22,0.541,0.539,1233979.0
2023-02-23,0.539,0.54,1181539.0
2023-02-24,0.539,0.535,1981454.0
2023-02-27,0.534,0.533,987888.0
2023-02-28,0.534,0.535,1029838.0
2023-03-01,0.534,0.54,1669738.0
2023-03-02,0.54,0.542,1678741.0
2023-03-03,0.543,0.547,2969331.0
2023-03-06,0.547,0.539,2257319.0
2023-03-07,0.538,0.539,3162034.0
2023-03-08,0.536,0.536,1979933.0
2023-03-09,0.535,0.534,1455000.0
2023-03-10,0.531,0.525,1902600.0
2023-03-13,0.525,0.527,1601570.0
2023-03-14,0.524,0.523,1541490.0
2023-03-15,0.525,0.528,1742176.0
2023-03-16,0.526,0.529,2205139.0
2023-03-17,0.531,0.529,2683921.0
2023-03-20,0.529,0.526,1867825.0
2023-03-21,0.527,0.525,1761878.0
2023-03-22,0.526,0.53,1515032.0
2023-03-23,0.528,0.533,1984398.0
2023-03-24,0.532,0.528,1272085.0
2023-03-27,0.526,0.523,1956397.0
2023-03-28,0.524,0.525,1429372.0
2023-03-29,0.526,0.523,1546065.0
2023-03-30,0.524,0.527,1580838.0
2023-03-31,0.527,0.525,1354334.0
2023-04-03,0.525,0.526,2350769.0
2023-04-04,0.525,0.529,3437546.0
2023-04-06,0.528,0.526,1429694.0
2023-04-07,0.527,0.528,1444230.0
2023-04-10,0.528,0.529,2863344.0
2023-04-11,0.529,0.528,1439714.0
2023-04-12,0.528,0.529,1795784.0
2023-04-13,0.528,0.534,3386173.0
2023-04-14,0.534,0.536,3159306.0
2023-04-17,0.536,0.546,2876585.0
2023-04-18,0.545,0.551,3623415.0
2023-04-19,0.552,0.55,2379947.0
2023-04-20,0.55,0.549,3299914.0
2023-04-21,0.548,0.542,2296582.0
2023-04-24,0.542,0.539,1932601.0
2023-04-25,0.538,0.548,2673942.0
2023-04-26,0.548,0.543,2389885.0
2023-04-27,0.541,0.543,1944482.0
2023-04-28,0.542,0.548,2174465.0
2023-05-04,0.545,0.564,3152509.0
2023-05-05,0.563,0.569,4631242.0
2023-05-08,0.571,0.593,11924216.0
2023-05-09,0.597,0.586,8415371.0
2023-05-10,0.584,0.57,6010920.0
2023-05-11,0.57,0.567,2906644.0
2023-05-12,0.567,0.561,2726318.0
2023-05-15,0.56,0.568,4678292.0
2023-05-16,0.566,0.566,3826229.0
2023-05-17,0.564,0.562,1729134.0
2023-05-18,0.563,0.568,3810183.0
2023-05-19,0.566,0.559,1873271.0
2023-05-22,0.558,0.561,1714060.0
2023-05-23,0.561,0.551,3092002.0
2023-05-24,0.55,0.54,2531981.0
2023-05-25,0.538,0.538,3078022.0
2023-05-26,0.537,0.543,1804198.0
2023-05-29,0.543,0.543,1848501.0
2023-05-30,0.542,0.541,2706684.0
2023-05-31,0.539,0.537,2029854.0
2023-06-01,0.537,0.536,2745894.0
2023-06-02,0.537,0.543,2495069.0
2023-06-05,0.543,0.547,1531975.0
2023-06-06,0.546,0.545,2703614.0
2023-06-07,0.546,0.552,2117353.0
2023-06-08,0.551,0.56,5762533.0
2023-06-09,0.56,0.558,3202459.0
2023-06-12,0.558,0.55,1795661.0
2023-06-13,0.549,0.552,2453784.0
2023-06-14,0.552,0.544,5696808.0
2023-06-15,0.544,0.547,2198693.0
2023-06-16,0.547,0.547,2144108.0
2023-06-19,0.546,0.539,1723079.0
2023-06-20,0.539,0.537,1540458.0
2023-06-21,0.537,0.537,1874986.0
2023-06-26,0.536,0.529,1708292.0
2023-06-27,0.53,0.535,2416320.0
2023-06-28,0.534,0.536,1281966.0
2023-06-29,0.535,0.533,1150684.0
2023-06-30,0.533,0.537,1424823.0
2023-07-03,0.538,0.545,2559165.0
2023-07-04,0.544,0.54,1630597.0
2023-07-05,0.539,0.537,1842471.0
2023-07-06,0.535,0.533,2399617.0
2023-07-07,0.532,0.533,1475879.0
2023-07-10,0.534,0.533,1573618.0
2023-07-11,0.533,0.536,1629349.0
2023-07-12,0.536,0.538,1731913.0
2023-07-13,0.541,0.546,1624287.0
2023-07-14,0.546,0.547,1821829.0
2023-07-17,0.546,0.544,1215070.0
2023-07-18,0.544,0.542,826103.0
2023-07-19,0.542,0.545,1032124.0
2023-07-20,0.545,0.545,1138852.0
2023-07-21,0.546,0.547,1183757.0
2023-07-24,0.546,0.544,1923678.0
2023-07-25,0.549,0.559,2808021.0
2023-07-26,0.558,0.559,1741159.0
2023-07-27,0.559,0.563,2497157.0
2023-07-28,0.561,0.58,3792540.0
2023-07-31,0.582,0.584,3222893.0
2023-08-01,0.583,0.581,2242140.0
2023-08-02,0.578,0.57,2526450.0
2023-08-03,0.569,0.578,2850860.0
2023-08-04,0.581,0.58,3618638.0
2023-08-07,0.576,0.575,1661326.0
2023-08-08,0.574,0.572,1378674.0
2023-08-09,0.57,0.574,1332884.0
2023-08-10,0.573,0.573,968081.0
2023-08-11,0.572,0.562,1645672.0
2023-08-14,0.558,0.555,2299305.0
2023-08-15,0.555,0.561,3061937.0
2023-08-16,0.558,0.559,1492200.0
2023-08-17,0.557,0.556,1942798.0
2023-08-18,0.556,0.557,1747921.0
2023-08-21,0.558,0.55,1843799.0
2023-08-22,0.551,0.555,1224450.0
2023-08-23,0.554,0.554,1760038.0
2023-08-24,0.554,0.552,1329846.0
2023-08-25,0.551,0.557,3019818.0
2023-08-28,0.585,0.565,3525719.0
2023-08-29,0.562,0.558,2948549.0
2023-08-30,0.556,0.551,3316819.0
2023-08-31,0.551,0.549,3014606.0
2023-09-01,0.551,0.554,2209338.0
2023-09-04,0.555,0.564,2234938.0
2023-09-05,0.562,0.559,1296370.0
2023-09-06,0.557,0.561,1423380.0
2023-09-07,0.559,0.559,2260435.0
2023-09-08,0.557,0.556,960747.0
2023-09-11,0.556,0.557,1442544.0
2023-09-12,0.557,0.556,773324.0
2023-09-13,0.557,0.556,1529521.0
2023-09-14,0.557,0.562,2046531.0
2023-09-15,0.563,0.559,2968589.0
2023-09-18,0.558,0.56,1640312.0
2023-09-19,0.559,0.563,1215221.0
2023-09-20,0.563,0.565,1320934.0
2023-09-21,0.564,0.562,1451142.0
2023-09-22,0.561,0.568,2942123.0
2023-09-25,0.567,0.568,1651405.0
2023-09-26,0.567,0.566,1341940.0
2023-09-27,0.565,0.564,1525562.0
2023-09-28,0.563,0.562,1119979.0
2023-10-09,0.561,0.559,1319974.0
2023-10-10,0.561,0.559,1191682.0
2023-10-11,0.559,0.557,1273375.0
2023-10-12,0.564,0.565,1867027.0
2023-10-13,0.562,0.565,1719081.0
2023-10-16,0.564,0.565,1092173.0
2023-10-17,0.565,0.566,943657.0
2023-10-18,0.565,0.565,1318168.0
2023-10-19,0.564,0.551,1696549.0
2023-10-20,0.55,0.552,1263540.0
2023-10-23,0.549,0.546,1356332.0
2023-10-24,0.548,0.544,1003885.0
2023-10-25,0.547,0.545,1222457.0
2023-10-26,0.543,0.551,1278666.0
2023-10-27,0.549,0.55,1205116.0
2023-10-30,0.549,0.541,2878476.0
2023-10-31,0.54,0.541,1297997.0
2023-11-01,0.542,0.541,993798.0
2023-11-02,0.541,0.545,1833584.0
2023-11-03,0.545,0.543,1417155.0
2023-11-06,0.544,0.544,2692049.0
2023-11-07,0.543,0.543,1435152.0
2023-11-08,0.543,0.54,1464070.0
2023-11-09,0.54,0.543,1495236.0
2023-11-10,0.542,0.539,1280496.0
2023-11-13,0.539,0.536,1093217.0
2023-11-14,0.536,0.537,957549.0
2023-11-15,0.539,0.54,1334527.0
2023-11-16,0.54,0.539,1046342.0
2023-11-17,0.538,0.536,1063969.0
2023-11-20,0.536,0.539,853271.0
2023-11-21,0.54,0.541,1526026.0
2023-11-22,0.54,0.539,1216558.0
2023-11-23,0.538,0.539,1086873.0
2023-11-24,0.539,0.539,1086399.0
2023-11-27,0.538,0.534,1524575.0
2023-11-28,0.534,0.531,1772424.0
2023-11-29,0.532,0.527,1360651.0
2023-11-30,0.526,0.529,872711.0
2023-12-01,0.528,0.527,931717.0
2023-12-04,0.528,0.526,883675.0
2023-12-05,0.526,0.517,1160985.0
2023-12-06,0.517,0.516,1070184.0
2023-12-07,0.517,0.517,1154762.0
2023-12-08,0.517,0.517,632999.0
2023-12-11,0.515,0.519,1261370.0
2023-12-12,0.518,0.524,1307871.0
2023-12-13,0.523,0.518,1104241.0
2023-12-14,0.518,0.516,1021225.0
2023-12-15,0.518,0.515,992590.0
2023-12-18,0.514,0.515,1171604.0
2023-12-19,0.515,0.514,1017778.0
2023-12-20,0.515,0.513,1613468.0
2023-12-21,0.513,0.517,1169864.0
2023-12-22,0.517,0.517,1476369.0
2023-12-25,0.517,0.517,738615.0
2023-12-26,0.517,0.515,556753.0
2023-12-27,0.516,0.518,1147889.0
2023-12-28,0.517,0.522,1713730.0
2023-12-29,0.521,0.521,1478286.0
2024-01-02,0.522,0.521,1065365.0
2024-01-03,0.519,0.523,1052551.0
2024-01-04,0.523,0.524,1089891.0
2024-01-05,0.523,0.529,2128877.0
2024-01-08,0.528,0.525,1544454.0
2024-01-09,0.525,0.528,1465464.0
2024-01-10,0.527,0.525,857751.0
2024-01-11,0.524,0.524,1358348.0
2024-01-12,0.524,0.529,1598258.0
2024-01-15,0.528,0.531,1228063.0
2024-01-16,0.53,0.538,2648697.0
2024-01-17,0.537,0.533,1856413.0
2024-01-18,0.531,0.536,2306521.0
2024-01-19,0.533,0.536,1346721.0
2024-01-22,0.535,0.533,2088065.0
2024-01-23,0.532,0.534,1419032.0
2024-01-24,0.535,0.542,1573903.0
2024-01-25,0.542,0.549,2296920.0
2024-01-26,0.55,0.559,2461928.0
2024-01-29,0.56,0.564,2604387.0
2024-01-30,0.561,0.558,2175308.0
2024-01-31,0.555,0.558,2107801.0
2024-02-01,0.557,0.555,1470933.0
2024-02-02,0.554,0.555,1858648.0
2024-02-05,0.555,0.563,1953326.0
2024-02-06,0.56,0.568,2431303.0
2024-02-07,0.566,0.563,2930531.0
2024-02-08,0.561,0.56,1725398.0
2024-02-19,0.563,0.573,1780004.0
2024-02-20,0.571,0.575,1983284.0
2024-02-21,0.574,0.592,3174315.0
2024-02-22,0.59,0.593,2230971.0
2024-02-23,0.592,0.595,2125764.0
2024-02-26,0.593,0.58,2841751.0
2024-02-27,0.578,0.581,1386300.0
2024-02-28,0.58,0.58,1749101.0
2024-02-29,0.577,0.581,1142562.0
2024-03-01,0.58,0.582,1061220.0
2024-03-04,0.581,0.576,1815308.0
2024-03-05,0.575,0.588,2991336.0
2024-03-06,0.587,0.582,1948933.0
2024-03-07,0.581,0.584,1674643.0
2024-03-08,0.583,0.583,1333982.0
2024-03-11,0.582,0.582,1340220.0
2024-03-12,0.581,0.578,3721884.0
2024-03-13,0.576,0.572,1834400.0
2024-03-14,0.57,0.571,1314858.0
2024-03-15,0.573,0.574,1452781.0
2024-03-18,0.573,0.574,1322726.0
2024-03-19,0.573,0.569,1558315.0
2024-03-20,0.568,0.574,1526497.0
2024-03-21,0.573,0.577,2813219.0
2024-03-22,0.577,0.575,2465336.0
2024-03-25,0.574,0.578,2376579.0
2024-03-26,0.579,0.586,1785231.0
2024-03-27,0.585,0.588,1893410.0
2024-03-28,0.587,0.582,2251277.0
2024-03-29,0.579,0.581,1651255.0
2024-04-01,0.581,0.587,1585605.0
2024-04-02,0.587,0.587,1293656.0
2024-04-03,0.587,0.584,816325.0
2024-04-08,0.584,0.588,1441037.0
2024-04-09,0.587,0.584,3299924.0
2024-04-10,0.584,0.585,1142271.0
2024-04-11,0.583,0.584,1023060.0
2024-04-12,0.583,0.58,1149633.0
2024-04-15,0.581,0.592,1940850.0
2024-04-16,0.592,0.593,1450795.0
2024-04-17,0.591,0.603,2479396.0
2024-04-18,0.6,0.608,3068297.0
2024-04-19,0.605,0.607,2084535.0
2024-04-22,0.607,0.602,2114200.0
2024-04-23,0.601,0.602,2071213.0
2024-04-24,0.601,0.6,2686362.0
2024-04-25,0.599,0.609,1528806.0
2024-04-26,0.606,0.6,2747740.0
2024-04-29,0.598,0.606,2970667.0
2024-04-30,0.604,0.609,1401915.0
2024-05-06,0.613,0.609,1504361.0
2024-05-07,0.609,0.609,1170889.0
2024-05-08,0.606,0.609,797590.0
2024-05-09,0.608,0.61,1234583.0
2024-05-10,0.61,0.617,1848965.0
2024-05-13,0.615,0.621,1274713.0
2024-05-14,0.621,0.618,1114598.0
2024-05-15,0.616,0.616,845624.0
2024-05-16,0.616,0.627,2533864.0
2024-05-17,0.627,0.635,2946651.0
2024-05-20,0.636,0.632,2002338.0
2024-05-21,0.631,0.636,2075280.0
2024-05-22,0.637,0.639,2669621.0
2024-05-23,0.638,0.635,2332306.0
2024-05-24,0.634,0.629,2036916.0
2024-05-27,0.63,0.638,3597684.0
2024-05-28,0.638,0.635,1342072.0
2024-05-29,0.635,0.629,1790587.0
2024-05-30,0.628,0.625,1432310.0
2024-05-31,0.626,0.627,1146143.0
2024-06-03,0.626,0.62,1944954.0
2024-06-04,0.619,0.624,974208.0
2024-06-05,0.624,0.616,1255900.0
2024-06-06,0.617,0.616,1053750.0
2024-06-07,0.616,0.62,1891648.0
2024-06-11,0.619,0.61,1284852.0
2024-06-12,0.609,0.608,1217487.0
2024-06-13,0.607,0.603,3291881.0
2024-06-14,0.603,0.61,1753261.0
2024-06-17,0.607,0.604,1129175.0
2024-06-18,0.603,0.606,1431226.0
2024-06-19,0.605,0.613,1165957.0
2024-06-20,0.612,0.609,2672265.0
2024-06-21,0.609,0.609,2593219.0
2024-06-24,0.608,0.61,1112088.0
2024-06-25,0.61,0.613,3100748.0
2024-06-26,0.612,0.614,1546520.0
2024-06-27,0.613,0.621,2456704.0
2024-06-28,0.62,0.624,1404011.0
2024-07-01,0.623,0.632,1545963.0
2024-07-02,0.63,0.64,2017700.0
2024-07-03,0.641,0.635,2516628.0
2024-07-04,0.634,0.636,1430120.0
2024-07-05,0.636,0.623,2249436.0
2024-07-08,0.622,0.627,1252351.0
2024-07-09,0.627,0.633,1525345.0
2024-07-10,0.633,0.636,1036780.0
2024-07-11,0.638,0.632,2085748.0
2024-07-12,0.631,0.645,2431392.0
2024-07-15,0.644,0.652,2740306.0
2024-07-16,0.652,0.65,1552484.0
2024-07-17,0.648,0.655,1260782.0
2024-07-18,0.653,0.654,1115508.0
2024-07-19,0.653,0.652,1414165.0
2024-07-22,0.65,0.641,1911477.0
2024-07-23,0.641,0.647,1961519.0
2024-07-24,0.647,0.648,1541880.0
2024-07-25,0.647,0.642,1327152.0
2024-07-26,0.641,0.633,1432209.0
2024-07-29,0.632,0.642,1147461.0
2024-07-30,0.641,0.639,930102.0
2024-07-31,0.638,0.638,1578210.0
2024-08-01,0.636,0.639,1826668.0
2024-08-02,0.636,0.636,990484.0
2024-08-05,0.635,0.63,1590432.0
2024-08-06,0.632,0.624,1992158.0
2024-08-07,0.624,0.625,1034156.0
2024-08-08,0.624,0.627,1176811.0
2024-08-09,0.626,0.63,1346681.0
2024-08-12,0.629,0.628,883220.0
2024-08-13,0.627,0.631,1008768.0
2024-08-14,0.63,0.63,2504299.0
2024-08-15,0.629,0.639,1348491.0
2024-08-16,0.639,0.647,1974442.0
2024-08-19,0.647,0.658,2029975.0
2024-08-20,0.657,0.659,1736531.0
2024-08-21,0.657,0.655,2628962.0
2024-08-22,0.654,0.661,1334234.0
2024-08-23,0.661,0.665,1105858.0
2024-08-26,0.664,0.665,1028984.0
2024-08-27,0.663,0.667,1019799.0
2024-08-28,0.666,0.663,1124284.0
2024-08-29,0.662,0.641,2110658.0
2024-08-30,0.638,0.628,4203444.0
2024-09-02,0.623,0.628,2338409.0
2024-09-03,0.627,0.617,2591159.0
2024-09-04,0.615,0.615,2201372.0
2024-09-05,0.615,0.614,1688601.0
2024-09-06,0.614,0.616,1652343.0
2024-09-09,0.614,0.605,2825609.0
2024-09-10,0.605,0.609,1497531.0
2024-09-11,0.607,0.595,2949135.0
2024-09-12,0.594,0.599,1712618.0
2024-09-13,0.598,0.597,1433508.0
2024-09-18,0.597,0.604,1566473.0
2024-09-19,0.605,0.604,1578309.0
2024-09-20,0.604,0.609,1506223.0
2024-09-23,0.607,0.618,1632647.0
2024-09-24,0.621,0.643,2854034.0
2024-09-25,0.65,0.655,2758635.0
2024-09-26,0.654,0.68,2600102.0
2024-09-27,0.685,0.689,1553080.0
2024-09-30,0.693,0.707,6836060.0
2024-10-08,0.767,0.73,6866895.0
2024-10-09,0.715,0.677,3334920.0
2024-10-10,0.677,0.706,3637443.0
2024-10-11,0.705,0.698,3035437.0
2024-10-14,0.709,0.723,5748949.0
2024-10-15,0.721,0.706,3115063.0
2024-10-16,0.702,0.726,3634709.0
2024-10-17,0.726,0.716,3061539.0
2024-10-18,0.716,0.72,4038328.0
2024-10-21,0.716,0.71,4092348.0
2024-10-22,0.707,0.708,2342376.0
2024-10-23,0.708,0.711,2635015.0
2024-10-24,0.71,0.709,2285530.0
2024-10-25,0.708,0.706,2147120.0
2024-10-28,0.703,0.699,2098549.0
2024-10-29,0.699,0.699,2665932.0
2024-10-30,0.698,0.691,2246194.0
2024-10-31,0.689,0.686,2642408.0
2024-11-01,0.685,0.696,3378082.0
2024-11-04,0.696,0.699,2322678.0
2024-11-05,0.697,0.705,2933142.0
2024-11-06,0.704,0.7,3199062.0
2024-11-07,0.698,0.715,3793069.0
2024-11-08,0.715,0.705,3756667.0
2024-11-11,0.701,0.694,2552443.0
2024-11-12,0.693,0.688,3013591.0
2024-11-13,0.686,0.691,2526205.0
2024-11-14,0.691,0.693,3477151.0
2024-11-15,0.691,0.692,3984967.0
2024-11-18,0.699,0.705,5235256.0
2024-11-19,0.705,0.703,3431657.0
2024-11-20,0.701,0.7,2358133.0
2024-11-21,0.698,0.698,2800728.0
2024-11-22,0.697,0.683,2673946.0
2024-11-25,0.684,0.684,2435457.0
2024-11-26,0.682,0.69,2469916.0
2024-11-27,0.688,0.697,2818812.0
2024-11-28,0.696,0.696,1809079.0
2024-11-29,0.697,0.697,2520614.0
2024-12-02,0.697,0.694,2313806.0
2024-12-03,0.694,0.705,3213561.0
2024-12-04,0.703,0.704,2926547.0
2024-12-05,0.703,0.704,1996762.0
2024-12-06,0.703,0.712,2936885.0
2024-12-09,0.71,0.715,2449981.0
2024-12-10,0.722,0.722,3356649.0
2024-12-11,0.721,0.715,2265393.0
2024-12-12,0.714,0.724,2550151.0
2024-12-13,0.719,0.708,2668764.0
2024-12-16,0.707,0.715,2224030.0
2024-12-17,0.714,0.714,2210521.0
2024-12-18,0.718,0.723,2609787.0
2024-12-19,0.72,0.716,2629257.0
2024-12-20,0.715,0.714,2386971.0
2024-12-23,0.714,0.727,3878322.0
2024-12-24,0.726,0.736,3248442.0
2024-12-25,0.735,0.744,4736016.0
2024-12-26,0.743,0.744,2696685.0
2024-12-27,0.741,0.742,5080235.0
2024-12-30,0.739,0.751,5792061.0
2024-12-31,0.751,0.743,5213175.0
2025-01-02,0.743,0.726,4710526.0
2025-01-03,0.726,0.721,4619021.0
2025-01-06,0.722,0.728,3847346.0
2025-01-07,0.725,0.732,3795729.0
2025-01-08,0.73,0.738,3572803.0
2025-01-09,0.738,0.733,2684449.0
2025-01-10,0.732,0.728,2953748.0
2025-01-13,0.725,0.718,3110938.0
2025-01-14,0.72,0.73,3170621.0
2025-01-15,0.729,0.736,3165100.0
2025-01-16,0.738,0.743,3474025.0
2025-01-17,0.741,0.739,2309367.0
2025-01-20,0.74,0.736,2955356.0
2025-01-21,0.737,0.736,1965936.0
2025-01-22,0.736,0.722,2902749.0
2025-01-23,0.726,0.74,3720475.0
2025-01-24,0.741,0.742,3189197.0
2025-01-27,0.742,0.752,2706713.0
2025-02-05,0.752,0.74,2526756.0
2025-02-06,0.74,0.74,2602706.0
2025-02-07,0.74,0.738,5537474.0
2025-02-10,0.736,0.739,3635576.0
2025-02-11,0.738,0.745,2560520.0
2025-02-12,0.744,0.75,3505732.0
2025-02-13,0.749,0.751,2955718.0
2025-02-14,0.751,0.755,2228727.0
2025-02-17,0.755,0.753,2636152.0
2025-02-18,0.751,0.761,3976699.0
2025-02-19,0.759,0.757,3026146.0
2025-02-20,0.755,0.758,3151701.0
2025-02-21,0.757,0.747,6127279.0
2025-02-24,0.745,0.741,4027306.0
2025-02-25,0.742,0.735,3346961.0
2025-02-26,0.735,0.739,4686477.0
2025-02-27,0.74,0.749,4633640.0
2025-02-28,0.747,0.745,4152626.0
2025-03-03,0.745,0.743,4249511.0
2025-03-04,0.741,0.743,3231112.0
2025-03-05,0.742,0.755,4908923.0
2025-03-06,0.754,0.751,3337069.0
2025-03-07,0.749,0.751,3216261.0
2025-03-10,0.75,0.745,2007522.0
2025-03-11,0.743,0.749,2356142.0
2025-03-12,0.748,0.749,2117289.0
2025-03-13,0.75,0.751,2201950.0
2025-03-14,0.751,0.761,4213389.0
2025-03-17,0.762,0.764,1614525.0
2025-03-18,0.765,0.762,1152764.0
2025-03-19,0.762,0.774,1980116.0
2025-03-20,0.773,0.769,2072297.0
2025-03-21,0.767,0.759,1923911.0
2025-03-24,0.759,0.766,2973310.0
2025-03-25,0.766,0.77,2212265.0
2025-03-26,0.768,0.759,4603638.0
2025-03-27,0.758,0.762,2105201.0
2025-03-28,0.762,0.76,1603364.0
2025-03-31,0.765,0.762,3376972.0
2025-04-01,0.76,0.758,3431710.0
2025-04-02,0.757,0.764,2734484.0
2025-04-03,0.761,0.767,2554448.0
2025-04-07,0.755,0.743,5302641.0
2025-04-08,0.735,0.743,3362516.0
2025-04-09,0.736,0.736,4254814.0
2025-04-10,0.736,0.742,2978246.0
2025-04-11,0.739,0.744,2012104.0
2025-04-14,0.743,0.748,2584326.0
2025-04-15,0.748,0.759,2263452.0
2025-04-16,0.759,0.766,2163276.0
2025-04-17,0.764,0.767,1783334.0
2025-04-18,0.765,0.774,2004671.0
2025-04-21,0.773,0.764,3177603.0
2025-04-22,0.764,0.771,2870481.0
2025-04-23,0.77,0.767,1718532.0
2025-04-24,0.765,0.775,2136611.0
2025-04-25,0.776,0.773,1900160.0
2025-04-28,0.772,0.779,2032246.0
2025-04-29,0.778,0.777,1737330.0
2025-04-30,0.774,0.76,4056961.0
2025-05-06,0.761,0.76,2608788.0
2025-05-07,0.763,0.771,3266310.0
2025-05-08,0.769,0.779,2751822.0
2025-05-09,0.778,0.789,2493618.0
2025-05-12,0.789,0.791,4848191.0
2025-05-13,0.79,0.803,2216035.0
2025-05-14,0.801,0.81,4827880.0
2025-05-15,0.809,0.808,4114568.0
2025-05-16,0.807,0.801,3294419.0
2025-05-19,0.801,0.798,3677225.0
2025-05-20,0.8,0.801,2064706.0
2025-05-21,0.801,0.806,2451026.0
2025-05-22,0.806,0.813,3154288.0
2025-05-23,0.815,0.805,3041730.0
2025-05-26,0.805,0.799,2952835.0
2025-05-27,0.801,0.804,2176844.0
2025-05-28,0.804,0.803,2056337.0
2025-05-29,0.803,0.802,2152336.0
2025-05-30,0.801,0.808,2323826.0
2025-06-03,0.807,0.822,3281772.0
2025-06-04,0.822,0.823,2231418.0
2025-06-05,0.821,0.817,2983354.0
2025-06-06,0.818,0.819,1754297.0
2025-06-09,0.819,0.822,2966406.0
2025-06-10,0.819,0.826,3601576.0
2025-06-11,0.824,0.829,2167349.0
2025-06-12,0.829,0.832,2832639.0
2025-06-13,0.831,0.825,4810479.0
2025-06-16,0.824,0.835,2205094.0
2025-06-17,0.835,0.833,2743736.0
2025-06-18,0.834,0.842,2268499.0
2025-06-19,0.84,0.841,3100584.0
2025-06-20,0.84,0.85,3599713.0
2025-06-23,0.849,0.861,5196198.0
2025-06-24,0.859,0.863,4392473.0
2025-06-25,0.862,0.872,4561961.0
2025-06-26,0.871,0.881,5713355.0
2025-06-27,0.88,0.857,11279425.0
2025-06-30,0.853,0.856,6461600.0
2025-07-01,0.855,0.869,4068546.0
2025-07-02,0.867,0.873,4871960.0
2025-07-03,0.871,0.873,3763810.0
2025-07-04,0.871,0.889,4914428.0
2025-07-07,0.888,0.894,6708951.0
2025-07-08,0.893,0.891,7049191.0
2025-07-09,0.889,0.895,5392143.0
2025-07-10,0.894,0.906,9232437.0
2025-07-11,0.906,0.888,15847646.0
2025-07-14,0.888,0.895,9760280.0
2025-07-15,0.896,0.886,10071214.0
2025-07-16,0.884,0.882,12260519.0
2025-07-17,0.882,0.879,7467934.0
2025-07-18,0.88,0.883,9019601.0
2025-07-21,0.881,0.88,10676581.0
2025-07-22,0.875,0.867,18632839.0
2025-07-23,0.866,0.872,12364663.0
2025-07-24,0.872,0.859,15347036.0
2025-07-25,0.858,0.858,10971602.0
2025-07-28,0.856,0.86,9569531.0
2025-07-29,0.858,0.849,11911842.0
2025-07-30,0.849,0.854,14036608.0
2025-07-31,0.854,0.848,13866575.0
2025-08-01,0.85,0.853,11576569.0
2025-08-04,0.851,0.858,13871339.0
2025-08-05,0.857,0.871,13569784.0
2025-08-06,0.871,0.87,11503148.0
2025-08-07,0.869,0.874,9299292.0
2025-08-08,0.874,0.87,7212369.0
2025-08-11,0.87,0.863,12028575.0
2025-08-12,0.862,0.865,9123797.0
2025-08-13,0.866,0.857,15814119.0
2025-08-14,0.856,0.856,9356992.0
2025-08-15,0.855,0.844,18940978.0
2025-08-18,0.841,0.846,11747591.0
2025-08-19,0.845,0.847,8538559.0
2025-08-20,0.847,0.851,10547932.0
2025-08-21,0.85,0.855,12817799.0
2025-08-22,0.854,0.852,13473720.0
2025-08-25,0.849,0.858,13957810.0
2025-08-26,0.856,0.853,7802510.0
2025-08-27,0.851,0.838,11935530.0
2025-08-28,0.837,0.842,11596394.0
2025-08-29,0.84,0.836,13503752.0
2025-09-01,0.834,0.826,14832896.0
2025-09-02,0.825,0.842,23232151.0
2025-09-03,0.84,0.83,13775528.0
2025-09-04,0.829,0.838,16711197.0
2025-09-05,0.834,0.83,13148957.0
2025-09-08,0.828,0.826,9797267.0
2025-09-09,0.825,0.832,11019762.0
2025-09-10,0.83,0.833,10234565.0
2025-09-11,0.831,0.837,14710757.0
2025-09-12,0.835,0.824,16555087.0
2025-09-15,0.823,0.816,17857382.0
2025-09-16,0.815,0.808,13866085.0
2025-09-17,0.808,0.805,11440008.0
2025-09-18,0.805,0.79,21772357.0
2025-09-19,0.79,0.792,15760735.0
2025-09-22,0.791,0.784,11395435.0
2025-09-23,0.781,0.794,24816714.0
2025-09-24,0.792,0.792,19211923.0
2025-09-25,0.792,0.788,12416381.0
2025-09-26,0.786,0.789,12694704.0
2025-09-29,0.786,0.786,15978499.0
2025-09-30,0.785,0.778,15797304.0
2025-10-09,0.776,0.777,16338794.0
2025-10-10,0.777,0.78,19777636.0
2025-10-13,0.78,0.787,27923742.0
2025-10-14,0.784,0.806,42157726.0
2025-10-15,0.806,0.81,28194128.0
2025-10-16,0.809,0.822,29555563.0
2025-10-17,0.82,0.821,35467441.0
2025-10-20,0.817,0.819,23317199.0
2025-10-21,0.817,0.822,15782255.0
2025-10-22,0.819,0.829,14389470.0
2025-10-23,0.829,0.834,25446472.0
2025-10-24,0.831,0.829,16902935.0
2025-10-27,0.826,0.83,23085187.0
2025-10-28,0.831,0.829,14252844.0
2025-10-29,0.827,0.813,26457111.0
2025-10-30,0.811,0.812,11832133.0
2025-10-31,0.813,0.813,14434340.0
2025-11-03,0.813,0.823,20905986.0
2025-11-04,0.823,0.84,18774173.0
2025-11-05,0.843,0.84,20804759.0
2025-11-06,0.835,0.836,12100395.0
2025-11-07,0.836,0.835,10253953.0
2025-11-10,0.832,0.839,10813138.0
2025-11-11,0.838,0.843,10164593.0
2025-11-12,0.844,0.848,12940806.0
2025-11-13,0.846,0.846,11973725.0
2025-11-14,0.846,0.849,12129797.0
2025-11-17,0.846,0.838,15398371.0
2025-11-18,0.835,0.834,13201290.0
2025-11-19,0.834,0.842,12130662.0
2025-11-20,0.84,0.849,17530972.0
2025-11-21,0.848,0.84,17240506.0
2025-11-24,0.839,0.835,13858074.0
2025-11-25,0.833,0.846,16552736.0
2025-11-26,0.846,0.839,12750136.0
2025-11-27,0.837,0.842,11907341.0
2025-11-28,0.841,0.836,12428895.0
2025-12-01,0.833,0.842,12876674.0
2025-12-02,0.842,0.841,6830049.0
2025-12-03,0.84,0.834,12518474.0
2025-12-04,0.834,0.831,9436494.0
2025-12-05,0.829,0.827,14238534.0
2025-12-08,0.826,0.827,11361829.0
2025-12-09,0.827,0.826,12854146.0
2025-12-10,0.825,0.814,15141752.0
2025-12-11,0.813,0.815,11211979.0
2025-12-12,0.814,0.813,13861430.0
2025-12-15,0.812,0.815,8026444.0
2025-12-16,0.814,0.81,8270896.0
2025-12-17,0.809,0.812,10783559.0
2025-12-18,0.81,0.827,13584448.0
2025-12-19,0.825,0.824,11371705.0
2025-12-22,0.823,0.819,7956349.0
2025-12-23,0.818,0.82,8515269.0
2025-12-24,0.821,0.82,8375676.0
2025-12-25,0.819,0.819,8879561.0
2025-12-26,0.818,0.816,6833172.0
2025-12-29,0.816,0.824,9215607.0
2025-12-30,0.822,0.824,7853903.0
2025-12-31,0.823,0.823,5960480.0
2026-01-05,0.823,0.82,7895137.0
2026-01-06,0.82,0.825,14265385.0
2026-01-07,0.824,0.819,9023343.0
2026-01-08,0.819,0.811,8353869.0
2026-01-09,0.811,0.808,8026129.0
2026-01-12,0.807,0.812,10743712.0
2026-01-13,0.811,0.815,9505860.0
2026-01-14,0.815,0.804,12211365.0
2026-01-15,0.802,0.795,11862717.0
2026-01-16,0.797,0.787,10439650.0
2026-01-19,0.786,0.784,7550714.0
2026-01-20,0.784,0.79,11157961.0
2026-01-21,0.79,0.778,11221682.0
2026-01-22,0.778,0.775,8861452.0
2026-01-23,0.775,0.767,10766111.0
2026-01-26,0.765,0.771,10547878.0
2026-01-27,0.771,0.77,12581025.0
2026-01-28,0.768,0.765,11818179.0
2026-01-29,0.764,0.778,12790425.0
2026-01-30,0.779,0.775,12999656.0
2026-02-02,0.774,0.776,17257747.0
2026-02-03,0.775,0.768,11529098.0
2026-02-04,0.767,0.779,9754997.0
2026-02-05,0.781,0.792,13591853.0
2026-02-06,0.791,0.79,10822726.0
2026-02-09,0.786,0.792,8746811.0
2026-02-10,0.792,0.794,5952401.0
2026-02-11,0.794,0.796,6515657.0
2026-02-12,0.796,0.784,7036576.0
2026-02-13,0.785,0.779,8898968.0
2026-02-24,0.78,0.777,6395644.0
2026-02-25,0.777,0.774,8076501.0
2026-02-26,0.773,0.772,7517843.0
2026-02-27,0.772,0.773,4618493.0
2026-03-02,0.771,0.777,8391069.0
2026-03-03,0.776,0.784,18507249.0
2026-03-04,0.781,0.775,10982025.0
2026-03-05,0.773,0.783,10171370.0
2026-03-06,0.781,0.784,6373337.0
2026-03-09,0.78,0.778,11006454.0
2026-03-10,0.777,0.779,6638839.0
2026-03-11,0.779,0.786,8802479.0
2026-03-12,0.785,0.793,8451275.0
2026-03-13,0.792,0.795,11364789.0
2026-03-16,0.795,0.797,9998725.0
2026-03-17,0.797,0.804,12743503.0
2026-03-18,0.804,0.802,12322625.0
2026-03-19,0.799,0.799,11092867.0
2026-03-20,0.798,0.797,9482238.0
2026-03-23,0.793,0.771,15343741.0
2026-03-24,0.773,0.787,12274582.0
2026-03-25,0.787,0.794,9664868.0
2026-03-26,0.79,0.796,8216343.0
2026-03-27,0.795,0.792,7990051.0
2026-03-30,0.789,0.795,10250803.0
2026-03-31,0.795,0.802,9962306.0
2026-04-01,0.803,0.802,8047538.0
2026-04-02,0.801,0.805,9625430.0
2026-04-03,0.806,0.797,6285286.0
2026-04-07,0.796,0.788,8942832.0
2026-04-08,0.79,0.794,11520315.0
2026-04-09,0.793,0.788,6250159.0
2026-04-10,0.788,0.787,8139513.0
2026-04-13,0.787,0.789,7395120.0
2026-04-14,0.787,0.794,7933022.0
2026-04-15,0.794,0.802,8290894.0
2026-04-16,0.802,0.801,7816561.0
2026-04-17,0.799,0.796,6380878.0
2026-04-20,0.796,0.805,7837480.0
2026-04-21,0.805,0.808,7960167.0
2026-04-22,0.808,0.802,6575247.0
2026-04-23,0.802,0.804,7636190.0
2026-04-24,0.804,0.803,6452956.0
2026-04-27,0.802,0.8,5785464.0
2026-04-28,0.798,0.803,7112421.0
2026-04-29,0.8,0.8,7695896.0
2026-04-30,0.798,0.795,10150845.0
2026-05-06,0.793,0.788,10567806.0
2026-05-07,0.787,0.784,7292740.0
2026-05-08,0.785,0.785,7698890.0
2026-05-11,0.784,0.785,9406006.0
2026-05-12,0.784,0.782,10565439.0
2026-05-13,0.782,0.78,9080198.0
2026-05-14,0.78,0.784,9626540.0
2026-05-15,0.782,0.779,9407285.0
2026-05-18,0.777,0.771,7938859.0
2026-05-19,0.771,0.775,6209133.0
2026-05-20,0.775,0.768,10053150.0
2026-05-21,0.768,0.771,10311750.0
2026-05-22,0.769,0.769,7501323.0
2026-05-25,0.767,0.767,5216473.0
2026-05-26,0.767,0.771,7136414.0
2026-05-27,0.77,0.767,6817533.0
2026-05-28,0.766,0.761,11289029.0
2026-05-29,0.76,0.776,11672376.0
2026-06-01,0.775,0.785,10470035.0
2026-06-02,0.784,0.79,10920030.0
2026-06-03,0.788,0.783,8585319.0
2026-06-04,0.782,0.774,5695287.0
2026-06-05,0.775,0.784,8765300.0
2026-06-08,0.786,0.789,11914830.0
2026-06-09,0.785,0.792,17928238.0
2026-06-10,0.792,0.806,15032324.0
2026-06-11,0.808,0.802,15307547.0
2026-06-12,0.797,0.814,15221494.0
2026-06-15,0.812,0.802,15501968.0
2026-06-16,0.8,0.792,10586862.0
2026-06-17,0.794,0.785,12399973.0
2026-06-18,0.785,0.766,18137100.0
2026-06-22,0.763,0.771,16598637.0
2026-06-23,0.769,0.778,12440689.0
2026-06-24,0.779,0.761,12409286.0
2026-06-25,0.757,0.753,12389226.0
2026-06-26,0.753,0.746,8951539.0
2026-06-29,0.745,0.75,12235335.0
2026-06-30,0.747,0.734,18072523.0
2026-07-01,0.732,0.737,11416374.0
2026-07-02,0.737,0.748,23445865.0
2026-07-03,0.744,0.747,10234475.0
2026-07-06,0.744,0.76,9878709.0
2026-07-07,0.759,0.759,16069101.0
2026-07-08,0.758,0.77,10262567.0
2026-07-09,0.764,0.761,10679433.0
2026-07-10,0.761,0.767,9640557.0
2026-07-13,0.764,0.779,15286525.0
2026-07-14,0.778,0.781,9956123.0
2026-07-15,0.775,0.79,20794657.0
2026-07-16,0.79,0.782,9342134.0
2026-07-17,0.784,0.789,24588320.0
2026-07-20,0.787,0.808,12381311.0
2026-07-21,0.808,0.79,19299347.0
2026-07-22,0.789,0.799,11915198.0
2026-07-23,0.797,0.803,14238102.0
2026-07-24,0.805,0.804,14502459.0
2026-07-27,0.807,0.805,8936742.0
2026-07-28,0.807,0.818,20026958.0
2026-07-29,0.819,0.819,16290968.0
2026-07-30,0.819,0.84,11737850.0
2026-07-31,0.826,0.836,18988517.0
2026-08-03,0.827,0.831,10082673.0
2026-08-04,0.829,0.811,17477870.0
2026-08-05,0.808,0.801,15199340.0
2026-08-06,0.803,0.805,13783040.0
2026-08-07,0.802,0.798,19505416.0
2026-08-10,0.795,0.803,12269717.0
2026-08-11,0.803,0.8,15736561.0
2026-08-12,0.8,0.8,7389279.0
2026-08-13,0.796,0.803,11291851.0
2026-08-14,0.8,0.797,9196196.0
2026-08-17,0.796,0.796,9489100.0
2026-08-18,0.795,0.802,12579866.0
2026-08-19,0.804,0.815,14662793.0
2026-08-20,0.809,0.818,15896790.0
2026-08-21,0.817,0.815,8870736.0
2026-08-24,0.815,0.827,12455985.0
2026-08-25,0.829,0.821,10466036.0
2026-08-26,0.82,0.829,10612223.0
2026-08-27,0.826,0.819,12818940.0
2026-08-28,0.817,0.817,7921564.0
2026-08-31,0.818,0.829,11130467.0
2026-09-01,0.826,0.846,12504530.0
2026-09-02,0.846,0.844,11083259.0
2026-09-03,0.841,0.84,11451454.0
2026-09-04,0.839,0.848,11330447.0
2026-09-07,0.849,0.835,12217561.0
2026-09-08,0.835,0.839,8454543.0
2026-09-09,0.838,0.842,7525951.0
2026-09-10,0.842,0.853,12090474.0
2026-09-11,0.854,0.847,10656582.0
2026-09-14,0.849,0.856,11548937.0
2026-09-15,0.855,0.843,11048912.0
2026-09-16,0.845,0.839,14196516.0
2026-09-17,0.839,0.837,8853452.0
2026-09-18,0.834,0.835,8399671.0
2026-09-21,0.833,0.839,9917161.0
2026-09-22,0.836,0.839,7121288.0
2026-09-23,0.836,0.833,7869560.0
2026-09-24,0.834,0.839,11503296.0
